MeetID,MeetPath,Federation,Date,MeetCountry,MeetState,MeetTown,MeetName
0,365strong/1601,365Strong,10/29/2016,USA,NC,Charlotte,2016 Junior & Senior National Powerlifting Championships
1,365strong/1602,365Strong,11/19/2016,USA,MO,Ozark,Thanksgiving Powerlifting Classic
2,365strong/1603,365Strong,7/9/2016,USA,NC,Charlotte,Charlotte Europa Games
3,365strong/1604,365Strong,6/11/2016,USA,SC,Rock Hill,Carolina Cup Push Pull Challenge
4,365strong/1605,365Strong,4/10/2016,USA,SC,Rock Hill,Eastern USA Challenge
5,365strong/1701,365Strong,4/22/2017,USA,NC,Charlotte,Charlotte Europa Games
6,365strong/1702,365Strong,1/21/2017,USA,GA,Martinez,New Year Challenge
7,365strong/1703,365Strong,6/10/2017,USA,MO,Lake Ozark,Midwest Regionals
8,365strong/1704,365Strong,7/15/2017,USA,SC,Rock Hill,Victory Cup Challenge
9,365strong/1705,365Strong,8/12/2017,USA,NC,Fayetteville,Eastern Regional Championship
10,365strong/1706,365Strong,9/30/2017,USA,IN,Evansville,Ohio Valley Regional Open Powerlifting Championships
11,365strong/1707,365Strong,9/30/2017,USA,IN,Evansville,US Masters Open
12,365strong/1708,365Strong,10/28/2017,USA,NC,Charlotte,2017 Men & Women National Powerlifting Championships
13,365strong/1709,365Strong,12/9/2017,USA,SC,Conway,East Coast Conflict
14,aau/1601,AAU,7/9/2016,USA,CA,San Jose,Kindred NorCal Powerlifting Championships
15,aau/1602,AAU,9/23/2016,USA,NV,Las Vegas,2016 AAU Worlds
16,aau/1701,AAU,2/25/2017,USA,CA,San Diego,So Cal Meet
17,aau/1702,AAU,5/20/2017,USA,CA,Los Angeles,Battle of Los Angeles
18,aau/1703,AAU,2/11/2017,USA,CA,Santa Barbara,Central California Meet
19,aau/1704,AAU,3/18/2017,USA,CA,Santa Clara,American Meet
20,aau/1705,AAU,1/21/2017,USA,NV,Las Vegas,Sin City Powerlifting
21,adfpa/9501,ADFPA,7/15/1995,USA,PA,Wilkes-Barre,Men's Nationals
22,apa/1001,APA,11/13/2010,USA,FL,,Ironfest Challenge
23,apa/1002,APA,4/17/2010,USA,,,Raw Nationals
24,apa/1401,APA,10/4/2014,USA,OR,Portland,Elite Fall Classic
25,apa/1601,APA,1/30/2016,USA,OR,Portland,APA Winter Classic
26,apa/1602,APA,4/16/2016,USA,OR,Clackamas,Elite Spring Challenge District 7 Regionals
27,apa/1701,APA,1/21/2017,USA,AK,Searcy,Rhino Open Championships
28,apa/1702,APA,8/5/2017,USA,MI,Metamora,Michigan Summer Iron Bash
29,apa/1703,APA,7/29/2017,USA,AL,Tuscaloosa,Raw Wars III
30,apa/1704,APA,7/22/2017,USA,MO,Ellisville,Missouri Raw Summer Iron Bash
31,apa/1705,APA,7/15/2017,USA,TX,El Paso,Lone Star Raw Championships
32,apa/1706,APA,5/20/2017,USA,OH,Lebanon,Raw Nationals
33,apa/1707,APA,7/8/2017,USA,AR,Newport,Southern States
34,apa/1708,APA,6/17/2017,USA,NJ,Hillsborough,Garden State Raw Championships
35,apa/1709,APA,6/10/2017,USA,AR,Harrison,Clash of the Iron Warriors
36,apa/1710,APA,5/20/2017,USA,FL,Largo,Blessed Iron Bash
37,apa/1711,APA,5/13/2017,USA,MS,Philadelphia,Mississippi State Championships
38,apa/1712,APA,5/13/2017,USA,VT,Brattleboro,30th Can-Am International Championships
39,apa/1713,APA,4/15/2017,USA,TX,McAllen,Region 6 Championships
40,apa/1714,APA,4/1/2017,USA,TX,El Paso,Sun City Championships
41,apa/1715,APA,2/18/2017,USA,AR,Harrison,Arkansas Raw Championships
42,apa/1716,APA,8/19/2017,USA,AR,Conway,Battle of the Badasses
43,apa/1717,APA,9/2/2017,USA,MO,Leadington,Ozark Open
44,apa/1718,APA,4/22/2017,USA,MO,Jackson,ShowMe State Raw Championships
45,apa/1719,APA,3/25/2017,USA,UT,St. George,Utah Open Raw Championships
46,apa/1720,APA,1/21/2017,USA,FL,Largo,Thunderbay Throwdown
47,apa/1721,APA,10/7/2017,USA,TX,Weslaco,US Open
48,apa/1722,APA,9/23/2017,USA,UT,St. George,West Coast Raw Championships
49,apa/1723,APA,9/16/2017,USA,MI,Clawson,4th Annual Wolverine Open Raw Championships
50,apa/1724,APA,12/9/2017,USA,AR,Harrison,Rocky Memorial VIII
51,apa/1725,APA,2/11/2017,USA,MS,Philadelphia,Magnolia Open Championships
52,apa/1726,APA,1/21/2017,USA,OR,Portland,Winter Classic
53,apa/1727,APA,2/25/2017,USA,MO,Park Hills,District 5 Regional Championships
54,apa/1728,APA,3/18/2017,USA,MI,St. John's,Michigan Open Championships
55,apc/1701,APC,6/24/2017,USA,GA,Gainesville,15th Annual Nationals
56,apc/1702,APC,3/18/2017,USA,GA,Gainesville,Georgia State Championships
57,apc/1703,APC,3/11/2017,USA,FL,,Florida Panhandle Dominion
58,apf/1101,APF,10/29/2011,USA,FL,Orlando,APF-AAPF Southern States
59,apf/1401,WPC,11/10/2014,USA,FL,,World Championships
60,apf/1501,APF,6/12/2015,USA,MI,Grand Rapids,2015 APF Raw Nationals
61,apf/1502,APF,4/15/2015,USA,FL,,Gulf Coast Winter Bash
62,apf/1601,APF,8/6/2016,USA,ME,Westbrook,2016 APF Maine State Powerlifting
63,apf/1602,WPC,8/6/2016,USA,MI,Grand Rapids,2016 WPC Single Lift Championships
64,apf/1603/aapf,AAPF,7/30/2016,USA,ND,Fargo,AAPF North Dakota Championship
65,apf/1603/apf,APF,7/30/2016,USA,ND,Fargo,APF North Dakota Championship
66,apf/1604/aapf,AAPF,7/30/2016,USA,IL,Chicago,Chicago Summer Bash 13
67,apf/1604/apf,APF,7/30/2016,USA,IL,Chicago,Chicago Summer Bash 13
68,apf/1605,WPC,8/27/2016,USA,FL,Jacksonville,WPC Open Challenge
69,apf/1606,CAPO,8/13/2016,Australia,NSW,Cronulla,CAPO/WPC 3-Lift National Titles
70,apf/1607,APF,5/6/2016,USA,IL,Lombard,APF Raw Nationals
71,apf/1608,APF,5/27/2016,USA,FL,Orlando,APF Equipped Nationals
72,apf/1609,APF,9/24/2016,USA,SD,Chamberlain,Midwest Iron Reaping
73,apf/1610,APF,10/7/2016,USA,MI,Grand Rapids,2016 Michigan APF Fall Open
74,apf/1611,APF,9/17/2016,USA,FL,,OPI Open
75,apf/1612,WPC,10/1/2016,Finland,,Helsinki,Metal Nutrition Power Expo 2016
76,apf/1613,APF,9/17/2016,USA,CA,Fresno,2016 APF California Fall Classic
77,apf/1614,WPC,11/7/2016,USA,LA,Baton Rouge,2016 WPC Worlds
78,apf/1615,APF,10/29/2016,USA,IL,,2016 Beast of the Bench
79,apf/1616,APF,10/29/2016,USA,IL,,2016 Rise of the Deadlift
80,apf/1617,APF,10/22/2016,USA,FL,,Southern States Championships
81,apf/1618,APF,11/4/2016,USA,ME,Westbrook,New England Powerlifting & Bench Press Championships
82,apf/1619,APF,12/3/2016,USA,FL,New Port Richey,Gulf Coast Winter Bash
83,apf/1620,APF,12/17/2016,USA,IL,,IL Raw Power Challenge
84,apf/1621,APF,4/2/2016,USA,IL,,Illinois State Meet
85,apf/1701,APF,4/1/2017,USA,FL,Tampa,Gulfcoast
86,apf/1702,APF,4/22/2017,USA,IL,,AAPF IL High School Championships
87,apf/1703,WPC,3/25/2017,Finland,,Juva,Finnish Nationals
88,apf/1704,APF,5/7/2017,USA,FL,Lake Buena Vista,Raw National Championships
89,apf/1705,APF,5/6/2017,USA,ME,Portland,Maine State Championship
90,apf/1706,APF,2/4/2017,USA,CA,Santa Maria,California Central Coast Open
91,apf/1707,APF,4/22/2017,USA,OR,Portland,Spring Challenge
92,apf/1708,APF,5/26/2017,USA,IL,Lombard,AAPF Nationals 2017
93,apf/1709,APF,4/30/2017,USA,IL,,ILPL Meet for MDA
94,apf/1710,WPC,4/15/2017,Ireland,,Limerick,Irish Pro Invitational 2
95,apf/1711,APF,3/25/2017,USA,IA,,Armed Forces Show and Iowa and Nebraska State Championships
96,apf/1712,APF,6/15/2017,USA,FL,,APF Equipped Nationals
97,apf/1713,APF,3/25/2017,USA,IL,,IL State Meet
98,apf/1714,APF,5/20/2017,USA,ID,,Teton Powerlifting Championships
99,apf/1715,WPC,7/3/2017,Finland,,Helsinki,European Championships
100,apf/1716,APF,7/22/2017,USA,,,Show of Strength
101,apf/1717,APF,7/16/2017,USA,TX,,Texas Firefighter
102,apf/1718,APF,6/10/2017,USA,UT,,Utah State Championships
103,apf/1719,WPC,8/5/2017,USA,MI,Grand Rapids,Single Lift Championships
104,apf/1720,APF,3/11/2017,USA,MI,,Michigan State Meet
105,apf/1721,APF,8/5/2017,USA,ME,Westbrook,Maine State Push-Pull
106,apf/1722,APF,7/29/2017,USA,IL,Chicago,Chicago Summer Bash 14
107,apf/1723,APF,1/7/2017,USA,SC,Ft. Jackson,Victory Starts Here
108,apf/1724,APF,4/29/2017,USA,CA,,Cal State Meet
109,apf/1725,APF,2/4/2017,USA,SD,,SD State Powerlifting Championships
110,apf/1726,WPC,8/31/2017,USA,ID,,WPC/AWPC World Cup
111,apf/1727,APF,9/9/2017,USA,OH,,Ohio State Meet
112,apf/1728,WPC,9/8/2017,USA,IL,,AWPC Worlds
113,apf/1729,APF,7/29/2017,USA,ND,,North Dakota Powerlifting Championship
114,apf/1730,APF,9/24/2017,USA,SC,,Pro Fitness Go Heavy or Go Home
115,apf/1731,APF,2/19/2017,USA,FL,,Florida State Championships
116,apf/1732,APF,10/7/2017,USA,MI,Grand Rapids,Fall Open
117,apf/1733,APF,9/30/2017,USA,SD,Chamberlain,Midwest Iron Reaping
118,apf/1734,APF,10/7/2017,USA,MS,Moss Point,Power Pit Classic
119,apf/1735,APF,10/28/2017,USA,IL,,Rise of the Deadlift & Bench of the Beast
120,apf/1736,APF,11/18/2017,USA,IL,,2XL Intro to Powerlifting
121,apf/1737,APF,12/2/2017,USA,FL,,Gulf Coast Winter Bash
122,apf/1738,APF,12/15/2017,USA,IL,,Illinois Raw Power Challenge
123,apf/1739,APF,12/16/2017,USA,MS,,The Legendary Push-Pull
124,apf/1740,APF,12/2/2017,USA,MN,,Twin Cities Barbell Holiday Throwdown IV
125,asianpf/8401,AsianPF,7/19/1984,Indonesia,,Bandung,1st Asian Powerlifting Championship
126,bb/0901,BB,12/5/2009,Russia,,,Unlimited Force
127,bb/0902,BB,9/29/2009,Russia,,,Nutrasport Elite Cup
128,bb/0903,BB,5/23/2009,Russia,,,Clear Victory
129,bb/0904,BB,12/19/2009,Russia,,,National Championship
130,bb/1001,BB,12/18/2010,Russia,,Moscow,Worldlifting 2010
131,bb/1002,BB,5/14/2010,Russia,,Moscow,European RAW Powerlifting and Bench Press Championship
132,bb/1003,BB,3/7/2010,Russia,,,Russian Hero
133,bb/1004,BB,12/18/2010,Russia,,,National Championship
134,bb/1101,BB,12/10/2011,Russia,,,2011 National Championship
135,bb/1102,BB,5/28/2011,Russia,,Moscow,Eurolifting 2011
136,bb/1201,BB,4/27/2012,Russia,,Moscow,European Raw Pro Bench Press Championship
137,bp/1401,BP,10/4/2014,UK,,Dover,British Classic Mens Powerlifting Championships 2014
138,bp/1402,BP,7/12/2014,UK,,,British Senior & Junior Equipped Powerlifting Championships
139,bp/1403,BP,3/16/2014,UK,,Horncastle,British Equipped Masters Powerlifting Championships
140,bp/1404,BP,3/15/2014,UK,,Horncastle,British Classic Masters Powerlifting Championships
141,bp/1405,BP,1/15/2014,UK,,,British Equipped Bench Press Championships
142,bp/1406,BP,9/20/2014,UK,,London,British Women's Classic Championships
143,bp/1407,BP,11/29/2014,UK,,Glasgow,Four Nations
144,bp/1501,BP,10/24/2015,UK,,Ashington,Home Nations Championship 2015
145,bp/1502,BP,10/3/2015,UK,,,British Mens Classic Championships 2015
146,bp/1503,BP,9/19/2015,UK,,,British Womens Classic Championships 2015
147,bp/1504,BP,10/31/2015,UK,,,British Junior Classic Championships 2015
148,bp/1505,BP,11/4/2015,UK,,,British Equipped Championships 2015
149,bp/1506,BP,7/3/2015,UK,,Horncastle,British Classic Masters 2015
150,bp/1507,BP,8/2/2015,UK,,Horncastle,British Classic Bench Press Championships
151,bp/1508,BP,2/7/2015,UK,,Horncastle,British Equipped Bench Press Championships
152,bp/1601,BP,10/1/2016,UK,,Northamptonshire,British Classic Men 2016
153,bp/1602,BP,9/17/2016,UK,,Horncastle,Women's British Classic Championship
154,bp/1603,BP,1/23/2016,UK,,Horncastle,British Bench Press Championship 2016
155,bp/1604,BP,3/27/2016,UK,,Gosport,British Equipped Powerlifting Championships 2016
156,bp/1701,BP,1/15/2017,UK,,,British Classic Bench Press Championships
157,bp/1702,BP,1/16/2017,UK,,,British Equipped Bench Press Championships
158,bp/1703,BP,2/25/2017,UK,,,British Equipped Championships
159,bp/1704,BP,3/11/2017,UK,,,British Masters Classic
160,bp/1705,BP,3/25/2017,UK,,,British University Championships
161,bp/1706,BP,7/29/2017,UK,,,British Women's Classic Championships
162,bp/1707,BP,10/21/2017,UK,,,British Men's Classic Championships
163,bp/1708,BP,11/4/2017,UK,,,Four Nations Championships
164,bp/1709,BP,11/25/2017,UK,,,British Junior Classic Championships
165,bp/1710,BP,12/9/2017,UK,,,British Masters Classic Qualifier
166,bp/1801,BP,1/21/2018,UK,,Horncastle,British Equipped Bench Press Championships
167,bp/1802,BP,1/20/2018,UK,,Horncastle,British Equipped Powerlifting Championships
168,bpu/1701,BPU,11/11/2017,England,,Macclesfield,Northern Qualifiers
169,capo/1701,CAPO,6/3/2017,Australia,NSW,,NSW State Titles
170,capo/1702,CAPO,5/21/2017,Australia,SA,,SA State Titles
171,capo/1703,CAPO,4/30/2017,Australia,QLD,,QLD State Titles
172,capo/1704,CAPO,5/20/2017,Australia,VIC,,VIC State Titles
173,capo/1705,CAPO,4/25/2017,Australia,,,Anzac Day Competition
174,capo/1706,CAPO,10/7/2017,Australia,WA,Perth,Wild West Shootout 6
175,commonwealthpf/0501,CommonwealthPF,9/5/2005,England,,Northumberland,1st Mens Commonwealth Powerlifting Championships
176,commonwealthpf/0502,CommonwealthPF,9/5/2005,England,,Northumberland,1st Womens Commonwealth Powerlifting Championships
177,commonwealthpf/0701,CommonwealthPF,12/5/2007,New Zealand,,Christchurch,2007 Mens Commonwealth Powerlifting Championships
178,commonwealthpf/0702,CommonwealthPF,12/5/2007,New Zealand,,Christchurch,2007 Womens Commonwealth Powerlifting Championships
179,commonwealthpf/0901,CommonwealthPF,12/9/2009,India,MH,Pune,Commonwealth Powerlifting Championships 2009
180,commonwealthpf/0902,CommonwealthPF,12/9/2009,India,MH,Pune,Commonwealth Benchpress Championships 2009
181,commonwealthpf/1101,CommonwealthPF,12/16/2011,England,,Bournemouth,2011 Commonwealth Powerlifting Championships
182,commonwealthpf/1301,CommonwealthPF,12/5/2013,New Zealand,,Auckland,Commonwealth Mens Equipped Benchpress Championships 2013
183,commonwealthpf/1302,CommonwealthPF,12/4/2013,New Zealand,,Auckland,Commonwealth Mens Equipped Powerlifting Championships 2013
184,commonwealthpf/1303,CommonwealthPF,12/5/2013,New Zealand,,Auckland,Commonwealth Mens Raw Benchpress Championships 2013
185,commonwealthpf/1304,CommonwealthPF,12/6/2013,New Zealand,,Auckland,Commonwealth Mens Raw Powerlifting Championships 2013
186,commonwealthpf/1305,CommonwealthPF,12/5/2013,New Zealand,,Auckland,Commonwealth Womens Equipped Benchpress Championships 2013
187,commonwealthpf/1306,CommonwealthPF,12/5/2013,New Zealand,,Auckland,Commonwealth Womens Raw Benchpress Championships 2013
188,commonwealthpf/1307,CommonwealthPF,12/6/2013,New Zealand,,Auckland,Commonwealth Womens Raw Powerlifting Championships 2013
189,commonwealthpf/1308,CommonwealthPF,12/4/2013,New Zealand,,Auckland,Commonwealth Womens Equipped Powerlifting Championships 2013
190,commonwealthpf/1501,CommonwealthPF,12/1/2015,Canada,BC,Richmond,2015 Commonwealth Championships
191,cpf/0601,CPF,12/2/2006,Canada,ON,Toronto,Battle in Toronto
192,cpf/1501,CPF,11/20/2015,Canada,ON,Waterloo,6th Annual St David's Full Power Bash
193,cpf/1502,CPF,11/14/2015,Canada,QC,Longueuil,Napalm Push-Pull
194,cpf/1503,CPF,11/7/2015,Canada,NS,Amherst,Autumn Armageddon
195,cpf/1504,CPF,6/27/2015,Canada,ON,Toronto,CPF Nationals
196,cpf/1601,CPF,6/26/2016,Canada,NS,Amherst,2016 Pro Nationals
197,cpf/1602,CPF,12/17/2016,Canada,ON,Scarborough,Townson Fitness Christmas Special
198,cpf/1603,CPF,12/10/2016,Canada,ON,Toronto,Torque Pro Battle for Cash
199,cpf/1604,CPF,7/10/2016,Canada,NS,Digby,Lobster Bench Bash Smash for Cash
200,cpf/1605,CPF,1/30/2016,Canada,ON,Toronto,Quantum Pro Raw Classic
201,cpf/1606,CPF,11/19/2016,Canada,ON,Mississauga,Fall at Forge
202,cpf/1607,CPF,6/25/2016,Canada,NS,Amherst,2016 Amateur Nationals
203,cpf/1608,CPF,3/19/2016,Canada,ON,Toronto,Torque Powerlifting Classic
204,cpf/1609,CPF,7/23/2016,Canada,AB,Edmonton,Evolve Bench Bash and BBQ
205,cpf/1610,CPF,2/6/2016,Canada,NS,Amherst,APC In-House Power Challenge
206,cpf/1611,CPF,11/5/2016,Canada,BC,Prince George,Northern Power Wars
207,cpf/1612,CPF,10/29/2016,Canada,ON,Toronto,Halloween Womens Only Pro/AM
208,cpf/1613,CPF,8/20/2016,Canada,NS,Amherst,CPF/APC In-House Summer Power Challenge
209,cpf/1614,CPF,7/16/2016,Canada,ON,Mississaugua,Forge Powerlifting Classic
210,cpf/1615,CPF,8/13/2016,Canada,ON,Kitchener,Warehouse Bench Bash for Cash
211,cpf/1616,CPF,12/3/2016,Canada,ON,Orleans,Barbell Assault
212,cpf/1617,CPF,9/17/2016,Canada,ON,Burlington,Womens Open
213,cpf/1618,CPF,5/28/2016,Canada,ON,Toronto,Amateur World Qualifiers
214,cpf/1619,CPF,2/19/2016,Canada,ON,Kitchener,Resurrection Push/Pull High School Meet
215,cpf/1620,CPF,5/21/2016,Canada,QC,Longueuil,The Earthquake
216,cpf/1621,CPF,4/16/2016,Canada,ON,Guelph,WPC Worlds Pro Qualifier
217,cpf/1622,CPF,5/13/2016,Canada,ON,Kitchener,High School National Championships
218,cpf/1623,CPF,5/7/2016,Canada,AB,Edmonton,Western Canadian Championships and WPC Qualifier
219,cpf/1624,CPF,4/30/2016,Canada,BC,Prince George,The Northern Powerlifting Classic
220,cpf/1625,CPF,4/9/2016,Canada,QC,Longueuil,Bench Wars
221,cpf/1626,CPF,3/26/2016,Canada,QC,Longueuil,March of Victory
222,cpf/1701,CPF,1/28/2017,Canada,AB,Edmonton,Winter Warm Up
223,cpf/1702,CPF,6/3/2017,Canada,ON,Guelph,CPF Nationals 2017
224,cpf/1703,CPF,1/28/2017,Canada,ON,Kitchener,Judgment Day
225,cpf/1704,CPF,5/27/2017,Canada,NS,Amherst,Summer Power Blast
226,cpf/1705,CPF,5/26/2017,Canada,ON,Kitchener,High School Championship
227,cpf/1706,CPF,5/6/2017,Canada,BC,Prince George,2017 GPC Nationals and CPF Western Canadian Championships
228,cpf/1707,CPF,6/17/2017,Canada,QC,Longueuil,The SSP Barbell Club Bench Meet
229,cpf/1708,CPF,4/30/2017,Canada,ON,Toronto,All in One Masters Challenge
230,cpf/1709,CPF,4/22/2017,Canada,ON,Toronto,Torque Tournament of Champions Qualifier 2
231,cpf/1710,CPF,3/31/2017,Canada,ON,Waterloo,8th Annual RCSS Push/Pull Meet
232,cpf/1711,CPF,2/25/2017,Canada,ON,Toronto,Tournament of Champions Qualifier 1
233,cpf/1712,CPF,2/4/2017,Canada,QC,Longueuil,SSP Barbell Club Winter Open
234,cpf/1713,CPF,1/28/2017,Canada,NS,Amherst,Winter Power Challenge
235,cpf/1714,CPF,7/8/2017,Canada,ON,Mississauga,2nd Annual Forge Powerlifting Classic
236,cpf/1715,CPF,7/22/2017,Canada,ON,Barrie,APS Summer Slam PRO
237,cpf/1716,CPF,8/19/2017,Canada,ON,Orleans,Raw Bench Bash
238,cpf/1717,CPF,9/9/2017,Canada,ON,Hamilton,Tournament of Champions Qualifier 3
239,cpf/1718,CPF,9/16/2017,Canada,ON,Vaughan,Women's Open
240,cpf/1719,CPF,9/30/2017,Canada,AB,Edmonton,Summer Send Off
241,cpf/1720,CPF,9/30/2017,Canada,QC,Longueuil,The Battle Begins
242,cpf/1722,CPF,11/12/2017,Canada,ON,Barrie,APS Memorial Classic
243,cpf/1723,CPF,11/4/2017,Canada,SK,Regina,Shell Shock II
244,cpf/1724,CPF,11/4/2017,Canada,NS,Milford,Renfrew Full Power Fall Classic
245,cpf/1725,CPF,11/4/2017,Canada,BC,Prince George,Northern Powerlifting Classic
246,cpf/1726,CPF,11/24/2017,Canada,ON,Kitchener,8th Annual WCDSB Push/Pull
247,cpf/1727,CPF,12/2/2017,Canada,ON,Orleans,Barbell Assault 2.0
248,cpf/1728,CPF,12/16/2017,Canada,ON,Scarborough,Townson Fitness Xmas Special and Tournament of Champions Finals
249,cpl/1401,CPL,7/26/2014,Canada,BC,Prince George,Canadian Powerlifting League National Championships
250,cpl/1501,CPL,6/6/2015,Canada,BC,Prince George,Western Canadian Bash
251,cpl/1502,CPL,7/25/2015,Canada,BC,Vancouver,Vancouver PRO-AM Expo
252,cpl/1503,CPL,8/29/2015,Canada,AB,Red Deer,CPL Red Deer Nationals 2015
253,cpl/1601,CPL,7/9/2016,Canada,BC,Vancouver,2016 Canadian Cup
254,cpl/1602,CPL,8/20/2016,Canada,AB,Red Deer,Canadian National Championships
255,cpl/1603,CPL,11/26/2016,Canada,AB,Edmonton,CPL Shell Shock
256,cpl/1701,CPL,3/4/2017,Canada,ON,Toronto,Eastern Canada Regional Opener
257,cpl/1702,CPL,7/8/2017,Canada,BC,Vancouver,Vancouver Pro-Am and Expo
258,cpl/1703,CPL,8/12/2017,Canada,,,National Championship
259,cpl/1704,CPL,8/26/2017,Canada,QC,Montreal,Montreal Provincials
260,cpl/1705,CPL,9/9/2017,Canada,ON,Kingston,EPC Strength Showdown
261,cpl/1706,CPL,12/12/2017,Canada,ON,Ontario,EPC Finals
262,cpu/1979-08-04-2cc667f7,CPU,8/4/1979,Canada,QC,,Canadian Championships
263,cpu/1983-06-18-a4ab573f,CPU,6/18/1983,Canada,AB,Pincher Creek,1983 APU Provincials
264,cpu/1984-02-25-84392b74,CPU,2/25/1984,Canada,AB,Stettler,1984 APU Provincials
265,cpu/1984-05-19-f7cd2b22,CPU,5/19/1984,Canada,AB,Pincher Creek,1984 Western Canadians
266,cpu/1985-11-30-a83aef3c,CPU,11/30/1985,Canada,AB,Lethbridge,Lethbridge Open
267,cpu/1986-01-01-88abfb1a,CPU,1/1/1986,Canada,AB,Edmonton,Edmonton Novice
268,cpu/1986-03-08-5005bbb3,CPU,3/8/1986,Canada,AB,Edmonton,1986 APU Provincials
269,cpu/1986-07-19-98064b01,CPU,7/19/1986,Canada,AB,,Alberta Open
270,cpu/1986-11-08-98064b01,CPU,11/8/1986,Canada,AB,,Alberta Open
271,cpu/1987-02-28-d7a370f0,CPU,2/28/1987,Canada,AB,Medicine Hat,1987 APU Provincials
272,cpu/1988-03-12-11214325,CPU,3/12/1988,Canada,AB,Taber,1988 APU Provincials
273,cpu/1994-05-21-774d42a4,CPU,5/21/1994,Canada,NS,Antigonish,Canadian Nationals
274,cpu/1995-02-10-520e0322,CPU,2/10/1995,Canada,BC,Chilliwack,Nationals
275,cpu/1995-02-10-b2ebf14e,CPU,2/10/1995,Canada,BC,Chilliwack,Masters Nationals
276,cpu/1995-02-10-ca5f65ac,CPU,2/10/1995,Canada,BC,Chilliwack,Junior Nationals
277,cpu/1995-02-12-24692678,CPU,2/12/1995,Canada,BC,Chilliwack,BP Nationals
278,cpu/1995-02-12-b2ebf14e,CPU,2/12/1995,Canada,BC,Chilliwack,Masters Nationals
279,cpu/1995-02-12-e009bd29,CPU,2/12/1995,Canada,BC,Chilliwack,Junior BP Nationals
280,cpu/1995-05-21-520e0322,CPU,5/21/1995,Canada,ON,Ottawa,Nationals
281,cpu/1995-10-07-34ea97f0,CPU,10/7/1995,Canada,AB,Olds,CBSA Provincials
282,cpu/1995-10-07-f48c71c4,CPU,10/7/1995,Canada,AB,Olds,Junior Provincials
283,cpu/1995-10-07-f55d983d,CPU,10/7/1995,Canada,AB,Olds,Provincials
284,cpu/1995-10-07-fe0d8fc3,CPU,10/7/1995,Canada,AB,Olds,BP Provincials
285,cpu/1995-10-28-8f3dfbc2,CPU,10/28/1995,Canada,NS,Sydney,Annual Sydney Open
286,cpu/1995-11-05-5ac66569,CPU,11/5/1995,Canada,BC,Vancouver,1995 Fall Classic
287,cpu/1995-11-05-f55d983d,CPU,11/5/1995,Canada,BC,Vancouver,Provincials
288,cpu/1996-02-10-f55d983d,CPU,2/10/1996,Canada,BC,Nanaimo,Provincials
289,cpu/1996-02-17-230c3c3e,CPU,2/17/1996,Canada,MB,Steinbach,Special Olympics Provincials
290,cpu/1996-02-17-f55d983d,CPU,2/17/1996,Canada,MB,Steinbach,Provincials
291,cpu/1996-03-01-520e0322,CPU,3/1/1996,Canada,NS,Windsor,Nationals
292,cpu/1996-03-01-b2ebf14e,CPU,3/1/1996,Canada,NS,Windsor,Masters Nationals
293,cpu/1996-03-01-ca5f65ac,CPU,3/1/1996,Canada,NS,Windsor,Junior Nationals
294,cpu/1996-04-06-195ef634,CPU,4/6/1996,Canada,AB,Bonnyville,APU Blind Invitational Championship
295,cpu/1996-04-06-93ef9d8c,CPU,4/6/1996,Canada,AB,Bonnyville,APU Novice Invitational Championship
296,cpu/1996-04-06-9b73a2f0,CPU,4/6/1996,Canada,AB,Bonnyville,APU Special Olympics Invitational Championship
297,cpu/1996-04-06-aff04a37,CPU,4/6/1996,Canada,AB,Bonnyville,APU Invitational Championship
298,cpu/1996-05-17-520e0322,CPU,5/17/1996,Canada,AB,Leduc,Nationals
299,cpu/1996-05-19-24692678,CPU,5/19/1996,Canada,AB,Leduc,BP Nationals
300,cpu/1996-08-01-c1696e52,CPU,8/1/1996,Canada,NL,Cornerbrook,1996 August Classic
301,cpu/1996-09-28-6fa6cf43,CPU,9/28/1996,Canada,AB,Edmonton,Masters Provincials
302,cpu/1996-09-28-f48c71c4,CPU,9/28/1996,Canada,AB,Edmonton,Junior Provincials
303,cpu/1996-09-28-f55d983d,CPU,9/28/1996,Canada,AB,Edmonton,Provincials
304,cpu/1996-09-28-fe0d8fc3,CPU,9/28/1996,Canada,AB,Edmonton,BP Provincials
305,cpu/1996-10-18-ab7ec3d1,CPU,10/18/1996,Canada,QC,,Disabled BP Provincials
306,cpu/1996-10-18-f55d983d,CPU,10/18/1996,Canada,QC,,Provincials
307,cpu/1996-10-18-fe0d8fc3,CPU,10/18/1996,Canada,QC,,BP Provincials
308,cpu/1996-10-19-26a740b2,CPU,10/19/1996,Canada,BC,Grand Forks,1996 Fall Classic
309,cpu/1996-10-19-f55d983d,CPU,10/19/1996,Canada,BC,Grand Forks,Provincials
310,cpu/1996-11-22-c575a4da,CPU,11/22/1996,Canada,NS,Sherbrooke,St Mary's Open
311,cpu/1996-11-24-23755b03,CPU,11/24/1996,Canada,BC,Vancouver,Spartacus Winter Open
312,cpu/1997-02-02-19ef9880,CPU,2/2/1997,Canada,QC,Rimouski,Eastern Quebec Bench Press Qualifier
313,cpu/1997-02-02-956c8548,CPU,2/2/1997,Canada,QC,Rimouski,Eastern Quebec Powerlifting Qualifier
314,cpu/1997-03-01-24692678,CPU,3/1/1997,Canada,MB,Winnipeg,BP Nationals
315,cpu/1997-03-01-520e0322,CPU,3/1/1997,Canada,MB,Winnipeg,Nationals
316,cpu/1997-04-05-b2ebf14e,CPU,4/5/1997,Canada,NL,Cornerbrook,Masters Nationals
317,cpu/1997-04-05-ca5f65ac,CPU,4/5/1997,Canada,NL,Cornerbrook,Junior Nationals
318,cpu/1997-04-26-e20b5271,CPU,4/26/1997,Canada,AB,Vegreville,Vegreville Invitational Championships
319,cpu/1997-05-18-520e0322,CPU,5/18/1997,Canada,ON,Toronto,Nationals
320,cpu/1997-09-21-36c1f98e,CPU,9/21/1997,Canada,ON,Toronto,Toronto Open
321,cpu/1997-10-04-230c3c3e,CPU,10/4/1997,Canada,AB,Leduc,Special Olympics Provincials
322,cpu/1997-10-04-f55d983d,CPU,10/4/1997,Canada,AB,Leduc,Provincials
323,cpu/1997-10-04-fe0d8fc3,CPU,10/4/1997,Canada,AB,Leduc,BP Provincials
324,cpu/1997-10-18-f55d983d,CPU,10/18/1997,Canada,QC,,Provincials
325,cpu/1997-10-18-fe0d8fc3,CPU,10/18/1997,Canada,QC,,BP Provincials
326,cpu/1997-10-19-bba8a1c4,CPU,10/19/1997,Canada,BC,Chilliwack,1997 Fall Classic
327,cpu/1997-10-19-f55d983d,CPU,10/19/1997,Canada,BC,Chilliwack,Provincials
328,cpu/1997-11-08-0f192072,CPU,11/8/1997,Canada,PE,Charlottetown,Eastern Canadian BP Championships
329,cpu/1997-11-08-64617aa8,CPU,11/8/1997,Canada,PE,Charlottetown,Eastern Canadian Powerlifting Championships
330,cpu/1998-02-20-24692678,CPU,2/20/1998,Canada,SK,Moose Jaw,BP Nationals
331,cpu/1998-02-20-520e0322,CPU,2/20/1998,Canada,SK,Moose Jaw,Nationals
332,cpu/1998-02-20-934e8114,CPU,2/20/1998,Canada,SK,Moose Jaw,Masters BP Nationals
333,cpu/1998-02-20-b2ebf14e,CPU,2/20/1998,Canada,SK,Moose Jaw,Masters Nationals
334,cpu/1998-02-20-ca5f65ac,CPU,2/20/1998,Canada,SK,Moose Jaw,Junior Nationals
335,cpu/1998-02-20-e009bd29,CPU,2/20/1998,Canada,SK,Moose Jaw,Junior BP Nationals
336,cpu/1998-03-01-a672baf1,CPU,3/1/1998,Canada,BC,Nanaimo,BC Mens' Provincial Championship
337,cpu/1998-03-01-f55d983d,CPU,3/1/1998,Canada,BC,Nanaimo,Provincials
338,cpu/1998-04-04-3ca2331c,CPU,4/4/1998,Canada,AB,Calgary,Western Canadian BP Invitational
339,cpu/1998-04-04-c307bb8b,CPU,4/4/1998,Canada,AB,Calgary,Western Canadian Special Olympics Invitational
340,cpu/1998-04-04-c88d3ab8,CPU,4/4/1998,Canada,AB,Calgary,Western Canadian Open Invitational
341,cpu/1998-04-04-f55d983d,CPU,4/4/1998,Canada,QC,Baie-Comeau,Provincials
342,cpu/1998-04-04-fe0d8fc3,CPU,4/4/1998,Canada,QC,Baie-Comeau,BP Provincials
343,cpu/1998-04-25-f55d983d,CPU,4/25/1998,Canada,NL,Cornerbrook,Provincials
344,cpu/1998-04-25-fe0d8fc3,CPU,4/25/1998,Canada,NL,Cornerbrook,BP Provincials
345,cpu/1998-05-17-520e0322,CPU,5/17/1998,Canada,BC,Richmond,Nationals
346,cpu/1998-06-13-280ca179,CPU,6/13/1998,Canada,,,1998 Lower Mainland Open
347,cpu/1998-06-13-56f53beb,CPU,6/13/1998,Canada,,,1998 Lower Mainland BP Only
348,cpu/1998-08-01-98aec0e1,CPU,8/1/1998,Canada,NL,,1998 YMCA August Classic
349,cpu/1998-09-13-478b879e,CPU,9/13/1998,Canada,QC,St-Lambert,1998 Southern Quebec Open Bench Press
350,cpu/1998-10-03-f55d983d,CPU,10/3/1998,Canada,AB,Vegreville,Provincials
351,cpu/1998-10-03-fe0d8fc3,CPU,10/3/1998,Canada,AB,Vegreville,BP Provincials
352,cpu/1998-10-10-ed3c1532,CPU,10/10/1998,Canada,BC,Coquitlam,1998 Fall Classic
353,cpu/1998-10-10-f55d983d,CPU,10/10/1998,Canada,BC,Coquitlam,Provincials
354,cpu/1998-10-24-8dc59241,CPU,10/24/1998,Canada,SK,Moose Jaw,Moose Jaw Open Powerlifting
355,cpu/1998-10-24-b0b051ca,CPU,10/24/1998,Canada,SK,Moose Jaw,Moose Jaw Special Olympics Powerlifting
356,cpu/1998-11-07-05b6fedf,CPU,11/7/1998,Canada,QC,Rimouski,1998 Eastern Quebec Powerlifting Qualifier
357,cpu/1998-11-07-7c899e8f,CPU,11/7/1998,Canada,QC,Rimouski,1998 Eastern Quebec Bench Press Qualifier
358,cpu/1998-11-07-c20f38c2,CPU,11/7/1998,Canada,MB,Winnipeg,1998 Keystone Classic
359,cpu/1999-01-01-01fe09cc,CPU,1/1/1999,Canada,MB,Winnipeg,1999 Manitoba Open
360,cpu/1999-01-01-1eb2c044,CPU,1/1/1999,Canada,MB,Winnipeg,1999 Keystone Klassic
361,cpu/1999-01-24-656b83bf,CPU,1/24/1999,Canada,QC,Rock-Forest,QPF 1999 Winter Bench Press Challenge
362,cpu/1999-01-24-da68c4ec,CPU,1/24/1999,Canada,QC,Rock-Forest,QPF 1999 Winter Powerlifting Challenge
363,cpu/1999-01-30-acf5c857,CPU,1/30/1999,Canada,ON,Cornwall,1999 SDO Powerlifting Qualifier
364,cpu/1999-01-30-f55d983d,CPU,1/30/1999,Canada,ON,Cornwall,Provincials
365,cpu/1999-02-21-f55d983d,CPU,2/21/1999,Canada,BC,Surrey,Provincials
366,cpu/1999-03-05-24692678,CPU,3/5/1999,Canada,QC,Sherbrooke,BP Nationals
367,cpu/1999-03-05-520e0322,CPU,3/5/1999,Canada,QC,Sherbrooke,Nationals
368,cpu/1999-03-05-934e8114,CPU,3/5/1999,Canada,QC,Sherbrooke,Masters BP Nationals
369,cpu/1999-03-05-b2ebf14e,CPU,3/5/1999,Canada,QC,Sherbrooke,Masters Nationals
370,cpu/1999-03-05-ca5f65ac,CPU,3/5/1999,Canada,QC,Sherbrooke,Junior Nationals
371,cpu/1999-03-05-e009bd29,CPU,3/5/1999,Canada,QC,Sherbrooke,Junior BP Nationals
372,cpu/1999-03-20-0e2b6096,CPU,3/20/1999,Canada,ON,Guelph,1999 Guelph Open Powerlifting Championships
373,cpu/1999-05-01-8284bb08,CPU,5/1/1999,Canada,PE,Charlottetown,1999 CPU Men's Open
374,cpu/1999-05-15-1c66252f,CPU,5/15/1999,Canada,ON,London,London Open Powerlifting Championships
375,cpu/1999-05-16-f55d983d,CPU,5/16/1999,Canada,QC,Ste-Marie de Beauce,Provincials
376,cpu/1999-05-16-fe0d8fc3,CPU,5/16/1999,Canada,QC,Ste-Marie de Beauce,BP Provincials
377,cpu/1999-06-26-bcb902ff,CPU,6/26/1999,Canada,BC,Chilliwack,1999 Chilliwack Open
378,cpu/1999-06-26-d65e06e7,CPU,6/26/1999,Canada,MB,Winnipeg,1999 Manitoba Bench Only
379,cpu/1999-07-04-ae1150b4,CPU,7/4/1999,Canada,ON,Brockville,Megaton's Riverfest Open Deadlift Bench Press
380,cpu/1999-07-10-22d48f51,CPU,7/10/1999,Canada,ON,Toronto,1999 Toronto Blind Powerlifting Championships
381,cpu/1999-07-10-3e883c20,CPU,7/10/1999,Canada,ON,Toronto,1999 Toronto Open Powerlifting Championships
382,cpu/1999-08-06-a48e63fb,CPU,8/6/1999,Canada,MB,Winnipeg,1999 Manitoba Closed
383,cpu/1999-08-07-36f14cc1,CPU,8/7/1999,Canada,AB,Leduc,Master BP Provincials
384,cpu/1999-08-07-3a706d7a,CPU,8/7/1999,Canada,AB,Leduc,Junior BP Provincials
385,cpu/1999-08-07-53c94874,CPU,8/7/1999,Canada,AB,Leduc,Western Canadian Championships
386,cpu/1999-08-07-6fa6cf43,CPU,8/7/1999,Canada,AB,Leduc,Masters Provincials
387,cpu/1999-08-07-cc43c217,CPU,8/7/1999,Canada,NL,,1999 Classic Powerlifting Championships
388,cpu/1999-08-07-f48c71c4,CPU,8/7/1999,Canada,AB,Leduc,Junior Provincials
389,cpu/1999-08-07-f55d983d,CPU,8/7/1999,Canada,AB,Leduc,Provincials
390,cpu/1999-08-07-fe0d8fc3,CPU,8/7/1999,Canada,AB,Leduc,BP Provincials
391,cpu/1999-08-22-de13fe40,CPU,8/22/1999,Canada,ON,Ottawa,1999 Eastern Ontario Open Powerlifting Championships
392,cpu/1999-09-12-27b91044,CPU,9/12/1999,Canada,QC,St-Lambert,1999 Southern Quebec Bench Press Challenge
393,cpu/1999-10-23-22d6a069,CPU,10/23/1999,Canada,PE,Charlottetown,Eastern Canadian Powerlifting Open
394,cpu/1999-10-23-64617aa8,CPU,10/23/1999,Canada,PE,Charlottetown,Eastern Canadian Powerlifting Championships
395,cpu/1999-10-24-f55d983d,CPU,10/24/1999,Canada,ON,North Bay,Provincials
396,cpu/1999-10-30-7033f444,CPU,10/30/1999,Canada,BC,Coquitlam,1999 Fall Classic
397,cpu/1999-11-05-b7955616,CPU,11/5/1999,Canada,SK,Moose Jaw,1999 Saskatchewan Open Powerlifting
398,cpu/1999-11-05-eb2871bf,CPU,11/5/1999,Canada,SK,Moose Jaw,1999 Saskatchewan Special Olympics Powerlifting
399,cpu/1999-11-05-ef2fad29,CPU,11/5/1999,Canada,SK,Moose Jaw,1999 Saskatchewan Powerlifting
400,cpu/1999-11-21-4f79dadb,CPU,11/21/1999,Canada,ON,Toronto,1999 Toronto Open Bench Press Championships
401,cpu/1999-11-21-96820ed6,CPU,11/21/1999,Canada,ON,Toronto,1999 Toronto Open Dead Lift Championships
402,cpu/1999-11-27-4f8ccddd,CPU,11/27/1999,Canada,QC,Beauceville,Beaceville Fall Powerlifting Championships
403,cpu/1999-11-27-8ba55523,CPU,11/27/1999,Canada,QC,Beauceville,Beaceville Fall Open Powerlifting Championships
404,cpu/1999-11-27-f163842e,CPU,11/27/1999,Canada,AB,Calgary,APU Bench Press Championships
405,cpu/1999-11-27-f3e120ed,CPU,11/27/1999,Canada,AB,Calgary,APU Powerlifting Championships
406,cpu/1999-12-05-adf75bd4,CPU,12/5/1999,Canada,ON,Guelph,1999 Guelph Invitational Powerlifting Championships
407,cpu/1999-12-11-a8d41d2a,CPU,12/11/1999,Canada,NL,,1999 Newfoundland Bench Only Meet
408,cpu/1999-12-11-bfe986d5,CPU,12/11/1999,Canada,NL,,1999 Newfoundland Open
409,cpu/1999-12-18-6fa6cf43,CPU,12/18/1999,Canada,ON,Toronto,Masters Provincials
410,cpu/1999-12-18-f48c71c4,CPU,12/18/1999,Canada,ON,Toronto,Junior Provincials
411,cpu/1999-12-18-fe0d8fc3,CPU,12/18/1999,Canada,ON,Toronto,BP Provincials
412,cpu/2000-01-08-1346c372,CPU,1/8/2000,Canada,ON,Toronto,Ontario SDO Regional Powerlifting Championship
413,cpu/2000-01-08-153c55bd,CPU,1/8/2000,Canada,ON,Toronto,Ontario Regional Powerlifting Championship
414,cpu/2000-01-29-f55d983d,CPU,1/29/2000,Canada,QC,Rimouski,Provincials
415,cpu/2000-01-29-fe0d8fc3,CPU,1/29/2000,Canada,QC,Rimouski,BP Provincials
416,cpu/2000-02-24-96cbd582,CPU,2/24/2000,Canada,SK,Moose Jaw,CBSA Nationals
417,cpu/2000-02-25-520e0322,CPU,2/25/2000,Canada,SK,Moose Jaw,Nationals
418,cpu/2000-02-25-b2ebf14e,CPU,2/25/2000,Canada,SK,Moose Jaw,Masters Nationals
419,cpu/2000-02-25-ca5f65ac,CPU,2/25/2000,Canada,SK,Moose Jaw,Junior Nationals
420,cpu/2000-02-26-520e0322,CPU,2/26/2000,Canada,SK,Moose Jaw,Nationals
421,cpu/2000-02-26-b2ebf14e,CPU,2/26/2000,Canada,SK,Moose Jaw,Masters Nationals
422,cpu/2000-02-26-ca5f65ac,CPU,2/26/2000,Canada,SK,Moose Jaw,Junior Nationals
423,cpu/2000-02-27-24692678,CPU,2/27/2000,Canada,SK,Moose Jaw,BP Nationals
424,cpu/2000-02-27-934e8114,CPU,2/27/2000,Canada,SK,Moose Jaw,Masters BP Nationals
425,cpu/2000-02-27-e009bd29,CPU,2/27/2000,Canada,SK,Moose Jaw,Junior BP Nationals
426,cpu/2000-03-25-1fc11d66,CPU,3/25/2000,Canada,NL,,2001 Open Powerlifting Meet
427,cpu/2000-03-25-47dfb44e,CPU,3/25/2000,Canada,NL,,2002 Open Powerlifting Meet
428,cpu/2000-03-25-59eac041,CPU,3/25/2000,Canada,NL,,2000 High School Powerlifting Meet
429,cpu/2000-03-25-9ee47841,CPU,3/25/2000,Canada,NL,,2000 Open Powerlifting Meet
430,cpu/2000-03-25-c6fad169,CPU,3/25/2000,Canada,NL,,2003 Open Powerlifting Meet
431,cpu/2000-04-15-21d7bfed,CPU,4/15/2000,Canada,AB,Edmonton,PowerSurge 2000 BP Open
432,cpu/2000-04-15-d173cc4d,CPU,4/15/2000,Canada,AB,Edmonton,PowerSurge 2000 Open
433,cpu/2000-04-16-9e2643d5,CPU,4/16/2000,Canada,QC,Rock Forest,2000 OPA/QPF Powerlifting Challenge
434,cpu/2000-05-21-f55d983d,CPU,5/21/2000,Canada,BC,Vancouver,Provincials
435,cpu/2000-06-03-052e3d04,CPU,6/3/2000,Canada,ON,London,London Open Powerlifting Championship
436,cpu/2000-06-24-8e67cd0d,CPU,6/24/2000,Canada,BC,Burnaby,2000 Summer Open
437,cpu/2000-07-02-ae1150b4,CPU,7/2/2000,Canada,ON,Brockville,Megaton's Riverfest Open Deadlift Bench Press
438,cpu/2000-07-08-4c23e6e3,CPU,7/8/2000,Canada,ON,Toronto,7th Annual Toronto Open Powerlifting Meet
439,cpu/2000-07-08-55e9787e,CPU,7/8/2000,Canada,ON,Toronto,7th Annual Toronto Blind Powerlifting Meet
440,cpu/2000-08-05-a81b1d2f,CPU,8/5/2000,Canada,NL,Corner Brook,2000 August Classic
441,cpu/2000-08-05-af68eca5,CPU,8/5/2000,Canada,ON,Guelph,Eastern Central Canadian Open Powerlifting Championships
442,cpu/2000-09-16-936a848d,CPU,9/16/2000,Canada,QC,Levis,Quebec Push and Pull
443,cpu/2000-09-26-3225ef8e,CPU,9/26/2000,Canada,ON,Toronto,Ontario Senior Women and Intermediate Men Powerlifting Championships
444,cpu/2000-10-21-3a706d7a,CPU,10/21/2000,Canada,AB,Leduc,Junior BP Provincials
445,cpu/2000-10-21-6fa6cf43,CPU,10/21/2000,Canada,AB,Leduc,Masters Provincials
446,cpu/2000-10-21-7ff72a04,CPU,10/21/2000,Canada,AB,Leduc,Masters BP Provincials
447,cpu/2000-10-21-f48c71c4,CPU,10/21/2000,Canada,AB,Leduc,Junior Provincials
448,cpu/2000-10-21-f55d983d,CPU,10/21/2000,Canada,AB,Leduc,Provincials
449,cpu/2000-10-21-fe0d8fc3,CPU,10/21/2000,Canada,AB,Leduc,BP Provincials
450,cpu/2000-10-29-020273af,CPU,10/29/2000,Canada,BC,Chilliwack,2011 Fall Classic
451,cpu/2000-10-29-15af5707,CPU,10/29/2000,Canada,BC,Chilliwack,2008 Fall Classic
452,cpu/2000-10-29-26f64931,CPU,10/29/2000,Canada,BC,Chilliwack,2000 Fall Classic
453,cpu/2000-10-29-3f5ac62a,CPU,10/29/2000,Canada,BC,Chilliwack,2004 Fall Classic
454,cpu/2000-10-29-433be3f1,CPU,10/29/2000,Canada,BC,Chilliwack,2007 Fall Classic
455,cpu/2000-10-29-5a976cea,CPU,10/29/2000,Canada,BC,Chilliwack,2003 Fall Classic
456,cpu/2000-10-29-7e635674,CPU,10/29/2000,Canada,BC,Chilliwack,2012 Fall Classic
457,cpu/2000-10-29-86a11dc2,CPU,10/29/2000,Canada,BC,Chilliwack,2014 Fall Classic
458,cpu/2000-10-29-88a0b671,CPU,10/29/2000,Canada,BC,Chilliwack,2009 Fall Classic
459,cpu/2000-10-29-9f0d92d9,CPU,10/29/2000,Canada,BC,Chilliwack,2010 Fall Classic
460,cpu/2000-10-29-a255275c,CPU,10/29/2000,Canada,BC,Chilliwack,2005 Fall Classic
461,cpu/2000-10-29-bbf9a847,CPU,10/29/2000,Canada,BC,Chilliwack,2001 Fall Classic
462,cpu/2000-10-29-c7988d9c,CPU,10/29/2000,Canada,BC,Chilliwack,2002 Fall Classic
463,cpu/2000-10-29-de340287,CPU,10/29/2000,Canada,BC,Chilliwack,2006 Fall Classic
464,cpu/2000-10-29-e36cb702,CPU,10/29/2000,Canada,BC,Chilliwack,2013 Fall Classic
465,cpu/2000-11-04-6ea4db11,CPU,11/4/2000,Canada,PE,Charlottetown,2000 Eastern Canadian Championships
466,cpu/2000-11-25-6ab191be,CPU,11/25/2000,Canada,SK,Moose Jaw,2000 Western Canadian Powerlifting Championships
467,cpu/2000-11-25-a8836d2d,CPU,11/25/2000,Canada,SK,Moose Jaw,2000 Western Canadian Bench Press Championships
468,cpu/2000-11-26-c5cd583b,CPU,11/26/2000,Canada,ON,Toronto,8th Annual Toronto Open Deadlift Bench Press
469,cpu/2000-12-03-6fa6cf43,CPU,12/3/2000,Canada,ON,Brockville,Masters Provincials
470,cpu/2000-12-03-f48c71c4,CPU,12/3/2000,Canada,ON,Brockville,Junior Provincials
471,cpu/2000-12-03-fe0d8fc3,CPU,12/3/2000,Canada,ON,Brockville,BP Provincials
472,cpu/2001-01-01-d52f3662,CPU,1/1/2001,Canada,NS,,2001 Nova Scotia Open Powerlifting Competition
473,cpu/2001-02-17-088f2048,CPU,2/17/2001,Canada,AB,Airdrie,Alberta High School BP Championships
474,cpu/2001-02-17-28479fb3,CPU,2/17/2001,Canada,AB,Airdrie,Airdrie BP Open
475,cpu/2001-02-17-441ccdf0,CPU,2/17/2001,Canada,AB,Airdrie,Airdrie Open
476,cpu/2001-02-18-05160349,CPU,2/18/2001,Canada,BC,Vancouver,2001 BC Winter Open
477,cpu/2001-03-30-520e0322,CPU,3/30/2001,Canada,QC,Quebec City,Nationals
478,cpu/2001-03-30-96cbd582,CPU,3/30/2001,Canada,QC,Quebec City,CBSA Nationals
479,cpu/2001-03-30-b2ebf14e,CPU,3/30/2001,Canada,QC,Quebec City,Masters Nationals
480,cpu/2001-03-30-ca5f65ac,CPU,3/30/2001,Canada,QC,Quebec City,Junior Nationals
481,cpu/2001-04-01-24692678,CPU,4/1/2001,Canada,QC,Quebec City,BP Nationals
482,cpu/2001-04-01-934e8114,CPU,4/1/2001,Canada,QC,Quebec City,Masters BP Nationals
483,cpu/2001-04-01-e009bd29,CPU,4/1/2001,Canada,QC,Quebec City,Junior BP Nationals
484,cpu/2001-04-22-230c3c3e,CPU,4/22/2001,Canada,BC,Coquitlam,Special Olympics Provincials
485,cpu/2001-04-22-ab7ec3d1,CPU,4/22/2001,Canada,BC,Coquitlam,Disabled BP Provincials
486,cpu/2001-04-22-f55d983d,CPU,4/22/2001,Canada,BC,Coquitlam,Provincials
487,cpu/2001-04-22-fe0d8fc3,CPU,4/22/2001,Canada,BC,Coquitlam,BP Provincials
488,cpu/2001-04-28-3c13ded4,CPU,4/28/2001,Canada,QC,Ste Marie de Beauce,QPF Powerlifting Championship
489,cpu/2001-04-28-e119425c,CPU,4/28/2001,Canada,QC,Ste Marie de Beauce,QPF Novice and Open Powerlifting Championship
490,cpu/2001-05-05-67c673b8,CPU,5/5/2001,Canada,ON,Waterloo,12th Annual Deadlift Open
491,cpu/2001-05-26-06c4f2c1,CPU,5/26/2001,Canada,ON,London,8th Annual London Open Powerlifting Championships
492,cpu/2001-05-26-1c752c22,CPU,5/26/2001,Canada,ON,London,10th Annual London Open Powerlifting Championships
493,cpu/2001-05-26-32117137,CPU,5/26/2001,Canada,ON,London,6th Annual London Open Powerlifting Championships
494,cpu/2001-05-26-3af4e3b2,CPU,5/26/2001,Canada,ON,London,1st Annual London Open Powerlifting Championships
495,cpu/2001-05-26-78880643,CPU,5/26/2001,Canada,ON,London,5th Annual London Open Powerlifting Championships
496,cpu/2001-05-26-899cddd2,CPU,5/26/2001,Canada,ON,London,9th Annual London Open Powerlifting Championships
497,cpu/2001-05-26-932d0331,CPU,5/26/2001,Canada,ON,London,11th Annual London Open Powerlifting Championships
498,cpu/2001-05-26-a7239fdf,CPU,5/26/2001,Canada,ON,London,0th Annual London Open Powerlifting Championships
499,cpu/2001-05-26-bd495e24,CPU,5/26/2001,Canada,ON,London,7th Annual London Open Powerlifting Championships
500,cpu/2001-05-26-c13cc39c,CPU,5/26/2001,Canada,ON,London,2nd Annual London Open Powerlifting Championships
501,cpu/2001-05-26-d9b47445,CPU,5/26/2001,Canada,ON,London,12th Annual London Open Powerlifting Championships
502,cpu/2001-05-26-e3a1fe1c,CPU,5/26/2001,Canada,ON,London,3rd Annual London Open Powerlifting Championships
503,cpu/2001-05-26-f7d02950,CPU,5/26/2001,Canada,ON,London,4th Annual London Open Powerlifting Championships
504,cpu/2001-06-09-0547596c,CPU,6/9/2001,Canada,BC,New Westminster,BC Summer Open
505,cpu/2001-06-09-68457de9,CPU,6/9/2001,Canada,BC,New Westminster,BC High School BP Championships
506,cpu/2001-06-09-92af3b75,CPU,6/9/2001,Canada,BC,New Westminster,BC High School Powerlifting Championships
507,cpu/2001-06-23-bf6e9ff2,CPU,6/23/2001,Canada,MB,Winnipeg,2001 Can-Man Open
508,cpu/2001-06-23-d52f3662,CPU,6/23/2001,Canada,NS,,2001 Nova Scotia Open Powerlifting Competition
509,cpu/2001-08-05-cf942e4d,CPU,8/5/2001,Canada,ON,Guelph,Guelph Open Powerlifting Championships
510,cpu/2001-08-11-06738cbe,CPU,8/11/2001,Canada,NL,Corner Brook,2001 August Classic
511,cpu/2001-09-01-82ab554f,CPU,9/1/2001,Canada,AB,Calgary,2001 Western Canadian Bench Press Championships
512,cpu/2001-09-01-c927b9f2,CPU,9/1/2001,Canada,AB,Calgary,2001 Western Canadian Powerlifting Championships
513,cpu/2001-09-15-34ea97f0,CPU,9/15/2001,Canada,ON,Brockville,CBSA Provincials
514,cpu/2001-09-15-f55d983d,CPU,9/15/2001,Canada,ON,Brockville,Provincials
515,cpu/2001-11-11-1cc8386b,CPU,11/11/2001,Canada,BC,Williams Lake,BC Fall Classic
516,cpu/2001-11-11-9ee2d27b,CPU,11/11/2001,Canada,BC,Williams Lake,BC Fall Classic High School Division
517,cpu/2001-11-11-b093de16,CPU,11/11/2001,Canada,BC,Williams Lake,BC Fall Classic BP Division
518,cpu/2001-11-11-cf5a69d9,CPU,11/11/2001,Canada,BC,Williams Lake,BC Fall Classic Special Olympics
519,cpu/2001-11-11-f55d983d,CPU,11/11/2001,Canada,BC,Williams Lake,Provincials
520,cpu/2001-11-17-697810f5,CPU,11/17/2001,Canada,QC,St-Georges de Beauce,2001 Beauce Powerlifting Championships
521,cpu/2001-11-17-df39088a,CPU,11/17/2001,Canada,QC,St-Georges de Beauce,2001 Beauce Open Powerlifting Championships
522,cpu/2001-11-17-f55d983d,CPU,11/17/2001,Canada,AB,Wetaskiwin,Provincials
523,cpu/2001-11-17-fe0d8fc3,CPU,11/17/2001,Canada,AB,Wetaskiwin,BP Provincials
524,cpu/2001-12-01-0241be98,CPU,12/1/2001,Canada,PE,Charlottetown,1995 Eastern Canadian Powerlifting Championships
525,cpu/2001-12-01-0419bf6a,CPU,12/1/2001,Canada,PE,Charlottetown,1989 Eastern Canadian Bench Press Championships
526,cpu/2001-12-01-046c3749,CPU,12/1/2001,Canada,PE,Charlottetown,2001 Eastern Canadian Powerlifting Championships
527,cpu/2001-12-01-07976a15,CPU,12/1/2001,Canada,PE,Charlottetown,1990 Eastern Canadian Bench Press Championships
528,cpu/2001-12-01-1e237dba,CPU,12/1/2001,Canada,PE,Charlottetown,2001 Eastern Canadian Bench Press Championships
529,cpu/2001-12-01-2133f713,CPU,12/1/2001,Canada,PE,Charlottetown,1988 Eastern Canadian Powerlifting Championships
530,cpu/2001-12-01-2dbf5277,CPU,12/1/2001,Canada,PE,Charlottetown,1991 Eastern Canadian Bench Press Championships
531,cpu/2001-12-01-2e318708,CPU,12/1/2001,Canada,PE,Charlottetown,1988 Eastern Canadian Bench Press Championships
532,cpu/2001-12-01-340b45d8,CPU,12/1/2001,Canada,PE,Charlottetown,2000 Eastern Canadian Bench Press Championships
533,cpu/2001-12-01-3d8ac00d,CPU,12/1/2001,Canada,PE,Charlottetown,1996 Eastern Canadian Powerlifting Championships
534,cpu/2001-12-01-421c3d27,CPU,12/1/2001,Canada,PE,Charlottetown,1990 Eastern Canadian Powerlifting Championships
535,cpu/2001-12-01-53c71ad1,CPU,12/1/2001,Canada,PE,Charlottetown,1992 Eastern Canadian Bench Press Championships
536,cpu/2001-12-01-58f1d315,CPU,12/1/2001,Canada,PE,Charlottetown,1986 Eastern Canadian Bench Press Championships
537,cpu/2001-12-01-5efa6c80,CPU,12/1/2001,Canada,PE,Charlottetown,1998 Eastern Canadian Powerlifting Championships
538,cpu/2001-12-01-72d9eb77,CPU,12/1/2001,Canada,PE,Charlottetown,1987 Eastern Canadian Bench Press Championships
539,cpu/2001-12-01-79ef22b3,CPU,12/1/2001,Canada,PE,Charlottetown,1993 Eastern Canadian Bench Press Championships
540,cpu/2001-12-01-7dd743b2,CPU,12/1/2001,Canada,PE,Charlottetown,1993 Eastern Canadian Powerlifting Championships
541,cpu/2001-12-01-82a5df5f,CPU,12/1/2001,Canada,PE,Charlottetown,1989 Eastern Canadian Powerlifting Championships
542,cpu/2001-12-01-851fb3ff,CPU,12/1/2001,Canada,PE,Charlottetown,1995 Eastern Canadian Bench Press Championships
543,cpu/2001-12-01-8da7af44,CPU,12/1/2001,Canada,PE,Charlottetown,1998 Eastern Canadian Bench Press Championships
544,cpu/2001-12-01-9e1ce841,CPU,12/1/2001,Canada,PE,Charlottetown,1997 Eastern Canadian Powerlifting Championships
545,cpu/2001-12-01-a1d796d4,CPU,12/1/2001,Canada,PE,Charlottetown,1994 Eastern Canadian Powerlifting Championships
546,cpu/2001-12-01-a78f9726,CPU,12/1/2001,Canada,PE,Charlottetown,1999 Eastern Canadian Bench Press Championships
547,cpu/2001-12-01-a7fa1f05,CPU,12/1/2001,Canada,PE,Charlottetown,2000 Eastern Canadian Powerlifting Championships
548,cpu/2001-12-01-af378b9d,CPU,12/1/2001,Canada,PE,Charlottetown,1994 Eastern Canadian Bench Press Championships
549,cpu/2001-12-01-de416bfe,CPU,12/1/2001,Canada,PE,Charlottetown,1992 Eastern Canadian Powerlifting Championships
550,cpu/2001-12-01-e18a156b,CPU,12/1/2001,Canada,PE,Charlottetown,1991 Eastern Canadian Powerlifting Championships
551,cpu/2001-12-01-e1d573d2,CPU,12/1/2001,Canada,PE,Charlottetown,1987 Eastern Canadian Powerlifting Championships
552,cpu/2001-12-01-fb67fb59,CPU,12/1/2001,Canada,PE,Charlottetown,1996 Eastern Canadian Bench Press Championships
553,cpu/2001-12-01-fd6c44cc,CPU,12/1/2001,Canada,PE,Charlottetown,1999 Eastern Canadian Powerlifting Championships
554,cpu/2001-12-02-f55d983d,CPU,12/2/2001,Canada,ON,Cambridge,Provincials
555,cpu/2001-12-02-fe0d8fc3,CPU,12/2/2001,Canada,ON,Cambridge,BP Provincials
556,cpu/2001-12-08-4f4b958e,CPU,12/8/2001,Canada,BC,Nanaimo,2001 Vancouver Island High School Powerlifting Championships
557,cpu/2002-02-02-48363645,CPU,2/2/2002,Canada,SK,Moose Jaw,CPU Invitational Open Powerlifting Championship
558,cpu/2002-02-02-5d361a02,CPU,2/2/2002,Canada,QC,Levis,Provincial
559,cpu/2002-02-02-6421c30a,CPU,2/2/2002,Canada,SK,Moose Jaw,Special Olympics Powerlifting Championships
560,cpu/2002-02-02-8569d005,CPU,2/2/2002,Canada,QC,Levis,Quebec Open Bench Press Championship
561,cpu/2002-02-02-cdb9033d,CPU,2/2/2002,Canada,QC,Levis,Quebec Open Powerlifting Championship
562,cpu/2002-02-02-d6fec5cd,CPU,2/2/2002,Canada,QC,Levis,BP Provincial
563,cpu/2002-02-02-e9890620,CPU,2/2/2002,Canada,SK,Moose Jaw,CPU Invitational Bench Press Championship
564,cpu/2002-03-22-be0a0449,CPU,3/22/2002,Canada,NS,Yarmouth,2002 CPU Nationals
565,cpu/2002-04-06-b5fccc8f,CPU,4/6/2002,Canada,BC,Vancouver,2002 BC Provincial Championships
566,cpu/2003-01-19-d2755d4d,CPU,1/19/2003,Canada,BC,Nanaimo,BC Winter Open
567,cpu/2003-02-01-cfe0e845,CPU,2/1/2003,Canada,ON,Niagara,Niagara Open
568,cpu/2003-02-15-906f0880,CPU,2/15/2003,Canada,QC,St. Georges,QPF Provincial Champ.
569,cpu/2003-03-01-98064b01,CPU,3/1/2003,Canada,AB,Falun,Alberta Open
570,cpu/2003-03-09-f53c3469,CPU,3/9/2003,Canada,ON,Kitchener,Steel City Open
571,cpu/2003-03-14-c1fb84d1,CPU,3/14/2003,Canada,MB,Winnipeg,CPU Nationals
572,cpu/2003-03-15-c1fb84d1,CPU,3/15/2003,Canada,MB,Winnipeg,CPU Nationals
573,cpu/2003-03-16-c1fb84d1,CPU,3/16/2003,Canada,MB,Winnipeg,CPU Nationals
574,cpu/2003-04-05-1ff6a1d6,CPU,4/5/2003,Canada,QC,Ste-Marie,Ste-Marie Benchpress
575,cpu/2003-05-10-95a2419d,CPU,5/10/2003,Canada,ON,Kitchener,Ontario Bench Qualifier
576,cpu/2003-05-11-95b5d092,CPU,5/11/2003,Canada,QC,Rimouski,Eastern Quebec Open
577,cpu/2003-05-25-42cf9711,CPU,5/25/2003,Canada,BC,Vancouver,BC Provincial Championship
578,cpu/2003-06-07-2046bfb1,CPU,6/7/2003,Canada,AB,Sherwood Park,Western Canadians
579,cpu/2003-06-07-fcfe1fea,CPU,6/7/2003,Canada,ON,London,London Open
580,cpu/2003-07-06-36c1f98e,CPU,7/6/2003,Canada,ON,Toronto,Toronto Open
581,cpu/2003-09-20-bd5c1015,CPU,9/20/2003,Canada,ON,Kitchener,Ontario Senior and Intermediates
582,cpu/2003-10-24-6c8ed8ce,CPU,10/24/2003,Canada,ON,St. Thomas,St. Thomas Open
583,cpu/2003-11-02-53429268,CPU,11/2/2003,Canada,QC,Rock Forest,Atlantis Challenge
584,cpu/2003-11-09-1cc8386b,CPU,11/9/2003,Canada,BC,Chilliwack,BC Fall Classic
585,cpu/2003-11-22-6c98797f,CPU,11/22/2003,Canada,QC,Levis,Levis Open
586,cpu/2003-12-06-5786258c,CPU,12/6/2003,Canada,AB,Calgary,Alberta Provincials
587,cpu/2003-12-07-1b42ffa8,CPU,12/7/2003,Canada,ON,Kitchener,Ontario Benchpress
588,cpu/2003-12-07-1cde9674,CPU,12/7/2003,Canada,ON,Kitchener,Ontario Junior and Masters
589,cpu/2004-01-24-2d0c308b,CPU,1/24/2004,Canada,SK,Swift Current,2004 Saskatchewan Provincial
590,cpu/2004-01-24-5ea9f46a,CPU,1/24/2004,Canada,QC,Ste-Marie de Beauce,Ste-Marie Bench Qualifier
591,cpu/2004-01-24-cfe0e845,CPU,1/24/2004,Canada,ON,Niagara,Niagara Open
592,cpu/2004-02-01-7f4fde5f,CPU,2/1/2004,Canada,BC,Nanaimo,2004 BC Winter Open
593,cpu/2004-02-01-9f1b16d9,CPU,2/1/2004,Canada,BC,Nanaimo,2004 BC Winter Open Benchpress
594,cpu/2004-02-21-e2c618d1,CPU,2/21/2004,Canada,QC,Ste-Marie de Beauce,Ste-Marie Qualifier
595,cpu/2004-03-18-9cf0d0bb,CPU,3/18/2004,Canada,ON,Kitchener,2004 CPU Nationals
596,cpu/2004-03-21-1b011bb6,CPU,3/21/2004,Canada,ON,Kitchener,2004 CPU National Benchpress
597,cpu/2004-04-18-4055d8e2,CPU,4/18/2004,Canada,BC,Vancouver,2004 BC Championship
598,cpu/2004-04-18-f53c3469,CPU,4/18/2004,Canada,ON,Hamilton,Steel City Open
599,cpu/2004-04-18-f5827618,CPU,4/18/2004,Canada,BC,Vancouver,2004 BC Benchpress Champ.
600,cpu/2004-05-01-e9f0a063,CPU,5/1/2004,Canada,ON,Hamilton,Ontario Benchpress Qualifier
601,cpu/2004-05-08-3a2eb93f,CPU,5/8/2004,Canada,NL,Fortune,Newfoundland Open
602,cpu/2004-05-08-a41c4e59,CPU,5/8/2004,Canada,NS,Bridgewater,Nova Scotia Provincials
603,cpu/2004-05-09-2cea8e45,CPU,5/9/2004,Canada,AB,Falun,Alberta High School Open
604,cpu/2004-05-15-7b65c0f6,CPU,5/15/2004,Canada,QC,Ste-Marie de Beauce,Beauce Open
605,cpu/2004-06-05-a63b06c3,CPU,6/5/2004,Canada,SK,Moose Jaw,Moose Pull Benchpress
606,cpu/2004-06-05-fcfe1fea,CPU,6/5/2004,Canada,ON,London,London Open
607,cpu/2004-06-12-331b4c1e,CPU,6/12/2004,Canada,AB,Leduc,2004 APU Provincial Benchpress
608,cpu/2004-06-12-576a2da1,CPU,6/12/2004,Canada,AB,Leduc,2004 APU Provincial Champ.
609,cpu/2004-06-13-abbb2ca1,CPU,6/13/2004,Canada,MB,Winnipeg,2004 Manitoba Open
610,cpu/2004-06-26-2a157d53,CPU,6/26/2004,Canada,BC,Kelowna,2004 Western Canadian
611,cpu/2004-06-26-2dd40386,CPU,6/26/2004,Canada,BC,Kelowna,2004 Western Canadian Benchpress
612,cpu/2004-07-18-36c1f98e,CPU,7/18/2004,Canada,ON,Toronto,Toronto Open
613,cpu/2004-08-28-118b0d95,CPU,8/28/2004,Canada,ON,Toronto,Ontario Intermediates
614,cpu/2004-09-19-f70e4524,CPU,9/19/2004,Canada,ON,Toronto,Ontario Senior Men and Women
615,cpu/2004-10-17-eebf8f52,CPU,10/17/2004,Canada,QC,Ste. Marie de Beauce,Southern Quebec Champ.
616,cpu/2004-10-23-f1f703a8,CPU,10/23/2004,Canada,AB,Calgary,Calgary Open
617,cpu/2004-11-06-842c088f,CPU,11/6/2004,Canada,NL,Stephenville,2004 Eastern Canadian Benchpress
618,cpu/2004-11-06-fe1a9f05,CPU,11/6/2004,Canada,NL,Stephenville,2004 Eastern Canadians
619,cpu/2004-11-14-051ece18,CPU,11/14/2004,Canada,BC,Chilliwack,2004 BC Fall Classic Benchpress
620,cpu/2004-11-14-efdc73a0,CPU,11/14/2004,Canada,BC,Chilliwack,2004 BC Fall Classic
621,cpu/2004-11-20-1b42ffa8,CPU,11/20/2004,Canada,ON,Toronto,Ontario Benchpress
622,cpu/2004-11-21-bd9d6604,CPU,11/21/2004,Canada,ON,Toronto,Ontario Junior and Master
623,cpu/2004-11-27-2004c6fe,CPU,11/27/2004,Canada,AB,Edmonton,Power Surge
624,cpu/2004-11-27-75b1e408,CPU,11/27/2004,Canada,QC,Ste-Marie de Beauce,QPF Provincial and Open Championship
625,cpu/2004-11-27-8f52bc71,CPU,11/27/2004,Canada,MB,Winnipeg,Keystone Classic
626,cpu/2005-01-22-31a061c9,CPU,1/22/2005,Canada,ON,Niagara,2005 Niagara Open
627,cpu/2005-01-25-812e74d7,CPU,1/25/2005,Canada,SK,N. Battleford,Sask PL Champ. 2005
628,cpu/2005-01-29-47933bd9,CPU,1/29/2005,Canada,SK,N. Battleford,Sask. Bench Champ. 2005
629,cpu/2005-02-12-f6b078cb,CPU,2/12/2005,Canada,MB,Winnipeg,Manitoba Open
630,cpu/2005-02-13-76fc3c91,CPU,2/13/2005,Canada,BC,Surrey,BC Winter Open Bench
631,cpu/2005-02-13-d2755d4d,CPU,2/13/2005,Canada,BC,Surrey,BC Winter Open
632,cpu/2005-02-20-b82b28b1,CPU,2/20/2005,Canada,QC,Levis,Levis Open Championship
633,cpu/2005-02-20-d051929e,CPU,2/20/2005,Canada,QC,Levis,Levis Open Benchpress
634,cpu/2005-04-07-250b0b53,CPU,4/7/2005,Canada,AB,Calgary,2005 CPU Nationals
635,cpu/2005-04-30-7b65c0f6,CPU,4/30/2005,Canada,QC,Ste-Marie de Beauce,Beauce Open
636,cpu/2005-04-30-bf15c473,CPU,4/30/2005,Canada,QC,Ste-Marie de Beauce,Beauce Benchpress
637,cpu/2005-05-07-a03445a0,CPU,5/7/2005,Canada,NS,Sackville,Nova Scotia Prov. Bench
638,cpu/2005-05-07-c2e04433,CPU,5/7/2005,Canada,NS,Sackville,Nova Scotia Provincial
639,cpu/2005-05-14-fcfe1fea,CPU,5/14/2005,Canada,ON,London,London Open
640,cpu/2005-06-25-6cdbe800,CPU,6/25/2005,Canada,NL,Gander,Nfld./Lab. Bench Only
641,cpu/2005-06-25-f1723726,CPU,6/25/2005,Canada,NL,Gander,Nfld./Lab. PL Champ.
642,cpu/2005-06-26-1465c8fd,CPU,6/26/2005,Canada,MB,Winnipeg,2005 Powerfest
643,cpu/2005-06-26-5ca4b35b,CPU,6/26/2005,Canada,BC,Vancouver,BC Provincial Benchpress
644,cpu/2005-06-26-eae3da16,CPU,6/26/2005,Canada,BC,Vancouver,BC Provincial Champ.
645,cpu/2005-07-17-640e3b10,CPU,7/17/2005,Canada,ON,Toronto,Toronto Open Benchpress
646,cpu/2005-07-17-a9a2a1e8,CPU,7/17/2005,Canada,ON,Toronto,Toronto Open Champ.
647,cpu/2005-08-13-17a3ec12,CPU,8/13/2005,Canada,QC,Ste-Marie,Ste-Marie Sport Festival Benchpress
648,cpu/2005-08-13-41b0a00e,CPU,8/13/2005,Canada,QC,Ste-Marie,Ste-Marie Sport Festival
649,cpu/2005-08-27-11961ea4,CPU,8/27/2005,Canada,AB,Edmonton,APU Provincials
650,cpu/2005-09-10-f2fba291,CPU,9/10/2005,Canada,NS,Yarmouth,2005 Atlantics
651,cpu/2005-09-24-8bea14f9,CPU,9/24/2005,Canada,ON,London,Ontario Seniors
652,cpu/2005-10-16-a0278716,CPU,10/16/2005,Canada,QC,Rock Forest,Southern Quebec Championship
653,cpu/2005-10-16-f53c3469,CPU,10/16/2005,Canada,ON,Brantford,Steel City Open
654,cpu/2005-10-22-2046bfb1,CPU,10/22/2005,Canada,SK,Moose Jaw,Western Canadians
655,cpu/2005-10-29-c67b725a,CPU,10/29/2005,Canada,NL,Stephenville,Eastern Canadian Champ.
656,cpu/2005-11-13-1cc8386b,CPU,11/13/2005,Canada,BC,Chilliwack,BC Fall Classic
657,cpu/2005-11-26-b4bea768,CPU,11/26/2005,Canada,MB,Winnipeg,Wing 17 Championship
658,cpu/2005-11-27-1b42ffa8,CPU,11/27/2005,Canada,ON,Waterloo,Ontario Benchpress
659,cpu/2005-11-27-8b8e039f,CPU,11/27/2005,Canada,ON,Waterloo,Ontario Masters and Juniors
660,cpu/2005-11-27-c95b3282,CPU,11/27/2005,Canada,QC,Rimouski,Quebec Provincial
661,cpu/2005-12-27-bb939bda,CPU,12/27/2005,Canada,NL,Fortune,Fortune Open
662,cpu/2006-01-21-cfe0e845,CPU,1/21/2006,Canada,ON,St. Catharines,Niagara Open
663,cpu/2006-01-28-f1f703a8,CPU,1/28/2006,Canada,AB,Calgary,Calgary Open
664,cpu/2006-02-05-f6b078cb,CPU,2/5/2006,Canada,MB,Winnipeg,Manitoba Open
665,cpu/2006-02-11-7aade0c8,CPU,2/11/2006,Canada,BC,Vancouver,BCPA Winter Open
666,cpu/2006-02-26-2511bce8,CPU,2/26/2006,Canada,QC,Quebec City,Evolugym Open
667,cpu/2006-04-08-774d42a4,CPU,4/8/2006,Canada,BC,Chilliwack,Canadian Nationals
668,cpu/2006-04-09-774d42a4,CPU,4/9/2006,Canada,BC,Chilliwack,Canadian Nationals
669,cpu/2006-04-29-118b0d95,CPU,4/29/2006,Canada,ON,Waterloo,Ontario Intermediates
670,cpu/2006-05-07-2928f58e,CPU,5/7/2006,Canada,QC,Ste-Marie de Beauce,QPF Junior Sub-Junior Provincials
671,cpu/2006-05-13-c2e04433,CPU,5/13/2006,Canada,NS,Sackville,Nova Scotia Provincial
672,cpu/2006-06-03-5786258c,CPU,6/3/2006,Canada,AB,Edmonton,Alberta Provincials
673,cpu/2006-06-10-41b0a00e,CPU,6/10/2006,Canada,QC,Ste-Marie,Ste-Marie Sport Festival
674,cpu/2006-06-11-b6442a84,CPU,6/11/2006,Canada,NL,St. John's,Newfoundland Provincial Champ.
675,cpu/2006-06-17-bd894027,CPU,6/17/2006,Canada,MB,Winnipeg,Manitoba Powerfest
676,cpu/2006-06-25-b3419329,CPU,6/25/2006,Canada,BC,Vancouver,BC Championship
677,cpu/2006-07-29-b95500bd,CPU,7/29/2006,Canada,ON,Guelph,Iron Foundation Open
678,cpu/2006-08-19-2046bfb1,CPU,8/19/2006,Canada,AB,Edmonton,Western Canadians
679,cpu/2006-09-23-1b42ffa8,CPU,9/23/2006,Canada,ON,Belle River,Ontario Benchpress
680,cpu/2006-09-23-8bea14f9,CPU,9/23/2006,Canada,ON,Belle River,Ontario Seniors
681,cpu/2006-10-14-2fbb09d7,CPU,10/14/2006,Canada,SK,Regina,Saskatchewan Provincials
682,cpu/2006-10-21-371afa8c,CPU,10/21/2006,Canada,NL,Stephenville,Eastern Canadians
683,cpu/2006-11-05-1cc8386b,CPU,11/5/2006,Canada,BC,Chilliwack,BC Fall Classic
684,cpu/2006-11-18-0d077720,CPU,11/18/2006,Canada,NS,Truro,Truro Fall Classic
685,cpu/2006-11-18-5c394bff,CPU,11/18/2006,Canada,QC,Beauceville,QPF Provincials
686,cpu/2006-11-25-41e3d66c,CPU,11/25/2006,Canada,MB,Winnipeg,17 Wing Championship
687,cpu/2006-11-26-76eb4e19,CPU,11/26/2006,Canada,ON,Brantford,Ontario Master and Juniors
688,cpu/2006-12-31-f7807daa,CPU,12/31/2006,Canada,SK,Regina,Last Chance Invitational
689,cpu/2007-01-20-cfe0e845,CPU,1/20/2007,Canada,ON,Niagara,Niagara Open
690,cpu/2007-01-28-d2755d4d,CPU,1/28/2007,Canada,BC,Vancouver,BC Winter Open
691,cpu/2007-01-28-f4cfad10,CPU,1/28/2007,Canada,AB,Edmonton,Alberta Qualifier
692,cpu/2007-02-04-550d2573,CPU,2/4/2007,Canada,NS,Sydney,Sydney Open
693,cpu/2007-02-11-f6b078cb,CPU,2/11/2007,Canada,MB,Winnipeg,Manitoba Open
694,cpu/2007-03-29-774d42a4,CPU,3/29/2007,Canada,NS,Dartmouth,Canadian Nationals
695,cpu/2007-03-30-774d42a4,CPU,3/30/2007,Canada,NS,Dartmouth,Canadian Nationals
696,cpu/2007-03-31-774d42a4,CPU,3/31/2007,Canada,NS,Dartmouth,Canadian Nationals
697,cpu/2007-04-01-774d42a4,CPU,4/1/2007,Canada,NS,Dartmouth,Canadian Nationals
698,cpu/2007-04-14-6c8ed8ce,CPU,4/14/2007,Canada,ON,St. Thomas,St. Thomas Open
699,cpu/2007-05-12-118b0d95,CPU,5/12/2007,Canada,ON,Waterloo,Ontario Intermediates
700,cpu/2007-05-12-1b42ffa8,CPU,5/12/2007,Canada,ON,Waterloo,Ontario Benchpress
701,cpu/2007-06-02-b3419329,CPU,6/2/2007,Canada,BC,Vancouver,BC Championship
702,cpu/2007-06-02-c2e04433,CPU,6/2/2007,Canada,NS,Greenwood,Nova Scotia Provincial
703,cpu/2007-06-09-546ff355,CPU,6/9/2007,Canada,ON,Belle River,Belle River Power Pit
704,cpu/2007-06-10-a01afa10,CPU,6/10/2007,Canada,MB,Winnipeg,Summer Challenge
705,cpu/2007-06-16-41b0a00e,CPU,6/16/2007,Canada,QC,Ste-Marie,Ste-Marie Sport Festival
706,cpu/2007-06-16-cadf224a,CPU,6/16/2007,Canada,NL,Gander,Newfoundland Labrador Provincial
707,cpu/2007-06-30-28f20a20,CPU,6/30/2007,Canada,AB,Pincher Creek,Alberta Provincial Championship
708,cpu/2007-07-21-a9a7ba78,CPU,7/21/2007,Canada,ON,Ottawa,Capital Barbell 1st Annual
709,cpu/2007-08-05-2fbb09d7,CPU,8/5/2007,Canada,SK,Melville,Saskatchewan Provincials
710,cpu/2007-08-11-0547596c,CPU,8/11/2007,Canada,BC,Kelowna,BC Summer Open
711,cpu/2007-09-08-de0d7e38,CPU,9/8/2007,Canada,NS,Falmouth,Nova Scotia Record Setter
712,cpu/2007-09-29-3c5c25a9,CPU,9/29/2007,Canada,ON,Emeryville,Ontario Seniors Benchpress
713,cpu/2007-09-29-8bea14f9,CPU,9/29/2007,Canada,ON,Emeryville,Ontario Seniors
714,cpu/2007-10-05-71d7a51d,CPU,10/5/2007,Canada,QC,Levis,Levis BP and PL Qualifier
715,cpu/2007-10-11-490cf4ec,CPU,10/11/2007,Canada,QC,Sept-Iles,Sept-Iles BP Qualifier
716,cpu/2007-10-13-26de1527,CPU,10/13/2007,Canada,QC,Sept-Iles,Quebec BP Qualifier
717,cpu/2007-10-20-62113048,CPU,10/20/2007,Canada,QC,Sept-Iles,Quebec PL Qualifier
718,cpu/2007-10-27-371afa8c,CPU,10/27/2007,Canada,NL,Stephenville,Eastern Canadians
719,cpu/2007-11-03-55e24fe0,CPU,11/3/2007,Canada,ON,London,London Qualifier
720,cpu/2007-11-04-1cc8386b,CPU,11/4/2007,Canada,BC,Chilliwack,BC Fall Classic
721,cpu/2007-11-11-35760f3a,CPU,11/11/2007,Canada,QC,Rimouski,QPF Provincial and Eastern Championship
722,cpu/2007-11-24-0d077720,CPU,11/24/2007,Canada,NS,Truro,Truro Fall Classic
723,cpu/2007-11-24-75b134a7,CPU,11/24/2007,Canada,MB,Winnipeg,Western Canadian Championship
724,cpu/2007-12-15-f8e55b05,CPU,12/15/2007,Canada,ON,London,Ontario Masters Juniors and Sub Juniors
725,cpu/2007-12-16-532919c8,CPU,12/16/2007,Canada,QC,Quebec City,Evolugym Closed Contest
726,cpu/2008-01-26-20a31723,CPU,1/26/2008,Canada,PE,Charlottetown,PEI Provincials
727,cpu/2008-01-26-4a41c6f9,CPU,1/26/2008,Canada,SK,Swift Current,Swift Current Open
728,cpu/2008-01-26-cfe0e845,CPU,1/26/2008,Canada,ON,Niagara,Niagara Open
729,cpu/2008-02-10-03561a41,CPU,2/10/2008,Canada,BC,Vancouver,2008 Winter Open
730,cpu/2008-02-10-d86d0d97,CPU,2/10/2008,Canada,BC,Vancouver,2008 BC Winter Open
731,cpu/2008-02-17-2511bce8,CPU,2/17/2008,Canada,QC,Quebec City,Evolugym Open
732,cpu/2008-02-23-118b0d95,CPU,2/23/2008,Canada,ON,St. Thomas,Ontario Intermediates
733,cpu/2008-02-23-38ed3e18,CPU,2/23/2008,Canada,AB,Edmonton,UAPA Open
734,cpu/2008-02-23-67ff21a9,CPU,2/23/2008,Canada,NS,Halifax,East Coast Fitness Qualifier
735,cpu/2008-02-23-6c8ed8ce,CPU,2/23/2008,Canada,ON,St. Thomas,St. Thomas Open
736,cpu/2008-02-24-066175d3,CPU,2/24/2008,Canada,MB,Winnipeg,Last Chance Benchpress
737,cpu/2008-04-10-10930ceb,CPU,4/10/2008,Canada,ON,St Catherines,Canadian Championship
738,cpu/2008-04-13-10930ceb,CPU,4/13/2008,Canada,ON,St Catherines,Canadian Championship
739,cpu/2008-05-31-a41c4e59,CPU,5/31/2008,Canada,NS,Sydney,Nova Scotia Provincials
740,cpu/2008-06-07-e1535193,CPU,6/7/2008,Canada,ON,Belle River,Power Pit Open
741,cpu/2008-06-14-043c6866,CPU,6/14/2008,Canada,NL,Gander,Newfoundland and Lab Provincials
742,cpu/2008-06-14-41b0a00e,CPU,6/14/2008,Canada,QC,Ste-Marie,Ste-Marie Sport Festival
743,cpu/2008-06-15-b3419329,CPU,6/15/2008,Canada,BC,Vancouver,BC Championship
744,cpu/2008-06-15-f7c045d7,CPU,6/15/2008,Canada,BC,Vancouver,BC Provincials
745,cpu/2008-06-22-5d204f66,CPU,6/22/2008,Canada,MB,Winnipeg,June Contest
746,cpu/2008-06-22-61de8c43,CPU,6/22/2008,Canada,MB,Winnipeg,June Bench Only
747,cpu/2008-07-12-28f20a20,CPU,7/12/2008,Canada,AB,Edmonton,Alberta Provincial Championship
748,cpu/2008-07-19-95d21837,CPU,7/19/2008,Canada,ON,Ottawa,Capital Barbell Open
749,cpu/2008-08-09-2046bfb1,CPU,8/9/2008,Canada,SK,Moose Jaw,Western Canadians
750,cpu/2008-09-13-fcfe1fea,CPU,9/13/2008,Canada,ON,London,London Open
751,cpu/2008-10-04-d2845b81,CPU,10/4/2008,Canada,AB,Edmonton,UAPA Fall Invitaional
752,cpu/2008-10-10-6f5272d7,CPU,10/10/2008,Canada,QC,Levis,Levis Qualifier
753,cpu/2008-10-11-33a1ff9e,CPU,10/11/2008,Canada,NL,Stephenville,Eastern Canadian Championship
754,cpu/2008-10-12-2fbb09d7,CPU,10/12/2008,Canada,SK,Moose Jaw,Saskatchewan Provincials
755,cpu/2008-10-18-56251628,CPU,10/18/2008,Canada,QC,Baie Comeau,North Shore Open
756,cpu/2008-10-18-c33afa43,CPU,10/18/2008,Canada,ON,Emeryville,Ontario Senior Provincials
757,cpu/2008-11-15-41e3d66c,CPU,11/15/2008,Canada,MB,Winnipeg,17 Wing Championship
758,cpu/2008-11-16-d3528946,CPU,11/16/2008,Canada,QC,Quebec City,Quebec Provincial Championship
759,cpu/2008-11-22-ba47a2b3,CPU,11/22/2008,Canada,NS,Falmouth,Falmouth Invitational
760,cpu/2008-11-23-81b29779,CPU,11/23/2008,Canada,BC,Vancouver,BCPA Fall Classic
761,cpu/2008-12-06-100ee8db,CPU,12/6/2008,Canada,ON,Ottawa,Ontario Masters
762,cpu/2008-12-06-f360007f,CPU,12/6/2008,Canada,ON,Ottawa,Ontario Sub-Juniors and Juniors
763,cpu/2008-12-20-6f13a30f,CPU,12/20/2008,Canada,SK,Moose Jaw,Last Chance Open
764,cpu/2009-01-24-20a31723,CPU,1/24/2009,Canada,PE,Charlottetown,PEI Provincials
765,cpu/2009-01-24-cfe0e845,CPU,1/24/2009,Canada,ON,St. Catharines,Niagara Open
766,cpu/2009-01-24-ed53f900,CPU,1/24/2009,Canada,AB,Medicine Hat,Viking Open
767,cpu/2009-02-03-6f13a30f,CPU,2/3/2009,Canada,MB,Winnipeg,Last Chance Open
768,cpu/2009-02-08-6f13a30f,CPU,2/8/2009,Canada,MB,Winnipeg,Last Chance Open
769,cpu/2009-02-15-7aade0c8,CPU,2/15/2009,Canada,BC,Vancouver,BCPA Winter Open
770,cpu/2009-02-21-57f24185,CPU,2/21/2009,Canada,QC,Jonquiere,Saguenay Open
771,cpu/2009-04-02-4d8e5368,CPU,4/2/2009,Canada,SK,Moose Jaw,Canadian National Championship
772,cpu/2009-04-05-65939af0,CPU,4/5/2009,Canada,SK,Moose Jaw,Canadian National Benchpress
773,cpu/2009-04-25-6c8ed8ce,CPU,4/25/2009,Canada,ON,St. Thomas,St. Thomas Open
774,cpu/2009-05-30-a41c4e59,CPU,5/30/2009,Canada,NS,Antigonish,Nova Scotia Provincials
775,cpu/2009-06-06-e1535193,CPU,6/6/2009,Canada,ON,Belle River,Power Pit Open
776,cpu/2009-06-07-42cf9711,CPU,6/7/2009,Canada,BC,Vancouver,BC Provincial Championship
777,cpu/2009-06-13-41b0a00e,CPU,6/13/2009,Canada,QC,Ste-Marie,Ste-Marie Sport Festival
778,cpu/2009-06-13-e153f6da,CPU,6/13/2009,Canada,NL,St. John's,Newfoundland Provincials
779,cpu/2009-06-13-ffe9ce44,CPU,6/13/2009,Canada,MB,Portage la Prairie,Portage Strength Classic
780,cpu/2009-07-11-5786258c,CPU,7/11/2009,Canada,AB,Medicine Hat,Alberta Provincials
781,cpu/2009-07-18-6e3ba503,CPU,7/18/2009,Canada,ON,Ottawa,Ottawa Open
782,cpu/2009-07-25-e09dc5cd,CPU,7/25/2009,Canada,PE,Charlottetown,Pit Raw
783,cpu/2009-08-29-fcfe1fea,CPU,8/29/2009,Canada,ON,London,London Open
784,cpu/2009-09-19-8e653149,CPU,9/19/2009,Canada,QC,Quebec City,Quebec Regional Qualifier
785,cpu/2009-10-03-89d57aec,CPU,10/3/2009,Canada,ON,Ottawa,Ontario Provincials
786,cpu/2009-10-03-c10adfb8,CPU,10/3/2009,Canada,QC,Baie-Comeau,QPF North Shore Open
787,cpu/2009-10-24-1cc8386b,CPU,10/24/2009,Canada,BC,Vancouver,BC Fall Classic
788,cpu/2009-10-25-3feb8177,CPU,10/25/2009,Canada,SK,Esterhazy,Saskatchewan Provincial Championship
789,cpu/2009-11-07-fffecd06,CPU,11/7/2009,Canada,ON,Emeryville,Ontario Intermediates and Provincial Bench
790,cpu/2009-11-21-75b134a7,CPU,11/21/2009,Canada,AB,Edmonton,Western Canadian Championship
791,cpu/2009-11-28-33a1ff9e,CPU,11/28/2009,Canada,PE,Charlottetown,Eastern Canadian Championship
792,cpu/2009-11-28-6f13a30f,CPU,11/28/2009,Canada,ON,Ottawa,Last Chance Open
793,cpu/2009-11-28-8f52bc71,CPU,11/28/2009,Canada,MB,Winnipeg,Keystone Classic
794,cpu/2009-11-29-061fe967,CPU,11/29/2009,Canada,QC,St-Georges,QPF Provincials and FQD Benchpress
795,cpu/2009-12-31-6f13a30f,CPU,12/31/2009,Canada,SK,Weyburn,Last Chance Open
796,cpu/2010-01-23-20a31723,CPU,1/23/2010,Canada,PE,Charlottetown,PEI Provincials
797,cpu/2010-01-23-6500e82a,CPU,1/23/2010,Canada,ON,St. Catherines,Ontario Provincial Championship
798,cpu/2010-01-31-d2755d4d,CPU,1/31/2010,Canada,BC,Vancouver,BC Winter Open
799,cpu/2010-01-31-f9e151fd,CPU,1/31/2010,Canada,AB,Medicine Hat,2010 Viking Open
800,cpu/2010-02-06-f6b078cb,CPU,2/6/2010,Canada,MB,Winnipeg,Manitoba Open
801,cpu/2010-02-13-1de50726,CPU,2/13/2010,Canada,QC,Montreal,Montreal Earthquake
802,cpu/2010-02-28-a4672b71,CPU,2/28/2010,Canada,SK,Moose Jaw,Saskatchewan Qualifier
803,cpu/2010-04-07-10930ceb,CPU,4/7/2010,Canada,QC,Quebec City,Canadian Championship
804,cpu/2010-04-07-eabe686f,CPU,4/7/2010,Canada,QC,Quebec City,Canadian Benchpress Championship
805,cpu/2010-04-08-6c8ed8ce,CPU,4/8/2010,Canada,ON,St. Thomas,St. Thomas Open
806,cpu/2010-05-29-e6eabedf,CPU,5/29/2010,Canada,NS,Antigonish,Nova Scotia Provincial Championship
807,cpu/2010-06-05-6c6d605d,CPU,6/5/2010,Canada,ON,Belle River,Belle River Open
808,cpu/2010-06-12-41b0a00e,CPU,6/12/2010,Canada,QC,Ste-Marie,Ste-Marie Sport Festival
809,cpu/2010-06-13-42cf9711,CPU,6/13/2010,Canada,BC,Vancouver,BC Provincial Championship
810,cpu/2010-06-13-4aa34ebb,CPU,6/13/2010,Canada,MB,Dauphin,Power In The Parkland
811,cpu/2010-06-13-5786258c,CPU,6/13/2010,Canada,AB,Medicine Hat,Alberta Provincials
812,cpu/2010-06-19-5258a1ea,CPU,6/19/2010,Canada,ON,Ottawa,Special Athlete Contest
813,cpu/2010-06-26-ef4f866c,CPU,6/26/2010,Canada,NL,Stephenville,Newfoundland Provincial Championship
814,cpu/2010-07-17-6e3ba503,CPU,7/17/2010,Canada,ON,Ottawa,Ottawa Open
815,cpu/2010-08-05-3d542adf,CPU,8/5/2010,Canada,AB,Medicine Hat,Medicine Hat Open
816,cpu/2010-08-14-d5fc149c,CPU,8/14/2010,Canada,PE,Charlottetown,Atlantic Raw Record Breakers
817,cpu/2010-08-21-cfe0e845,CPU,8/21/2010,Canada,ON,St. Catherines,Niagara Open
818,cpu/2010-09-25-6f5272d7,CPU,9/25/2010,Canada,QC,Levis,Levis Qualifier
819,cpu/2010-09-25-d49cf282,CPU,9/25/2010,Canada,QC,Baie-Comeau,Valhalla Qualifier
820,cpu/2010-10-16-2fbb09d7,CPU,10/16/2010,Canada,SK,Moose Jaw,Saskatchewan Provincials
821,cpu/2010-10-30-2004c6fe,CPU,10/30/2010,Canada,AB,Edmonton,Power Surge
822,cpu/2010-10-30-43589899,CPU,10/30/2010,Canada,ON,Hamilton,Phoenix Open
823,cpu/2010-11-06-18717635,CPU,11/6/2010,Canada,QC,Baie-Comeau,Quebec Provincials
824,cpu/2010-11-13-33a1ff9e,CPU,11/13/2010,Canada,NL,St. Johns,Eastern Canadian Championship
825,cpu/2010-11-13-6633c0ca,CPU,11/13/2010,Canada,MB,Winnipeg,17th Wing Championship
826,cpu/2010-11-13-75b134a7,CPU,11/13/2010,Canada,BC,Vancouver,Western Canadian Championship
827,cpu/2010-11-20-118b0d95,CPU,11/20/2010,Canada,ON,Ottawa,Ontario Intermediates
828,cpu/2010-11-20-1a27d851,CPU,11/20/2010,Canada,ON,Ottawa,Ontario Benchpress Championship
829,cpu/2010-11-20-e1b9981e,CPU,11/20/2010,Canada,ON,Ottawa,Ontario Womens Open
830,cpu/2010-11-27-eaa7f157,CPU,11/27/2010,Canada,PE,Charlottetown,PEI Open
831,cpu/2011-01-15-6f20b51c,CPU,1/15/2011,Canada,PE,Charlottetown,PEI Provincial Championship
832,cpu/2011-01-22-6500e82a,CPU,1/22/2011,Canada,ON,London,Ontario Provincial Championship
833,cpu/2011-01-31-550d2573,CPU,1/31/2011,Canada,NS,Sydney,Sydney Open
834,cpu/2011-02-05-19246c47,CPU,2/5/2011,Canada,NL,St. John's,Last Chance Qualifier
835,cpu/2011-02-13-7aade0c8,CPU,2/13/2011,Canada,BC,Vancouver,BCPA Winter Open
836,cpu/2011-02-19-57f24185,CPU,2/19/2011,Canada,QC,Jonquiere,Saguenay Open
837,cpu/2011-02-20-942812a3,CPU,2/20/2011,Canada,ON,North Bay,Canadore College 'classic rules'
838,cpu/2011-02-27-19246c47,CPU,2/27/2011,Canada,PE,Charlottetown,Last Chance Qualifier
839,cpu/2011-03-05-1de50726,CPU,3/5/2011,Canada,QC,Montreal,Montreal Earthquake
840,cpu/2011-03-29-10930ceb,CPU,3/29/2011,Canada,PE,Charlottetown,Canadian Championship
841,cpu/2011-03-29-eabe686f,CPU,3/29/2011,Canada,PE,Charlottetown,Canadian Benchpress Championship
842,cpu/2011-06-04-66d62176,CPU,6/4/2011,Canada,ON,Belle River,Belle River 3-Lift and Benchpress
843,cpu/2011-06-11-a41c4e59,CPU,6/11/2011,Canada,NS,Greenwood,Nova Scotia Provincials
844,cpu/2011-06-11-d305ff6e,CPU,6/11/2011,Canada,QC,Ste-Marie,Ste-Marie Festival
845,cpu/2011-06-11-ffe9ce44,CPU,6/11/2011,Canada,MB,Portage LaPrairie,Portage Strength Classic
846,cpu/2011-06-12-42cf9711,CPU,6/12/2011,Canada,BC,Vancouver,BC Provincial Championship
847,cpu/2011-06-18-becda45d,CPU,6/18/2011,Canada,SK,Moose Jaw,Unparalleled Open
848,cpu/2011-06-18-e153f6da,CPU,6/18/2011,Canada,NL,St. Johns,Newfoundland Provincials
849,cpu/2011-06-18-e78684d8,CPU,6/18/2011,Canada,ON,Toronto,Toronto Supershow
850,cpu/2011-06-25-972ad0d4,CPU,6/25/2011,Canada,ON,Mississauga,UTM Championship
851,cpu/2011-07-08-28f20a20,CPU,7/8/2011,Canada,AB,Calgary,Alberta Provincial Championship
852,cpu/2011-07-09-28f20a20,CPU,7/9/2011,Canada,AB,Calgary,Alberta Provincial Championship
853,cpu/2011-07-16-4f8993bf,CPU,7/16/2011,Canada,PE,Charlottetown,Atlantic Raw
854,cpu/2011-07-17-812f4a38,CPU,7/17/2011,Canada,ON,Ottawa,Ottawa Bench Only
855,cpu/2011-07-17-b4e74d8a,CPU,7/17/2011,Canada,ON,Ottawa,Ottawa Classic and Open
856,cpu/2011-08-28-fcfe1fea,CPU,8/28/2011,Canada,ON,London,London Open
857,cpu/2011-09-17-600c62df,CPU,9/17/2011,Canada,QC,Baie-Comeau,Defi D'Odin
858,cpu/2011-10-01-d27bbf39,CPU,10/1/2011,Canada,AB,Calgary,Calgary Festival Of Strength
859,cpu/2011-10-17-019913e8,CPU,10/17/2011,Canada,MB,Winnipeg,Power In The Parkland II
860,cpu/2011-10-29-2fbb09d7,CPU,10/29/2011,Canada,SK,Saskatoon,Saskatchewan Provincials
861,cpu/2011-10-29-33a1ff9e,CPU,10/29/2011,Canada,PE,Charlottetown,Eastern Canadian Championship
862,cpu/2011-10-30-18717635,CPU,10/30/2011,Canada,QC,St-Georges,Quebec Provincials
863,cpu/2011-11-06-1cc8386b,CPU,11/6/2011,Canada,BC,Vancouver,BC Fall Classic
864,cpu/2011-11-12-d64aa996,CPU,11/12/2011,Canada,NL,St. John's,Classic National Championship
865,cpu/2011-11-26-1a27d851,CPU,11/26/2011,Canada,ON,Belle River,Ontario Benchpress Championship
866,cpu/2011-11-26-6c6d605d,CPU,11/26/2011,Canada,ON,Belle River,Belle River Open
867,cpu/2011-11-26-75b134a7,CPU,11/26/2011,Canada,AB,Edmonton,Western Canadian Championship
868,cpu/2011-12-12-a3df82bb,CPU,12/12/2011,Canada,SK,Moose Jaw,Last Chance 2011
869,cpu/2012-01-21-6500e82a,CPU,1/21/2012,Canada,ON,Ottawa,Ontario Provincial Championship
870,cpu/2012-01-21-9d433ef4,CPU,1/21/2012,Canada,AB,Medicine Hat,Viking III Open
871,cpu/2012-01-28-20a31723,CPU,1/28/2012,Canada,PE,Charlottetown,PEI Provincials
872,cpu/2012-02-04-11b14f0d,CPU,2/4/2012,Canada,QC,Jonquiere,Saquenay Open
873,cpu/2012-02-05-497da2bc,CPU,2/5/2012,Canada,MB,Winnipeg,17 Wing Open
874,cpu/2012-02-12-2302a4b8,CPU,2/12/2012,Canada,SK,Weyburn,Weyburn Open
875,cpu/2012-02-18-1de50726,CPU,2/18/2012,Canada,QC,Montreal,Montreal Earthquake
876,cpu/2012-03-18-43421d4f,CPU,3/18/2012,Canada,ON,North Bay,College Challenge
877,cpu/2012-04-10-10930ceb,CPU,4/10/2012,Canada,AB,Calgary,Canadian Championship
878,cpu/2012-05-17-fcfe1fea,CPU,5/17/2012,Canada,ON,London,London Open
879,cpu/2012-05-26-a41c4e59,CPU,5/26/2012,Canada,NS,Digby,Nova Scotia Provincials
880,cpu/2012-06-02-e78684d8,CPU,6/2/2012,Canada,ON,Toronto,Toronto Supershow
881,cpu/2012-06-03-71fc206e,CPU,6/3/2012,Canada,BC,Vancouver,BC Provincial Championships
882,cpu/2012-06-09-c35cc0f4,CPU,6/9/2012,Canada,ON,Belle River,Belle River
883,cpu/2012-06-09-e9612e5d,CPU,6/9/2012,Canada,QC,Ste Marie,Ste Marie Sport Festival
884,cpu/2012-06-23-becda45d,CPU,6/23/2012,Canada,SK,Moose Jaw,Unparalleled Open
885,cpu/2012-06-24-18915940,CPU,6/24/2012,Canada,ON,Mississauga,UTM Open Classic
886,cpu/2012-06-24-4aa34ebb,CPU,6/24/2012,Canada,MB,Dauphin,Power In The Parkland
887,cpu/2012-07-07-ef4f866c,CPU,7/7/2012,Canada,NL,St. Johns,Newfoundland Provincial Championship
888,cpu/2012-07-15-28f20a20,CPU,7/15/2012,Canada,AB,Redcliff,Alberta Provincial Championship
889,cpu/2012-07-17-6e3ba503,CPU,7/17/2012,Canada,ON,Ottawa,Ottawa Open
890,cpu/2012-08-18-75b134a7,CPU,8/18/2012,Canada,SK,Moose Jaw,Western Canadian Championship
891,cpu/2012-08-18-cfe0e845,CPU,8/18/2012,Canada,ON,St. Catharines,Niagara Open
892,cpu/2012-09-08-8ac17044,CPU,9/8/2012,Canada,PE,Charlottetown,Atlantics
893,cpu/2012-09-15-6c6d605d,CPU,9/15/2012,Canada,ON,Belle River,Belle River Open
894,cpu/2012-10-01-6ed58973,CPU,10/1/2012,Canada,ON,North Bay,Northern Ontario Open
895,cpu/2012-10-06-5c394bff,CPU,10/6/2012,Canada,QC,Jonquiere,QPF Provincials
896,cpu/2012-10-13-d27bbf39,CPU,10/13/2012,Canada,AB,Calgary,Calgary Festival Of Strength
897,cpu/2012-10-15-6e3ba503,CPU,10/15/2012,Canada,ON,Ottawa,Ottawa Open
898,cpu/2012-11-04-1cc8386b,CPU,11/4/2012,Canada,BC,Abbotsford,BC Fall Classic
899,cpu/2012-11-09-2fbb09d7,CPU,11/9/2012,Canada,SK,Moose Jaw,Saskatchewan Provincials
900,cpu/2012-11-17-371afa8c,CPU,11/17/2012,Canada,NS,Digby,Eastern Canadians
901,cpu/2012-11-18-bcbdf216,CPU,11/18/2012,Canada,MB,Winnipeg,Keystone Klassic
902,cpu/2012-12-01-bf56c8a5,CPU,12/1/2012,Canada,AB,Edmonton,Powersurge III
903,cpu/2012-12-02-f2008363,CPU,12/2/2012,Canada,QC,Quebec City,Evolugym
904,cpu/2012-12-08-1cac8aa9,CPU,12/8/2012,Canada,QC,Montreal,Epicentre Open and Novice
905,cpu/2012-12-15-1a27d851,CPU,12/15/2012,Canada,ON,Belle River,Ontario Benchpress Championship
906,cpu/2012-12-15-2d8f7e98,CPU,12/15/2012,Canada,ON,Belle River,Ontario Classic Championship
907,cpu/2012-12-15-7aade0c8,CPU,12/15/2012,Canada,BC,Vancouver,BCPA Winter Open
908,cpu/2012-12-16-2d8f7e98,CPU,12/16/2012,Canada,ON,Belle River,Ontario Classic Championship
909,cpu/2012-12-29-f7807daa,CPU,12/29/2012,Canada,SK,Moose Jaw,Last Chance Invitational
910,cpu/2013-01-06-665da861,CPU,1/6/2013,Canada,AB,Calgary,Avi Silverberg BP Classic
911,cpu/2013-01-12-20a31723,CPU,1/12/2013,Canada,PE,Souris,PEI Provincials
912,cpu/2013-01-19-437dd3bc,CPU,1/19/2013,Canada,NS,Halifax,Optimyz Live
913,cpu/2013-01-19-989a7824,CPU,1/19/2013,Canada,QC,Jonquiere,FQD Classic
914,cpu/2013-01-26-1d3f38cf,CPU,1/26/2013,Canada,ON,London,Ontario Equipped Provincials
915,cpu/2013-02-09-77db7a05,CPU,2/9/2013,Canada,SK,Regina,Regina Open
916,cpu/2013-02-10-7aade0c8,CPU,2/10/2013,Canada,BC,Richmond,BCPA Winter Open
917,cpu/2013-02-11-497da2bc,CPU,2/11/2013,Canada,MB,Winnipeg,17 Wing Open
918,cpu/2013-03-20-dbfa7b0c,CPU,3/20/2013,Canada,BC,Richmond,2013 Canadian Championship
919,cpu/2013-04-06-2ef784f6,CPU,4/6/2013,Canada,QC,Drummondville,Central Quebec Challenge
920,cpu/2013-04-20-e7dc12dc,CPU,4/20/2013,Canada,AB,Calgary,Strive To Qualify
921,cpu/2013-04-26-72ce1aba,CPU,4/26/2013,Canada,NS,Shearwater,Formation Bench Challenge
922,cpu/2013-05-04-6c6d605d,CPU,5/4/2013,Canada,ON,Belle River,Belle River Open
923,cpu/2013-05-17-75f81f14,CPU,5/17/2013,Canada,SK,Regina,Adrenaline Open
924,cpu/2013-05-25-a41c4e59,CPU,5/25/2013,Canada,NS,Lower Sackville,Nova Scotia Provincials
925,cpu/2013-06-01-e78684d8,CPU,6/1/2013,Canada,ON,Toronto,Toronto Supershow
926,cpu/2013-06-08-41b0a00e,CPU,6/8/2013,Canada,QC,Ste-Marie,Ste-Marie Sport Festival
927,cpu/2013-06-08-4aa34ebb,CPU,6/8/2013,Canada,MB,Dauphin,Power In The Parkland
928,cpu/2013-06-08-e153f6da,CPU,6/8/2013,Canada,NL,St. John's,Newfoundland Provincials
929,cpu/2013-06-09-f7c045d7,CPU,6/9/2013,Canada,BC,Richmond,BC Provincials
930,cpu/2013-06-14-2f608877,CPU,6/14/2013,Canada,AB,Calgary,Peak Power Challenge
931,cpu/2013-06-15-438c9034,CPU,6/15/2013,Canada,ON,Mississauga,UTM
932,cpu/2013-07-06-d5343621,CPU,7/6/2013,Canada,ON,South Huron,South Huron Open
933,cpu/2013-07-07-5786258c,CPU,7/7/2013,Canada,AB,Calgary,Alberta Provincials
934,cpu/2013-07-13-becda45d,CPU,7/13/2013,Canada,SK,Moose Jaw,Unparalleled Open
935,cpu/2013-07-21-6e3ba503,CPU,7/21/2013,Canada,ON,Ottawa,Ottawa Open
936,cpu/2013-08-10-b4133c55,CPU,8/10/2013,Canada,PE,Charlottetown,PEI Classic Provincials
937,cpu/2013-08-11-38291a14,CPU,8/11/2013,Canada,AB,Calgary,Big Rock Open
938,cpu/2013-08-17-cfe0e845,CPU,8/17/2013,Canada,ON,St. Catherines,Niagara Open
939,cpu/2013-08-18-e8684b9b,CPU,8/18/2013,Canada,AB,Edmonton,Bay Noppers Memorial
940,cpu/2013-08-24-cc77bdc4,CPU,8/24/2013,Canada,QC,Varennes,South Shore Challenge
941,cpu/2013-09-08-02539b86,CPU,9/8/2013,Canada,BC,Victoria,Taranis Challenge
942,cpu/2013-10-05-b83dc5cd,CPU,10/5/2013,Canada,AB,Calgary,Urban Athletic Games
943,cpu/2013-10-19-3ac22eaa,CPU,10/19/2013,Canada,ON,North Bay,North Bay Open
944,cpu/2013-10-19-75b134a7,CPU,10/19/2013,Canada,MB,Winnipeg,Western Canadian Championship
945,cpu/2013-10-26-2fbb09d7,CPU,10/26/2013,Canada,SK,Saskatoon,Saskatchewan Provincials
946,cpu/2013-10-26-33a1ff9e,CPU,10/26/2013,Canada,NS,Sydney,Eastern Canadian Championship
947,cpu/2013-10-27-97eae879,CPU,10/27/2013,Canada,QC,Bureau,Quebec Equipped Provincials
948,cpu/2013-11-02-81b29779,CPU,11/2/2013,Canada,BC,Abbotsford,BCPA Fall Classic
949,cpu/2013-11-03-99c68596,CPU,11/3/2013,Canada,ON,Dundas,Dundas Open
950,cpu/2013-11-09-57f24185,CPU,11/9/2013,Canada,QC,Saguenay,Saguenay Open
951,cpu/2013-11-16-2d8f7e98,CPU,11/16/2013,Canada,ON,Ottawa,Ontario Classic Championship
952,cpu/2013-11-16-4237e972,CPU,11/16/2013,Canada,AB,Edmonton,Powersurge
953,cpu/2013-11-24-8f52bc71,CPU,11/24/2013,Canada,MB,Winnipeg,Keystone Classic
954,cpu/2013-11-30-3a2eb93f,CPU,11/30/2013,Canada,NL,St. Johns,Newfoundland Open
955,cpu/2013-12-07-a27dcd8c,CPU,12/7/2013,Canada,QC,Montreal,Montreal Open
956,cpu/2013-12-21-904f0851,CPU,12/21/2013,Canada,SK,Moose Jaw,Rhaea Stinn Last Chance Open
957,cpu/2014-01-05-193b6982,CPU,1/5/2014,Canada,ON,London,London Fun Meet
958,cpu/2014-01-11-7aa4b787,CPU,1/11/2014,Canada,AB,Cold Lake,Cold Lake Bar Benders
959,cpu/2014-01-18-1d3f38cf,CPU,1/18/2014,Canada,ON,Emeryville,Ontario Equipped Provincials
960,cpu/2014-01-18-d6fd1c4e,CPU,1/18/2014,Canada,PE,Charlottetown,PEI Equipped Provincials/Winter Classic
961,cpu/2014-01-25-d39f86d2,CPU,1/25/2014,Canada,SK,Saskatoon,Synergy Strength Open
962,cpu/2014-01-25-eda10dcb,CPU,1/25/2014,Canada,QC,Drummondville,Quebec Classic Provincials
963,cpu/2014-02-08-636fced6,CPU,2/8/2014,Canada,AB,Edmonton,U of A Invitational
964,cpu/2014-02-08-da718648,CPU,2/8/2014,Canada,NS,,East Coast Open
965,cpu/2014-02-09-ebd9ed92,CPU,2/9/2014,Canada,ON,Mississauga,College/University Challenge
966,cpu/2014-02-16-2614b02d,CPU,2/16/2014,Canada,MB,Winnipeg,Manitoba Provincial Championship
967,cpu/2014-02-23-f8e9151c,CPU,2/23/2014,Canada,BC,Richmond,2014 BC Winter Open
968,cpu/2014-03-25-caf7c841,CPU,3/25/2014,Canada,ON,Hamilton,Hamilton Regional High School Championship
969,cpu/2014-03-31-10930ceb,CPU,3/31/2014,Canada,ON,St. Catherines,Canadian Championship
970,cpu/2014-04-26-e4baae73,CPU,4/26/2014,Canada,ON,Belle River,Belle River High School Regional
971,cpu/2014-04-26-ed996b25,CPU,4/26/2014,Canada,BC,Langley,BCPA Spring Open
972,cpu/2014-05-03-27d8b95b,CPU,5/3/2014,Canada,AB,Calgary,Heroes of Iron
973,cpu/2014-05-10-6c6d605d,CPU,5/10/2014,Canada,ON,Belle River,Belle River Open
974,cpu/2014-05-10-db934a9c,CPU,5/10/2014,Canada,AB,Edmonton,UAPA Farewell
975,cpu/2014-05-17-2ba26c8e,CPU,5/17/2014,Canada,SK,Saskatoon,Reebok Crossfit 306 Open
976,cpu/2014-05-24-a41c4e59,CPU,5/24/2014,Canada,NS,Sackville,Nova Scotia Provincials
977,cpu/2014-05-25-38291a14,CPU,5/25/2014,Canada,AB,Calgary,Big Rock Open
978,cpu/2014-05-31-e78684d8,CPU,5/31/2014,Canada,ON,Toronto,Toronto Supershow
979,cpu/2014-06-07-41b0a00e,CPU,6/7/2014,Canada,QC,Ste-Marie,Ste-Marie Sport Festival
980,cpu/2014-06-14-4aa34ebb,CPU,6/14/2014,Canada,MB,Dauphin,Power In The Parkland
981,cpu/2014-06-21-33451bba,CPU,6/21/2014,Canada,PE,Summerside,Prince County Open
982,cpu/2014-06-21-42cf9711,CPU,6/21/2014,Canada,BC,Vancouver,BC Provincial Championship
983,cpu/2014-06-21-f87f2a5f,CPU,6/21/2014,Canada,ON,Mississauga,UTM Open
984,cpu/2014-06-28-becda45d,CPU,6/28/2014,Canada,SK,Moose Jaw,Unparalleled Open
985,cpu/2014-06-28-ef4f866c,CPU,6/28/2014,Canada,NL,St. John's,Newfoundland Provincial Championship
986,cpu/2014-07-05-28f20a20,CPU,7/5/2014,Canada,AB,Olds,Alberta Provincial Championship
987,cpu/2014-07-12-6e3ba503,CPU,7/12/2014,Canada,ON,Ottawa,Ottawa Open
988,cpu/2014-08-16-cc7cd45c,CPU,8/16/2014,Canada,PE,Charlottetown,Atlantic Raw Championship
989,cpu/2014-08-16-cfe0e845,CPU,8/16/2014,Canada,ON,St. Catherines,Niagara Open
990,cpu/2014-08-23-43533775,CPU,8/23/2014,Canada,QC,Longueuil,Napalm Classic
991,cpu/2014-08-24-95f365b1,CPU,8/24/2014,Canada,MB,Winnipeg,Prarie Crossfit Open
992,cpu/2014-08-24-e8684b9b,CPU,8/24/2014,Canada,AB,Edmonton,Bay Noppers Memorial
993,cpu/2014-08-30-e7923e17,CPU,8/30/2014,Canada,NS,Sydney,ATP Summer Open
994,cpu/2014-09-06-6c6d605d,CPU,9/6/2014,Canada,ON,Belle River,Belle River Open
995,cpu/2014-09-13-0640a5ca,CPU,9/13/2014,Canada,ON,Orangeville,Orangeville Open
996,cpu/2014-09-13-2511bce8,CPU,9/13/2014,Canada,QC,Quebec City,Evolugym Open
997,cpu/2014-09-13-2fbb09d7,CPU,9/13/2014,Canada,SK,Regina,Saskatchewan Provincials
998,cpu/2014-09-27-3baf78d5,CPU,9/27/2014,Canada,BC,Vancouver,Thunderbird Challenge
999,cpu/2014-09-28-1b21e831,CPU,9/28/2014,Canada,ON,Dundas,Dundas Valley Open
1000,cpu/2014-10-04-6dc40091,CPU,10/4/2014,Canada,PE,Charlottetown,DEF Championship
1001,cpu/2014-10-04-75b134a7,CPU,10/4/2014,Canada,AB,Calgary,Western Canadian Championship
1002,cpu/2014-10-18-3ac22eaa,CPU,10/18/2014,Canada,ON,North Bay,North Bay Open
1003,cpu/2014-10-18-8d7df765,CPU,10/18/2014,Canada,NL,St. Johns,NLPA Open
1004,cpu/2014-11-08-57f24185,CPU,11/8/2014,Canada,QC,Saguenay,Saguenay Open
1005,cpu/2014-11-09-81b29779,CPU,11/9/2014,Canada,BC,Abbotsford,BCPA Fall Classic
1006,cpu/2014-11-15-4237e972,CPU,11/15/2014,Canada,AB,Edmonton,Powersurge
1007,cpu/2014-11-16-1b21e831,CPU,11/16/2014,Canada,ON,Hamilton,Dundas Valley Open
1008,cpu/2014-11-22-41e3d66c,CPU,11/22/2014,Canada,MB,Winnipeg,17 Wing Championship
1009,cpu/2014-11-29-04edd566,CPU,11/29/2014,Canada,ON,Hamilton,OPA Classic Provincials
1010,cpu/2014-11-29-33a1ff9e,CPU,11/29/2014,Canada,PE,Charlottetown,Eastern Canadian Championship
1011,cpu/2014-12-06-e03170dc,CPU,12/6/2014,Canada,QC,Montreal,Montreal Childrens Hospital Challenge
1012,cpu/2014-12-14-79c42571,CPU,12/14/2014,Canada,AB,Calgary,Western Canadian Benchpress Championship
1013,cpu/2014-12-20-f7807daa,CPU,12/20/2014,Canada,SK,Moose Jaw,Last Chance Invitational
1014,cpu/2015-01-24-53017db6,CPU,1/24/2015,Canada,SK,Saskatoon,Saskatchewan Strength Symposium
1015,cpu/2015-01-24-aae8e6a3,CPU,1/24/2015,Canada,NL,St. Johns,MM Performance Last Chance Qualifier
1016,cpu/2015-01-25-1d3f38cf,CPU,1/25/2015,Canada,ON,Hamilton,Ontario Equipped Provincials
1017,cpu/2015-01-31-a27dcd8c,CPU,1/31/2015,Canada,QC,Montreal,Montreal Open
1018,cpu/2015-02-07-20a31723,CPU,2/7/2015,Canada,PE,Charlottetown,PEI Provincials
1019,cpu/2015-02-07-44580156,CPU,2/7/2015,Canada,ON,Toronto,Ontario College and University Championship
1020,cpu/2015-02-07-c042c020,CPU,2/7/2015,Canada,AB,Cold Lake,Cold Lake Barbenders Prairie Open
1021,cpu/2015-02-07-ca71b246,CPU,2/7/2015,Canada,NS,,Mike Laroche Open
1022,cpu/2015-02-21-1c1356f7,CPU,2/21/2015,Canada,SK,Saskatoon,Crossfit 306 Open
1023,cpu/2015-02-21-b7cb4041,CPU,2/21/2015,Canada,MB,Winnipeg,MPA Provincial Championship
1024,cpu/2015-02-22-7aade0c8,CPU,2/22/2015,Canada,BC,Richmond,BCPA Winter Open
1025,cpu/2015-03-06-976c7ac0,CPU,3/6/2015,USA,OH,Columbus,Arnold Sports Festival
1026,cpu/2015-04-06-36300976,CPU,4/6/2015,Canada,NL,St. John's,2015 Canadian Championship
1027,cpu/2015-04-19-bb1cd563,CPU,4/19/2015,Canada,BC,Langley,Centaur Championship
1028,cpu/2015-04-25-25801ba5,CPU,4/25/2015,Canada,QC,Drummondville,Central Quebec Qualifier
1029,cpu/2015-04-30-045ba2c4,CPU,4/30/2015,Canada,ON,Hamilton,Hamilton High School Championship
1030,cpu/2015-04-30-6bbf92b8,CPU,4/30/2015,Canada,ON,London,London High School Regional
1031,cpu/2015-05-02-df727191,CPU,5/2/2015,Canada,AB,Calgary,Strive Alive
1032,cpu/2015-05-09-cfe0e845,CPU,5/9/2015,Canada,ON,St. Catherines,Niagara Open
1033,cpu/2015-05-16-75f81f14,CPU,5/16/2015,Canada,SK,Regina,Adrenaline Open
1034,cpu/2015-05-22-58ac2d5b,CPU,5/22/2015,Canada,BC,Abbotsford,BLM Spring Showdown
1035,cpu/2015-05-23-e6eabedf,CPU,5/23/2015,Canada,NS,Lower Sackville,Nova Scotia Provincial Championship
1036,cpu/2015-05-30-6c6d605d,CPU,5/30/2015,Canada,ON,Belle River,Belle River Open
1037,cpu/2015-06-06-e78684d8,CPU,6/6/2015,Canada,ON,Toronto,Toronto Supershow
1038,cpu/2015-06-07-19246c47,CPU,6/7/2015,Canada,AB,Calgary,Last Chance Qualifier
1039,cpu/2015-06-20-33451bba,CPU,6/20/2015,Canada,PE,Charlottetown,Prince County Open
1040,cpu/2015-06-20-78433234,CPU,6/20/2015,Canada,ON,Mississauga,Titans Of Mississauga
1041,cpu/2015-06-20-becda45d,CPU,6/20/2015,Canada,SK,Moose Jaw,Unparalleled Open
1042,cpu/2015-06-23-ffe9ce44,CPU,6/23/2015,Canada,MB,Southport,Portage Strength Classic
1043,cpu/2015-06-26-e153f6da,CPU,6/26/2015,Canada,NL,St. John's,Newfoundland Provincials
1044,cpu/2015-06-27-42cf9711,CPU,6/27/2015,Canada,BC,Vancouver,BC Provincial Championship
1045,cpu/2015-07-04-5786258c,CPU,7/4/2015,Canada,AB,Calgary,Alberta Provincials
1046,cpu/2015-07-11-2a4f6e07,CPU,7/11/2015,Canada,QC,Drummondville,Central Quebec Qualifier 2
1047,cpu/2015-07-13-ce7b2a05,CPU,7/13/2015,Canada,NB,Oromocto,New Brunswick Provincials
1048,cpu/2015-07-18-fcfe1fea,CPU,7/18/2015,Canada,ON,London,London Open
1049,cpu/2015-07-25-6bee4191,CPU,7/25/2015,Canada,ON,Ottawa,Ottawa Strong Open
1050,cpu/2015-08-02-e8684b9b,CPU,8/2/2015,Canada,AB,Edmonton,Bay Noppers Memorial
1051,cpu/2015-08-08-d1472c9d,CPU,8/8/2015,Canada,ON,Amprior,UF Open
1052,cpu/2015-08-15-60b91b86,CPU,8/15/2015,Canada,ON,Hamilton,DVP Open
1053,cpu/2015-08-15-6e471bb0,CPU,8/15/2015,Canada,BC,Kamloops,Bent Iron Blitz
1054,cpu/2015-08-22-71b27801,CPU,8/22/2015,Canada,ON,Ottawa,DTS Open
1055,cpu/2015-08-22-bfc604cb,CPU,8/22/2015,Canada,NS,Sydney,ATP Open
1056,cpu/2015-08-24-66f9f1bf,CPU,8/24/2015,Canada,AB,Edmonton,Evolve/LRP Open
1057,cpu/2015-08-29-52da2866,CPU,8/29/2015,Canada,QC,Longueuil,Classique Rhino Rive-Sud
1058,cpu/2015-08-30-87520a08,CPU,8/30/2015,Canada,ON,Durham,Durham Classic
1059,cpu/2015-09-05-11477d9c,CPU,9/5/2015,Canada,QC,Drummondville,Qualification Open Centre-du-Quebec 3
1060,cpu/2015-09-05-2fbb09d7,CPU,9/5/2015,Canada,SK,Weyburn,Saskatchewan Provincials
1061,cpu/2015-09-12-0640a5ca,CPU,9/12/2015,Canada,ON,Orangeville,Orangeville Open
1062,cpu/2015-09-20-3ac22eaa,CPU,9/20/2015,Canada,ON,North Bay,North Bay Open
1063,cpu/2015-09-26-72b21cef,CPU,9/26/2015,Canada,MB,Winnipeg,17 Wing
1064,cpu/2015-09-27-371afa8c,CPU,9/27/2015,Canada,NL,St. John's,Eastern Canadians
1065,cpu/2015-09-27-51affee2,CPU,9/27/2015,Canada,ON,Ottawa,Victory Barbell Last Chance Open
1066,cpu/2015-09-27-90198478,CPU,9/27/2015,Canada,QC,Jonquiere,MOFO Qualification
1067,cpu/2015-10-04-91d2cc65,CPU,10/4/2015,Canada,ON,Dundas,DVP Fall Qualifier
1068,cpu/2015-10-10-2525ba45,CPU,10/10/2015,Canada,PE,Stanford,Domina Classic II
1069,cpu/2015-10-10-6c6d605d,CPU,10/10/2015,Canada,ON,Belle River,Belle River Open
1070,cpu/2015-10-17-08529716,CPU,10/17/2015,Canada,ON,Ottawa,Ottawa Fall Open
1071,cpu/2015-10-17-3fd1dc22,CPU,10/17/2015,Canada,AB,Edmonton,Evolve Open II
1072,cpu/2015-10-17-81b29779,CPU,10/17/2015,Canada,BC,Abbotsford,BCPA Fall Classic
1073,cpu/2015-10-24-895d7242,CPU,10/24/2015,Canada,,,VSC Open
1074,cpu/2015-10-31-1e6c6a5c,CPU,10/31/2015,Canada,SK,Saskatoon,Canadian Strength Symposium
1075,cpu/2015-10-31-8dbed4a7,CPU,10/31/2015,Canada,ON,Hamilton,Ontario Junior/Sub-Juniors Championship
1076,cpu/2015-11-08-a40b36d2,CPU,11/8/2015,Canada,BC,Abbotsford,Gord Pronick Memorial
1077,cpu/2015-11-14-18717635,CPU,11/14/2015,Canada,QC,Drummondville,Quebec Provincials
1078,cpu/2015-11-14-4499cdc2,CPU,11/14/2015,Canada,AB,Edmonton,Powersurge VI
1079,cpu/2015-11-21-8f1ce146,CPU,11/21/2015,Canada,ON,Ottawa,Ontario Open and Masters Provincials
1080,cpu/2015-12-05-5c95d074,CPU,12/5/2015,Canada,PE,Montague,Kings County Open
1081,cpu/2015-12-05-aaa47cfa,CPU,12/5/2015,Canada,NL,Mt. Pearl,MM Performance
1082,cpu/2015-12-18-75b134a7,CPU,12/18/2015,Canada,SK,Moose Jaw,Western Canadian Championship
1083,cpu/2015-12-19-6f13a30f,CPU,12/19/2015,Canada,SK,Moose Jaw,Last Chance Open
1084,cpu/2016-01-16-97ce0c95,CPU,1/16/2016,Canada,BC,Richmond,New Year's Revolution
1085,cpu/2016-01-23-25801ba5,CPU,1/23/2016,Canada,QC,Drummondville,Central Quebec Qualifier
1086,cpu/2016-01-23-ca71b246,CPU,1/23/2016,Canada,NS,Dartmouth,Mike Laroche Open
1087,cpu/2016-01-31-fcfe1fea,CPU,1/31/2016,Canada,ON,London,London Open
1088,cpu/2016-02-06-1cd60042,CPU,2/6/2016,Canada,MB,Winnipeg,Brickhouse Power Challenge
1089,cpu/2016-02-06-f648d09d,CPU,2/6/2016,Canada,ON,Markham,College and University Competition
1090,cpu/2016-02-15-10930ceb,CPU,2/15/2016,Canada,SK,Regina,Canadian Championship
1091,cpu/2016-03-02-a223d30d,CPU,3/2/2016,Canada,MB,Brandon,Westman Embark Open
1092,cpu/2016-03-12-885bd231,CPU,3/12/2016,Canada,AB,Calgary,United Barbell Open
1093,cpu/2016-03-20-7aade0c8,CPU,3/20/2016,Canada,BC,Richmond,BCPA Winter Open
1094,cpu/2016-04-02-040bb6c0,CPU,4/2/2016,Canada,SK,Saskatoon,Synergy Open
1095,cpu/2016-04-16-572c8ce9,CPU,4/16/2016,Canada,NB,Oromocto,New Brunswick Open
1096,cpu/2016-04-16-aaa47cfa,CPU,4/16/2016,Canada,NL,Mount Pearl,MM Performance
1097,cpu/2016-04-21-eb7c5cc8,CPU,4/21/2016,Canada,ON,Belle River,Belle River High School Contest
1098,cpu/2016-04-23-1dd94ca7,CPU,4/23/2016,Canada,QC,Montreal,Challenge For The Children
1099,cpu/2016-04-23-6c6d605d,CPU,4/23/2016,Canada,ON,Belle River,Belle River Open
1100,cpu/2016-04-30-58ac2d5b,CPU,4/30/2016,Canada,BC,Abbotsford,BLM Spring Showdown
1101,cpu/2016-04-30-e893f471,CPU,4/30/2016,Canada,PE,Charlottetown,Warrior Ludus Open
1102,cpu/2016-05-07-b2939c05,CPU,5/7/2016,Canada,QC,Rimouski,Rimouski Open
1103,cpu/2016-05-14-b100e8bc,CPU,5/14/2016,Canada,AB,Edmonton,Edmonton Oil Cup
1104,cpu/2016-05-14-cfe0e845,CPU,5/14/2016,Canada,ON,St. Catherines,Niagara Open
1105,cpu/2016-05-21-b1c96089,CPU,5/21/2016,Canada,SK,Regina,War Of The West
1106,cpu/2016-06-04-a41c4e59,CPU,6/4/2016,Canada,NS,Lower Sackville,Nova Scotia Provincials
1107,cpu/2016-06-04-e78684d8,CPU,6/4/2016,Canada,ON,Toronto,Toronto Supershow
1108,cpu/2016-06-11-39fc76a3,CPU,6/11/2016,Canada,NL,St John's,Newfoundland Open and Masters Provincials
1109,cpu/2016-06-11-41b0a00e,CPU,6/11/2016,Canada,QC,Ste-Marie,Ste-Marie Sport Festival
1110,cpu/2016-06-11-5786258c,CPU,6/11/2016,Canada,AB,Cold Lake,Alberta Provincials
1111,cpu/2016-06-11-8983c6ba,CPU,6/11/2016,Canada,ON,Ottawa,Ottawa Open June
1112,cpu/2016-06-25-f7c045d7,CPU,6/25/2016,Canada,BC,Surrey,BC Provincials
1113,cpu/2016-06-29-ffe9ce44,CPU,6/29/2016,Canada,MB,Portage La Prairie,Portage Strength Classic
1114,cpu/2016-07-09-a3c20a41,CPU,7/9/2016,Canada,QC,Drummondville,Central Quebec Open
1115,cpu/2016-07-09-fcfe1fea,CPU,7/9/2016,Canada,ON,London,London Open
1116,cpu/2016-07-16-a59a7f36,CPU,7/16/2016,Canada,ON,Ottawa,Ottawa Summer Showcase
1117,cpu/2016-07-23-d399db47,CPU,7/23/2016,Canada,SK,Regina,Trench Fitness Open
1118,cpu/2016-07-31-e8684b9b,CPU,7/31/2016,Canada,AB,Edmonton,Bay Noppers Memorial
1119,cpu/2016-08-06-11b14f0d,CPU,8/6/2016,Canada,QC,Saquenay,Saquenay Open
1120,cpu/2016-08-07-141faa0a,CPU,8/7/2016,Canada,BC,Victoria,Taranis Athletics Open
1121,cpu/2016-08-13-6631268a,CPU,8/13/2016,Canada,NL,Mt. Pearl,HWTC Open
1122,cpu/2016-08-13-731253a5,CPU,8/13/2016,Canada,ON,Arnprior,Ultimate Fitness Open
1123,cpu/2016-08-19-75b134a7,CPU,8/19/2016,Canada,BC,Kamloops,Western Canadian Championship
1124,cpu/2016-08-27-7a3662f7,CPU,8/27/2016,Canada,AB,Edmonton,Smartlifts Open
1125,cpu/2016-08-27-87520a08,CPU,8/27/2016,Canada,ON,Durham,Durham Classic
1126,cpu/2016-08-27-e7923e17,CPU,8/27/2016,Canada,NS,Sydney,ATP Summer Open
1127,cpu/2016-09-10-0640a5ca,CPU,9/10/2016,Canada,ON,Orangeville,Orangeville Open
1128,cpu/2016-09-10-6db67933,CPU,9/10/2016,Canada,QC,Quebec City,Barbare Open
1129,cpu/2016-09-18-a3fbaa79,CPU,9/18/2016,Canada,AB,Calgary,Strength Edge Open
1130,cpu/2016-09-24-2862e064,CPU,9/24/2016,Canada,ON,Scarborough,Last Chance Zone Open
1131,cpu/2016-09-24-33a1ff9e,CPU,9/24/2016,Canada,NL,St. John's,Eastern Canadian Championship
1132,cpu/2016-09-24-f97bedce,CPU,9/24/2016,Canada,MB,Winnipeg,Manitoba Provincials
1133,cpu/2016-10-01-2fbb09d7,CPU,10/1/2016,Canada,SK,Saskatoon,Saskatchewan Provincials
1134,cpu/2016-10-01-87ba784e,CPU,10/1/2016,Canada,ON,Scarborough,Scarborough Fall Qualifier
1135,cpu/2016-10-07-0d35f1f3,CPU,10/7/2016,Canada,ON,Brampton,Sheridan Bruins Collegiate Open
1136,cpu/2016-10-15-81b29779,CPU,10/15/2016,Canada,BC,Abbotsford,BCPA Fall Classic
1137,cpu/2016-10-15-b95cc594,CPU,10/15/2016,Canada,ON,Mississauga,Titans Of Mississauga Open
1138,cpu/2016-10-15-f5ad5460,CPU,10/15/2016,Canada,QC,Drummondville,Centre Du Quebec Open
1139,cpu/2016-10-22-6c6d605d,CPU,10/22/2016,Canada,ON,Belle River,Belle River Open
1140,cpu/2016-10-22-9ee4b37e,CPU,10/22/2016,Canada,QC,Montreal,Epicentre Open
1141,cpu/2016-10-22-c3284ded,CPU,10/22/2016,Canada,NS,Sackville,Mainland Fall Classic
1142,cpu/2016-10-29-589b4162,CPU,10/29/2016,Canada,AB,Grande Prairie,VO2 Power Classic
1143,cpu/2016-10-29-638d4ca3,CPU,10/29/2016,Canada,ON,Ottawa,Ontario Junior / Sub-Junior Championship
1144,cpu/2016-11-12-18717635,CPU,11/12/2016,Canada,QC,Drummondville,Quebec Provincials
1145,cpu/2016-11-12-4237e972,CPU,11/12/2016,Canada,AB,Edmonton,Powersurge
1146,cpu/2016-11-12-aecc3f69,CPU,11/12/2016,Canada,ON,St. Catherines,Ontario Masters and Open Championship
1147,cpu/2016-11-12-df405e10,CPU,11/12/2016,Canada,NS,Sydney,YMCA Open
1148,cpu/2016-11-12-ec3ff83d,CPU,11/12/2016,Canada,ON,St. Catherines,Ontario Masters/Open Benchpress Championship
1149,cpu/2016-11-26-2b742d5b,CPU,11/26/2016,Canada,NL,Paradise,Newfoundland Sub-Junior/Junior Provincials
1150,cpu/2016-11-27-8e5da16e,CPU,11/27/2016,Canada,BC,Abbotsford,Pronick Invitational
1151,cpu/2016-12-03-5ab8d575,CPU,12/3/2016,Canada,PE,Montague,PEI Open and Masters Provincials
1152,cpu/2016-12-10-6f13a30f,CPU,12/10/2016,Canada,SK,Moose Jaw,Last Chance Open
1153,cpu/2017-01-05-6b880892,CPU,1/5/2017,Canada,ON,Guelph,Central Canadian Championship
1154,cpu/2017-01-14-6391d938,CPU,1/14/2017,Canada,BC,Vancouver,UBC New Year's Championship
1155,cpu/2017-01-21-4976486f,CPU,1/21/2017,Canada,ON,Barrie,Barrie Open
1156,cpu/2017-01-28-1707c2ea,CPU,1/28/2017,Canada,SK,Regina,University of Saskatchewan Open
1157,cpu/2017-01-29-4266a63c,CPU,1/29/2017,Canada,AB,Edmonton,Grit Power Open
1158,cpu/2017-02-04-3baacb05,CPU,2/4/2017,Canada,ON,Markham,Seneca College Open
1159,cpu/2017-02-04-de6a9803,CPU,2/4/2017,Canada,MB,Winnipeg,Brickhouse Challenge
1160,cpu/2017-02-11-059d8e4d,CPU,2/11/2017,Canada,NS,Halifax,Mike LaRoche Memorial Open
1161,cpu/2017-02-18-7aade0c8,CPU,2/18/2017,Canada,BC,Burnaby,BCPA Winter Open
1162,cpu/2017-02-26-a830795f,CPU,2/26/2017,Canada,ON,Ottawa,College University Capital Classic
1163,cpu/2017-03-13-4d8e5368,CPU,3/13/2017,Canada,QC,Saguenay,Canadian National Championship
1164,cpu/2017-03-25-55bfabb7,CPU,3/25/2017,Canada,ON,Courtice,Invictus Open
1165,cpu/2017-03-25-b100e8bc,CPU,3/25/2017,Canada,AB,Edmonton,Edmonton Oil Cup
1166,cpu/2017-04-08-58ac2d5b,CPU,4/8/2017,Canada,BC,Abbotsford,BLM Spring Showdown
1167,cpu/2017-04-08-9cf5de31,CPU,4/8/2017,Canada,AB,Edmonton,UAPA Novice Open
1168,cpu/2017-04-16-040bb6c0,CPU,4/16/2017,Canada,SK,Saskatoon,Synergy Open
1169,cpu/2017-04-22-87cb48aa,CPU,4/22/2017,Canada,MB,CFB Shilo,Westman Strength Classic
1170,cpu/2017-04-29-aaa47cfa,CPU,4/29/2017,Canada,NL,Paradise,MM Performance
1171,cpu/2017-05-06-ee1a94b3,CPU,5/6/2017,Canada,ON,Toronto,Lab Spring Classic
1172,cpu/2017-05-07-e7456923,CPU,5/7/2017,Canada,AB,Calgary,Calgary Spring Open
1173,cpu/2017-05-13-6c6d605d,CPU,5/13/2017,Canada,ON,Belle River,Belle River Open
1174,cpu/2017-05-20-80fb39d8,CPU,5/20/2017,Canada,ON,Scarborough,Scarborough Spring Classic
1175,cpu/2017-05-20-b42cba37,CPU,5/20/2017,Canada,SK,Regina,War Of The West Invitational
1176,cpu/2017-05-27-86052b4d,CPU,5/27/2017,Canada,ON,Toronto,Toronto Pro Supershow
1177,cpu/2017-05-27-9a2b80d2,CPU,5/27/2017,Canada,NS,,NS and NB Provincials Combined
1178,cpu/2017-05-27-a60820ee,CPU,5/27/2017,Canada,QC,Montreal,Montreal Childrens Fund Fundraiser
1179,cpu/2017-06-03-2614b02d,CPU,6/3/2017,Canada,MB,Winnipeg,Manitoba Provincial Championship
1180,cpu/2017-06-03-6e3ba503,CPU,6/3/2017,Canada,ON,Ottawa,Ottawa Open
1181,cpu/2017-06-10-42cf9711,CPU,6/10/2017,Canada,BC,Surrey,BC Provincial Championship
1182,cpu/2017-06-10-4b8ba696,CPU,6/10/2017,Canada,QC,Ste-Marie de Beauce,Festival Sportif De Ste-Marie
1183,cpu/2017-06-10-cfe0e845,CPU,6/10/2017,Canada,ON,St. Catherines,Niagara Open
1184,cpu/2017-06-11-d2002ff8,CPU,6/11/2017,Canada,AB,Calgary,Strength Edge Qualifier
1185,cpu/2017-06-17-17cb9189,CPU,6/17/2017,Canada,ON,Courtice,Antoniow Benchpress Classic
1186,cpu/2017-06-18-a591d11d,CPU,6/18/2017,Canada,ON,Courtice,Clarrington Classic
1187,cpu/2017-07-08-02f1a3c5,CPU,7/8/2017,Canada,ON,North York,Apex Summer Showdown
1188,cpu/2017-07-08-5786258c,CPU,7/8/2017,Canada,AB,Edmonton,Alberta Provincials
1189,cpu/2017-07-08-e6f7df2a,CPU,7/8/2017,Canada,BC,Kamloops,NXL Bent Iron Blitz
1190,cpu/2017-07-15-e153f6da,CPU,7/15/2017,Canada,NL,St. Johns,Newfoundland Provincials
1191,cpu/2017-07-22-6e641448,CPU,7/22/2017,Canada,ON,Barrie,APS Barrie Summer Open
1192,cpu/2017-08-05-6f20b51c,CPU,8/5/2017,Canada,PE,Charlottetown,PEI Provincial Championship
1193,cpu/2017-08-06-1e7846a2,CPU,8/6/2017,Canada,BC,Victoria,Lift The Rock
1194,cpu/2017-08-06-57f24185,CPU,8/6/2017,Canada,QC,Saguenay,Saguenay Open
1195,cpu/2017-08-06-e8684b9b,CPU,8/6/2017,Canada,AB,Edmonton,Bay Noppers Memorial
1196,cpu/2017-08-12-731253a5,CPU,8/12/2017,Canada,ON,Ottawa,Ultimate Fitness Open
1197,cpu/2017-08-13-cc68f736,CPU,8/13/2017,Canada,ON,Scarborough,Eastbound Summer Classic 3
1198,cpu/2017-08-18-6b880892,CPU,8/18/2017,Canada,QC,Quebec City,Central Canadian Championship
1199,cpu/2017-08-26-2fbb09d7,CPU,8/26/2017,Canada,SK,Regina,Saskatchewan Provincials
1200,cpu/2017-08-26-39f5473b,CPU,8/26/2017,Canada,ON,Welland,Top Dawgs Open
1201,cpu/2017-08-26-bfc604cb,CPU,8/26/2017,Canada,NS,Sydney,ATP Open
1202,cpu/2017-08-26-e9961c3b,CPU,8/26/2017,Canada,AB,Grande Prairie,VO2 Max Summer Lift Off
1203,cpu/2017-09-08-75b134a7,CPU,9/8/2017,Canada,MB,Winnipeg,Western Canadian Championship
1204,cpu/2017-09-09-fcfe1fea,CPU,9/9/2017,Canada,ON,London,London Open
1205,cpu/2017-09-16-1a959c5f,CPU,9/16/2017,Canada,NL,Mount Pearl,2nd Annual Heavyweights Powerlifting Open
1206,cpu/2017-09-16-1cc8386b,CPU,9/16/2017,Canada,BC,Abbotsford,BC Fall Classic
1207,cpu/2017-09-16-b7172473,CPU,9/16/2017,Canada,ON,Ottawa,Ontario Sub-Junior/Junior Provincial Championship
1208,cpu/2017-09-16-f6f20bbd,CPU,9/16/2017,Canada,AB,Calgary,XLR8
1209,cpu/2017-09-23-94e5c808,CPU,9/23/2017,Canada,ON,Belle River,Belle River Fall Open
1210,cpu/2017-09-24-3ac22eaa,CPU,9/24/2017,Canada,ON,North Bay,North Bay Open
1211,cpu/2017-09-30-c95a7eda,CPU,9/30/2017,Canada,QC,St-Romuald,Black Sheep Classic
1212,cpu/2017-10-14-78433234,CPU,10/14/2017,Canada,ON,Mississauga,Titans of Mississauga
1213,cpu/2017-10-14-e77f7b2e,CPU,10/14/2017,Canada,BC,New Westminster,Vancity Showdown
1214,cpu/2017-10-21-5730cf48,CPU,10/21/2017,Canada,PE,Charlottetown,Iron Bug Open
1215,cpu/2017-10-27-33a1ff9e,CPU,10/27/2017,Canada,NS,Halifax,Eastern Canadian Championship
1216,cpu/2017-10-29-d435b3d8,CPU,10/29/2017,Canada,ON,Hamilton,Hamilton Open
1217,cpu/2017-11-04-9b487e69,CPU,11/4/2017,Canada,SK,Weyburn,In Depth Powerlifting
1218,cpu/2017-11-11-18717635,CPU,11/11/2017,Canada,QC,Drummondville,Quebec Provincials
1219,cpu/2017-11-12-737b50df,CPU,11/12/2017,Canada,AB,Edmonton,Powersurge VIII
1220,cpu/2017-11-16-8f1ce146,CPU,11/16/2017,Canada,ON,Bowmanville,Ontario Open and Masters Provincials
1221,cpu/2017-11-17-41e3d66c,CPU,11/17/2017,Canada,MB,Winnipeg,17 Wing Championship
1222,cpu/2017-11-18-099379f2,CPU,11/18/2017,Canada,BC,Abbotsford,Pronick Memorial
1223,cpu/2017-11-18-8e5da16e,CPU,11/18/2017,Canada,BC,Abbotsford,Pronick Invitational
1224,cpu/2017-12-02-698431a3,CPU,12/2/2017,Canada,ON,Guelph,Vault Barbell Open
1225,cpu/2017-12-02-a60d65f8,CPU,12/2/2017,Canada,PE,Montague,Kings County Open 3
1226,cpu/2017-12-09-986d0ca1,CPU,12/9/2017,Canada,NL,St. John's,709 Powerlifting Open
1227,cpu/2017-12-30-6f13a30f,CPU,12/30/2017,Canada,SK,Moose Jaw,Last Chance Open
1228,cpu/2018-01-06-4266a63c,CPU,1/6/2018,Canada,AB,Edmonton,Grit Power Open
1229,cpu/2018-01-14-41376254,CPU,1/14/2018,Canada,BC,Vancouver,UBC New Years' Championship
1230,cpu/2018-01-20-da2f37af,CPU,1/20/2018,Canada,SK,Regina,U of S Barbell Open
1231,epa/1201,EPA,8/6/2012,England,,Moulton,All England Powerlifting Championships 2012
1232,epa/1301,EPA,8/10/2013,England,,Moulton,All England Powerlifting Championships 2013
1233,epa/1401,EPA,8/16/2014,England,,Moulton,All England Powerlifting Championships 2014
1234,epa/1501,EPA,8/14/2015,England,,Moulton,All England Powerlifting Championships 2015
1235,epa/1502,EPA,7/12/2015,England,,Horncastle,English Bench Press Championships 2015
1236,epa/1701,EPA,8/20/2017,England,,,All Midlands Equipped Championship
1237,epa/1702,EPA,6/17/2017,England,,,Lancs & Cheshire Championships
1238,epa/1703,EPA,10/28/2017,England,,Gosport,All Midlands Masters
1239,epa/1704,EPA,8/12/2017,UK,,,East Midlands Master Juniors & Novices
1240,epa/1705,EPA,4/9/2017,England,,Cambridge,EM Anglian Open
1241,epa/1801,EPA,1/13/2018,England,,Liverpool,NW Novice Competition
1242,epf/1401,EPF,9/11/2014,Italy,,Borgaro Torinese,Western European Men's Championships
1243,epf/1402,EPF,9/11/2014,Italy,,Borgaro Torinese,Western European Women's Championships
1244,epf/1501,EPF,3/21/2015,Czechia,,Pilsen,1st European Men's Classic Championships
1245,epf/1502,EPF,3/21/2015,Czechia,,Pilsen,1st European Women's Classic Championships
1246,epf/1503,EPF,5/6/2015,Germany,,Chemnitz,European Open Men's Championships
1247,epf/1504,EPF,5/6/2015,Germany,,Chemnitz,European Open Women's Championships
1248,epf/1601,EPF,3/5/2016,Estonia,,Tartu,2nd European Men's Classic Championships
1249,epf/1602,EPF,3/5/2016,Estonia,,Tartu,2nd European Women's Classic Championships
1250,epf/1603,EPF,5/11/2016,Czechia,,Pilsen,European Open Men's Championships
1251,epf/1604,EPF,5/11/2016,Czechia,,Pilsen,European Open Women's Championships
1252,epf/1605,EPF,7/12/2016,Czechia,,Pilsen,2016 European Masters Men's Championships
1253,epf/1606,EPF,7/12/2016,Czechia,,Pilsen,2016 European Masters Women's Championships
1254,epf/1607,EPF,9/8/2016,Italy,,Borgaro Torinese,Western European Men's Championships
1255,epf/1608,EPF,9/8/2016,Italy,,Borgaro Torinese,Western European Men's Classic Championships
1256,epf/1609,EPF,9/8/2016,Italy,,Borgaro Torinese,Western European Women's Championships
1257,epf/1610,EPF,9/8/2016,Italy,,Borgaro Torinese,Western European Women's Classic Championships
1258,epf/1611,EPF,4/14/2016,Spain,,Malaga,European Sub-Junior & Junior Men's Championships
1259,epf/1612,EPF,4/14/2016,Spain,,Malaga,European Sub-Junior & Junior Women's Championships
1260,epf/1613,EPF,2/3/2016,Spain,,Malaga,2016 European Classic Mens Cup
1261,epf/1614,EPF,2/3/2016,Spain,,Malaga,2016 European Classic Womens Cup
1262,epf/1615,EPF,2/2/2016,Spain,,Malaga,2016 European Classic Mens Bench Press Cup
1263,epf/1616,EPF,2/2/2016,Spain,,Malaga,2016 European Womens Bench Press Cup
1264,epf/1701,EPF,3/12/2017,Denmark,,Thisted,2017 European Men's Classic Championships
1265,epf/1702,EPF,3/12/2017,Denmark,,Thisted,2017 European Women's Classic Championships
1266,epf/1703,EPF,5/8/2017,Spain,,Malaga,2017 European Men's Championships
1267,epf/1704,EPF,5/8/2017,Spain,,Malaga,2017 European Women's Championships
1268,fesupo/1501,FESUPO,9/16/2015,Brazil,,Ribeiro Preto,2015 Pan-American and South American Classic Championships
1269,fesupo/1502,FESUPO,12/5/2015,Peru,,Lima,Copa Rioplatense de Powerlifting
1270,fesupo/1601,FESUPO,7/14/2016,Brazil,,San Pablo,Sudamericano de Powerlifting Equipado 2016
1271,ffforce/1601,FFForce,4/9/2016,France,,Saint-Etienne,Championnats de France FA Elite 2015-2016
1272,ffforce/1602,FFForce,3/27/2016,France,,Mourmelon,Championnats de France PL 2015-2016
1273,ffforce/1603,FFForce,3/4/2016,France,,Linas-Montlhéry,Championnats de France FA Masters 2015-2016
1274,ffforce/1701,FFForce,4/8/2017,France,,Port-la-Nouvelle,France Force Athlétique Open 2017
1275,ffforce/1702,FFForce,3/26/2017,France,,Saint-Jean-de-Maurienne,France Powerlifting 2017
1276,ffforce/1703,FFForce,4/29/2017,France,,Saint-Junien,France Force Athlétique Jeunes 2017
1277,fpo/1501,FPO,1/31/2015,Finland,,Savonlinna,Savonlinna Record Breakers
1278,fpo/1502,FPO,9/26/2015,Finland,,Paimio,Paimio Power Weekend
1279,fpo/1602,FPO,3/19/2016,Finland,,Turku,Iloinen Härkä 2016
1280,fpo/1603,FPO,10/15/2016,Finland,,Savonlinna,RB Gym Open
1281,fpo/1701,FPO,5/27/2017,Finland,,Savolinna,Finnish Nationals
1282,fpo/1702,FPO,1/7/2017,Finland,,Turku,KP Gym Open
1283,fpo/1703,FPO,7/22/2017,Finland,,Turku,Night of the Champions
1284,fpo/1704,FPO,4/22/2017,Finland,,Savonlinna,National Full Gear Powerlifting Contest
1285,gpa/1401,GPA,11/21/2014,Australia,NSW,Sydney,GPA World Championships 2014
1286,gpa/1501,GPA,10/8/2015,USA,GA,Athens,GPA World Championships 2015
1287,gpa/1601,GPA,12/8/2016,Russia,,Dolgoprudny,2016 Drug-Tested World Championships
1288,gpa/1602,GPA,12/8/2016,Russia,,Dolgoprudny,2016 World Championships
1289,gpa/1701,GPA,3/24/2017,Malaysia,,,Malaysia National Championships 2017
1290,gpc/1501,GPC,9/13/2015,USA,NV,Las Vegas,2015 GPC Raw Powerlifting World Championships
1291,gpc/1502,GPC,9/17/2015,USA,NV,Las Vegas,2015 GPC Equipped Powerlifting World Championships
1292,gpc/1601,GPC,9/22/2016,Serbia,,Knjaževac,2016 GPC World Championships - Raw Powerlifting
1293,gpc/1602,GPC,9/21/2016,Serbia,,Knjaževac,2016 GPC World Championships - Raw Bench
1294,gpc/1603,GPC,9/21/2016,Serbia,,Knjaževac,2016 GPC World Championships - Raw Deadlift
1295,gpc/1604,GPC,9/18/2016,Serbia,,Knjaževac,2016 GPC World Championships - Equipped Bench
1296,gpc/1605,GPC,9/18/2016,Serbia,,Knjaževac,2016 GPC World Championships - Equipped Deadlift
1297,gpc/1606,GPC,9/19/2016,Serbia,,Knjaževac,2016 GPC World Championships - Equipped Powerlifting
1298,gpc/1607,GPC,9/20/2016,Serbia,,Knjaževac,2016 GPC World Championships - Paralympic Bench
1299,gpc/1701,GPC,9/14/2017,Czechia,,Trutnov,2017 GPC World Championships
1300,gpc-aus/1501,GPC-AUS,2/14/2015,Australia,QLD,Brisbane,QLD States 2015
1301,gpc-aus/1601,GPC-AUS,7/8/2016,Australia,QLD,Surfers Paradise,GPC OPEN RAW National Championships
1302,gpc-aus/1602,GPC-AUS,9/3/2016,Australia,VIC,Melbourne,Melbourne Cup
1303,gpc-aus/1701,GPC-AUS,7/21/2017,Australia,VIC,Frankston,GPC Nationals
1304,gpc-aus/1702,GPC-AUS,9/9/2017,Australia,VIC,Melbourne,Melbourne Cup
1305,gpc-aus/1703,GPC-AUS,10/7/2017,Australia,VIC,Frankston South,Teen/Junior/Master Nationals
1306,gpc-aus/1704,GPC-AUS,10/22/2017,Australia,SA,Adelaide,Adelaide Cup 2017
1307,gpc-aus/1705,GPC-AUS,10/22/2017,Australia,NSW,Sydney,Sydney Cup 2017
1308,gpc-aus/1706,GPC-AUS,11/19/2017,Australia,QLD,,Bris Qualifier
1309,gpc-aus/1707,GPC-AUS,7/9/2017,Australia,ACT,,Winter Classic
1310,gpc-aus/1708,GPC-AUS,12/3/2017,Australia,WA,Perth,Perth Push/Pull
1311,gpc-aus/1801,GPC-AUS,1/21/2018,Australia,QLD,,Gold Coast Nationals Qualifier
1312,gpc-aus/1802,GPC-AUS,1/28/2018,Australia,NSW,,Summer Showdown
1313,gpc-aus/1803,GPC-AUS,1/27/2018,Australia,VIC,,VIC Summer Classic
1314,gpc-aus/2013-nats-men-heavy,GPC-AUS,6/16/2013,Australia,VIC,Melbourne,Nationals Mens Over 100kg
1315,gpc-aus/2013-nats-men-light,GPC-AUS,6/15/2013,Australia,VIC,Melbourne,Nationals Mens Under 90kg
1316,gpc-aus/2013-nats-women,GPC-AUS,6/16/2013,Australia,VIC,Melbourne,Nationals Women
1317,gpc-gb/1601,GPC-GB,10/29/2016,UK,,Manchester,British Finals 2016
1318,gpc-gb/1701,GPC-GB,11/11/2017,UK,,,Women's British Finals
1319,herc/1501,HERC,6/6/2015,USA,NY,Syracuse,Syracuse Strongest
1320,herc/1502,HERC,11/21/2015,USA,NY,Syracuse,Beasts of New York
1321,herc/1601,HERC,11/5/2016,USA,NY,Syracuse,Beasts of New York Full Power Meet
1322,herc/1602,HERC,7/16/2016,USA,NY,Syracuse,Hot and Heavy Full Power Meet
1323,herc/1603,HERC,6/18/2016,USA,NY,Syracuse,Syracuse Strongest Bench at The Blarney Stone
1324,herc/1701,HERC,6/3/2017,USA,NY,Syracuse,Heavy Metal Drug-Free Meet
1325,herc/1702,HERC,2/18/2017,USA,NY,Syracuse,Iron Asylum Full Power Meet
1326,herc/1703,HERC,8/26/2017,USA,NY,Syracuse,Hot and Heavy
1327,herc/1704,HERC,10/21/2017,USA,NY,Syracuse,Iron Maiden Women's Pro/Am
1328,herc/1705,HERC,11/18/2017,USA,NY,Syracuse,Beasts of New York
1329,ipa/1301,IPA,8/17/2013,USA,PA,York,2013 IPA Westside Invitational Pro Open Powerlifting Championships
1330,ipa/1302,IPA,11/16/2013,USA,PA,York,National Powerlifting and Bench Press Championships
1331,ipa/1303,IPA,11/9/2013,USA,NY,Long Island,Long Island Fall Fest
1332,ipa/1304,IPA,3/23/2013,USA,NY,Ithaca,Ultimate Athletics Powerlifting Championships
1333,ipa/1305,IPA,9/21/2013,USA,CT,New Haven,Connecticut State Open Powerlifting Championships
1334,ipa/1306,IPA,1/19/2013,USA,SC,Columbia,Dixie BP Meet
1335,ipa/1307,IPA,10/19/2013,USA,NY,Ithaca,Ultimate Powerlifting Championships
1336,ipa/1308,IPA,4/6/2013,USA,SC,Greenville,Rebels Powerlifting and Bench Press Championships
1337,ipa/1309,IPA,6/22/2013,USA,PA,York,Strength Spectacular Powerlifting and Bench Press Championships
1338,ipa/1401,IPA,8/16/2014,USA,PA,York,2014 IPA Westside Pro Invitational Powerlifting Championships
1339,ipa/1402,IPA,11/15/2014,USA,PA,York,National Powerlifting Championships
1340,ipa/1403,IPA,12/13/2014,USA,MD,Rosedale,Metal Militia Christmas Carnage
1341,ipa/1404,IPA,12/6/2014,USA,NY,Ronkonkoma,Night Before Christmas
1342,ipa/1405,IPA,10/25/2014,USA,PA,Glen Rock,Mason Dixon Halloween Push/Pull
1343,ipa/1406,IPA,10/18/2014,USA,OH,Columbus,Ohio Grand Prix
1344,ipa/1407,IPA,10/11/2014,USA,SC,Columbia,The Big South Powerlifting and Bench Press Contest
1345,ipa/1408,IPA,10/4/2014,USA,CT,New Haven,Connecticut State Open Powerlifting Championships
1346,ipa/1409,IPA,8/2/2014,USA,WV,Morgantown,Mt. Madness Push/Pull Meet
1347,ipa/1410,IPA,7/14/2014,USA,PA,York,2014 Can-Am Police-Fire Games
1348,ipa/1411,IPA,6/21/2014,USA,PA,York,Strength Spectacular Powerlifting Championships
1349,ipa/1412,IPA,5/18/2014,USA,NY,Ronkonkoma,New York Grand Prix and Westside Pro Invitational Qualifier
1350,ipa/1413,IPA,5/3/2014,USA,SC,Columbia,South Carolina Rebels Powerlifting Contest
1351,ipa/1414,IPA,5/3/2014,USA,PA,Glen Rock,Adrenaline Junkies Bench Bash
1352,ipa/1415,IPA,4/26/2014,USA,NY,Ithaca,Ultimate IPA Powerlifting Meet
1353,ipa/1416,IPA,1/25/2014,USA,NY,Bohemia,Winter Heat
1354,ipa/1417,IPA,3/1/2014,USA,PA,York,Pennsylvania State Powerlifting Championships
1355,ipa/1501,IPA,2/28/2015,USA,IL,Aurora,2015 IPA Barbell Central Open
1356,ipa/1502,IPA,3/14/2015,USA,OH,Columbus,2015 IPA Battle of the Titans
1357,ipa/1503,IPA,6/21/2015,Canada,NS,Amherst,Power Wars
1358,ipa/1504,IPA,12/5/2015,USA,NY,Ronkonkoma,Jingle Bell Blast
1359,ipa/1505,IPA,11/7/2015,USA,NY,Ithaca,Ultimate Powerlifting Championships
1360,ipa/1506,IPA,11/7/2015,USA,OH,Columbus,Buckeye Bash
1361,ipa/1507,IPA,10/24/2015,USA,OH,Columbus,2015 Grand Prix National Powerlifting Championships
1362,ipa/1508,IPA,7/11/2015,USA,PA,Newtown,VIP Summer Classic
1363,ipa/1509,IPA,10/31/2015,USA,PA,Williamsport,Iron Legion/Super Beast Pro Gear Pennsylvania Ironman Championships II
1364,ipa/1510,IPA,10/3/2015,USA,CT,New Haven,Connecticut State Open Powerlifting Championships
1365,ipa/1511,IPA,1/31/2015,USA,PA,Allentown,Northeast Power Bowl II
1366,ipa/1512,IPA,7/18/2015,USA,NY,Plattsburgh,Powerhouse International Powerlifting Competition
1367,ipa/1513,IPA,6/20/2015,USA,PA,York,Strength Spectacular Powerlifting Championships
1368,ipa/1514,IPA,4/25/2015,USA,CT,Wallingford,Connecticut Ironman Push/Pull Showdown
1369,ipa/1515,IPA,4/11/2015,USA,NY,Ronkonkoma,New York Grand Prix and New Jersey State Championships
1370,ipa/1516,IPA,4/11/2015,USA,NY,Lake George,Metal Militia Spring Destruction Powerlifting Championships
1371,ipa/1517,IPA,3/7/2015,USA,NY,Ithaca,Eastern USA Powerlifting Championships
1372,ipa/1518,IPA,2/28/2015,USA,PA,York,Pennsylvania State Powerlifting Championships
1373,ipa/1601,IPA,2/6/2016,USA,CT,South Windsor,2016 IPA New England Record Breakers
1374,ipa/1602,IPA,1/9/2016,USA,WV,Morgantown,2016 IPA Mountain Madness Powerlifting Meet
1375,ipa/1603,IPA,1/30/2016,Finland,,Savonlinna,2016 IPA Savonlinna Record Breakers
1376,ipa/1604,IPA,8/20/2016,USA,WV,Morgantown,Mountain Madness Powerlifting Championships
1377,ipa/1605,IPA,7/23/2016,USA,PA,Newtown,VIP Summer Classic
1378,ipa/1606,IPA,6/25/2016,USA,TX,Corpus Christi,Titans of Bench
1379,ipa/1607,IPA,11/19/2016,USA,PA,York,National Powerlifting and Bench Press Championships
1380,ipa/1608,IPA,3/19/2016,USA,NY,Lake George,Metal Militia Full Power Wars
1381,ipa/1609,IPA,12/17/2016,USA,TN,Murfreesboro,Champion of Champions Powerlifting Meet
1382,ipa/1610,IPA,3/5/2016,USA,TN,Murfreesboro,Press Fitness 1st Annual Tennessee State Powerlifting Meet
1383,ipa/1611,IPA,12/10/2016,USA,OH,Newark,Buckeye Brawl
1384,ipa/1612,IPA,9/17/2016,USA,NY,Ronkonkoma,Long Island Throwdown Powerlifting Championships
1385,ipa/1613,IPA,9/10/2016,USA,PA,Greensburg,Lift for Dreams
1386,ipa/1614,IPA,3/5/2016,USA,PA,York,Pennsylvania State Powerlifting Championships
1387,ipa/1615,IPA,10/29/2016,Canada,NS,Amherst,Canada Nationals
1388,ipa/1616,IPA,10/22/2016,USA,IL,Granite City,Greater St. Louis Power Bash
1389,ipa/1617,IPA,10/15/2016,USA,CT,New Haven,Connecticut State Powerlifting Championships
1390,ipa/1618,IPA,8/13/2016,USA,NY,South Glens Falls,Metal Militia Power Wars
1391,ipa/1619,IPA,7/16/2016,USA,TN,Nashville,Battle of the Beast
1392,ipa/1620,IPA,6/25/2016,USA,PA,York,Strength Spectacular Powerlifting Championships
1393,ipa/1621,IPA,5/21/2016,USA,OH,Newark,Buckeye Bash Push/Pull
1394,ipa/1622,IPA,4/16/2016,USA,CT,Shelton,Connecticut Ironman Push/Pull Showdown
1395,ipa/1623,IPA,3/19/2016,USA,OH,Columbus,Battle of the Titans
1396,ipa/1624,IPA,4/9/2016,Canada,NS,Amherst,Victory or Valhalla Powerlifting Championships
1397,ipa/1625,IPA,3/5/2016,USA,NY,Ithaca,Eastern USA/New York State Powerlifting Championships
1398,ipa/1701,IPA,2/25/2017,Canada,NS,Enfield,Renfrew Push/Pull Pro/Am Championships
1399,ipa/1702,IPA,4/8/2017,USA,IL,Granite City,Illinois State Powerlifting Championships
1400,ipa/1703,IPA,3/25/2017,USA,PA,Newtown,VIP Spring Classic
1401,ipa/1704,IPA,3/4/2017,USA,NY,Ithaca,NYS/USA Powerlifting Championships
1402,ipa/1705,IPA,3/18/2017,USA,CT,Wallingford,Connecticut Ironman Push/Pull Showdown
1403,ipa/1706,IPA,3/11/2017,USA,TN,Murfreesboro,Tennessee State Powerlifting Championships
1404,ipa/1707,IPA,3/4/2017,USA,PA,York,Pennsylvania State Powerlifting Championships
1405,ipa/1708,IPA,4/29/2017,Canada,NS,Amherst,World Powerlifting Championships
1406,ipa/1709,IPA,4/29/2017,USA,OH,Newark,Iron Battle
1407,ipa/1710,IPA,6/17/2017,USA,PA,York,Strength Spectacular Powerlifting Championships
1408,ipa/1711,IPA,7/8/2017,USA,TN,Gainesboro,Battle of the Beast 2
1409,ipa/1712,IPA,7/15/2017,USA,PA,Newtown,VIP Summer Classic
1410,ipa/1713,IPA,8/12/2017,USA,PA,Pittsburgh,Lift for Dreams
1411,ipa/1714,IPA,9/16/2017,USA,NY,Ithaca,2017 IPA Raw Nationals
1412,ipa/1715,IPA,10/7/2017,USA,TN,Murfreesboro,Champion of Champions 2
1413,ipa/1716,IPA,10/21/2017,USA,CT,New Haven,Connecticut State Powerlifting Championships
1414,ipa/1717,IPA,10/28/2017,USA,PA,Pittsburgh,Halloween Push/Pull
1415,ipa/1718,IPA,11/18/2017,USA,PA,York,National Powerlifting & Bench Press Championships
1416,ipa/1719,IPA,12/9/2017,USA,OH,Newark,Buckeye Brawl
1417,ipf/0001,IPF,11/15/2000,Japan,,Akita,30th IPF Mens Open World Single Championships
1418,ipf/0002,IPF,5/24/2000,Argentina,,Buenos Aires,2000 Womens World Championships
1419,ipf/0801,IPF,10/30/2008,Canada,,St. John's,38th Men's Open World Championships
1420,ipf/0802,IPF,11/2/2008,Canada,,St. John's,29th World Open Women's Championships
1421,ipf/0901,IPF,11/2/2009,India,,New Delhi,39th Men's World Powerlifting Championships
1422,ipf/0902,IPF,11/1/2009,India,,New Delhi,30th Women's World Powerlifting Championships
1423,ipf/1001,IPF,11/7/2010,South Africa,,Potchefstroom,40th Men's World Championships
1424,ipf/1002,IPF,11/7/2010,South Africa,,Potchefstroom,31st Women's World Championships
1425,ipf/1101,IPF,11/8/2011,Czechia,,Pilsen,2011 World Open Men's Championships
1426,ipf/1102,IPF,11/8/2011,Czechia,,Pilsen,2011 World Open Women's Championships
1427,ipf/1201,IPF,11/10/2012,Puerto Rico,,Aguadilla,2012 World Open Men's Championships
1428,ipf/1202,IPF,11/10/2012,Puerto Rico,,Aguadilla,2012 World Open Women's Championships
1429,ipf/1203,IPF,6/12/2012,Sweden,,Stockholm,World Men's Classic Cup
1430,ipf/1204,IPF,6/12/2012,Sweden,,Stockholm,World Women's Classic Cup
1431,ipf/1301,IPF,6/11/2013,Russia,,Suzdal,1st Classic World Men's Championships
1432,ipf/1302,IPF,6/11/2013,Russia,,Suzdal,1st Classic World Women's Championships
1433,ipf/1303,IPF,11/4/2013,Norway,,Stavanger,2013 World Open Men's Championships
1434,ipf/1304,IPF,11/4/2013,Norway,,Stavanger,2013 World Open Women's Championships
1435,ipf/1305,IPF,7/30/2013,Colombia,,Cali,World Games 2013 Men
1436,ipf/1306,IPF,7/30/2013,Colombia,,Cali,World Games 2013 Women
1437,ipf/1401,IPF,6/1/2014,South Africa,,Potchefstroom,2014 Classic World Men's Championships
1438,ipf/1402,IPF,6/1/2014,South Africa,,Potchefstroom,2014 Classic World Women's Championships
1439,ipf/1403,IPF,11/3/2014,USA,CO,Aurora,2014 World Open Women's Championships
1440,ipf/1404,IPF,11/3/2014,USA,CO,Aurora,2014 World Open Men's Championships
1441,ipf/1501,IPF,11/9/2015,Luxembourg,,Hamm,2015 Men's World Open Powerlifting Championships
1442,ipf/1502,IPF,11/9/2015,Luxembourg,,Hamm,2015 Women's World Open Powerlifting Championships
1443,ipf/1503,IPF,6/5/2015,Finland,,Salo,2015 Classic World Men's Championships
1444,ipf/1504,IPF,6/5/2015,Finland,,Salo,2015 Classic World Women's Championships
1445,ipf/1505,IPF,8/31/2015,Czechia,,Prague,World Men's Sub-Junior and Junior Championships
1446,ipf/1506,IPF,8/31/2015,Czechia,,Prague,World Women's Sub-Junior and Junior Championships
1447,ipf/1507,IPF,9/28/2015,USA,CO,Aurora,2015 Men's World Masters Powerlifting Championships
1448,ipf/1508,IPF,9/28/2015,USA,CO,Aurora,2015 Women's World Masters Powerlifting Championships
1449,ipf/1601,IPF,6/19/2016,USA,TX,Killeen,2016 World Men's Classic Championships
1450,ipf/1602,IPF,6/19/2016,USA,TX,Killeen,2016 World Women's Classic Championships
1451,ipf/1603,IPF,3/5/2016,USA,OH,Columbus,2016 Arnolds Slingshot Pro American
1452,ipf/1604,IPF,3/6/2016,USA,OH,Columbus,2016 Arnolds Slingshot Pro Deadlift
1453,ipf/1605,IPF,3/6/2016,USA,OH,Columbus,2016 Arnolds NEXTLIFTER Ohio Classic Push-Pull
1454,ipf/1606,IPF,3/5/2016,USA,OH,Columbus,2016 Arnolds StartingStrength.com Pro Raw Challenge
1455,ipf/1607,IPF,3/5/2016,USA,OH,Columbus,2016 Arnolds SSP Nutrition Pro Raw Bench
1456,ipf/1608,IPF,9/3/2016,Poland,,Szczyrk,World Men's Sub-Junior and Junior Powerlifting Championships 2016
1457,ipf/1609,IPF,9/3/2016,Poland,,Szczyrk,World Women's Sub-Junior and Junior Powerlifting Championships 2016
1458,ipf/1610,IPF,7/11/2016,Belarus,,Minsk,1st University Men's Powerlifting World Cup
1459,ipf/1611,IPF,7/11/2016,Belarus,,Minsk,1st University Women's Powerlifting World Cup
1460,ipf/1612,IPF,5/15/2016,South Africa,,Potchefstroom,2016 World Men's Classic Bench Press Championships
1461,ipf/1613,IPF,5/15/2016,South Africa,,Potchefstroom,2016 World Women's Classic Bench Press Championships
1462,ipf/1614,IPF,10/3/2016,Estonia,,Tallinn,2016 World Masters Men's Championships
1463,ipf/1615,IPF,10/3/2016,Estonia,,Tallinn,2016 World Masters Women's Championships
1464,ipf/1616,IPF,11/14/2016,USA,FL,Orlando,2016 World Open Women's Championships
1465,ipf/1617,IPF,11/14/2016,USA,FL,Orlando,2016 World Open Men's Championships
1466,ipf/1701,IPF,6/14/2017,Belarus,,Minsk,World Classic Powerlifting Championships 2017
1467,ipf/1702,IPF,7/24/2017,Poland,,Wroclaw,World Games 2017
1468,ipf/1703,IPF,8/28/2017,USA,FL,Orlando,World Juniors & Sub-Juniors Championships
1469,ipf/1704,IPF,11/13/2017,Czechia,,Pilsen,World Open Championships
1470,ipf/1705,IPF,10/1/2017,Sweden,,Sundsvall,World Masters Powerlifting Championships
1471,ipf/1706,IPF,8/28/2017,USA,,Orlando,World Juniors & Sub-Juniors Championships
1472,ipf/1707,IPF,1/29/2017,Iceland,,Reykjavík,Reykjavík International Games
1473,ipf/1708,IPF,7/10/2017,South Africa,,Potchefstroom,2nd University Powerlifting Cup
1474,ipf/7401,IPF,11/9/1974,USA,PA,York,IPF World Men's Powerlifting Championship
1475,ipf/7501,IPF,11/22/1975,England,,Birmingham,IPF World Men's Powerlifting Championship
1476,ipf/7601,IPF,11/6/1976,USA,PA,York,IPF World Men's Powerlifting Championship
1477,ipf/7701,IPF,11/3/1977,Australia,WA,Perth,IPF World Men's Powerlifting Championship
1478,ipf/7801,IPF,11/2/1978,Finland,,Turku,IPF World Men's Powerlifting Championship
1479,ipf/7901,IPF,11/2/1979,USA,OH,Dayton,IPF World Men's Powerlifting Championship
1480,ipf/8001,IPF,11/7/1980,USA,VA,Arlington,IPF World Men's Powerlifting Championship
1481,ipf/8101,IPF,11/5/1981,India,WB,Calcutta,IPF World Men's Powerlifting Championship
1482,ipf/8201,IPF,11/4/1982,Germany,,Munich,IPF World Men's Powerlifting Championship
1483,ipf/8202,IPF,9/4/1982,USA,NC,Greensboro,1982 World Masters Powerlifting Championship
1484,ipf/8301,IPF,11/10/1983,Sweden,,Gothenburg,IPF World Men's Powerlifting Championship
1485,ipf/8302,IPF,9/3/1983,Canada,ON,London,1983 World Masters Powerlifting Championship
1486,ipf/8401,IPF,11/23/1984,USA,TX,Dallas,IPF World Men's Powerlifting Championship
1487,ipf/8402,IPF,12/13/1984,Australia,WA,Perth,1984 World Masters Powerlifting Championship
1488,ipf/8501,IPF,11/7/1985,Finland,,Espoo,IPF World Men's Powerlifting Championship
1489,ipf/8502,IPF,8/24/1985,Canada,ON,Toronto,World Masters Powerlifting Championship 1985
1490,ipf/8601,IPF,11/13/1986,Netherlands,,The Hague,IPF World Men's Powerlifting Championships
1491,ipf/8602,IPF,10/3/1986,Norway,,Sande,World Masters Powerlifting Championship
1492,ipf/8701,IPF,11/12/1987,Norway,,Fredrikstad,IPF World Men's Powerlifting Championship
1493,ipf/9201,IPF,11/19/1992,England,,Birmingham,IPF World Men's Powerlifting Championship
1494,ipf/9401,IPF,11/17/1994,South Africa,,Johannesburg,1994 IPF Senior World Championships
1495,irishpf/1501,IrishPF,5/30/2015,Ireland,,,Inaugural Championship
1496,irishpf/1502,IrishPF,8/8/2015,Ireland,,,Open Championships
1497,irishpf/1601,IrishPF,11/26/2016,Ireland,,,IPF-NIPF All Irelands 2016
1498,irishpf/1602,IrishPF,10/9/2016,Ireland,,,RevFit Bench and Deadlift
1499,irishpf/1603,IrishPF,10/8/2016,Ireland,,,RevFit Open
1500,irishpf/1604,IrishPF,9/3/2016,Ireland,,,Athlone Open
1501,irishpf/1605,IrishPF,6/19/2016,Ireland,,,Boyneside Regional Championships
1502,irishpf/1606,IrishPF,2/27/2016,Ireland,,,National Championships
1503,irishpf/1607,IrishPF,1/23/2016,Ireland,,,Novice Open
1504,irishpf/1701,IrishPF,5/27/2017,Ireland,,,May Open
1505,irishpf/1702,IrishPF,4/2/2017,Ireland,,,ABS Club Championships
1506,irishpf/1703,IrishPF,3/25/2017,Ireland,,,University Championships
1507,irishpf/1704,IrishPF,2/25/2017,Ireland,,,Ulster Open
1508,irishpf/1705,IrishPF,2/4/2017,Ireland,,,Munster Open
1509,irishpf/1706,IrishPF,1/21/2017,Ireland,,,Leinster Open
1510,irishpf/1707,IrishPF,7/29/2017,Ireland,,,National Championships
1511,irishpf/1708,IrishPF,9/2/2017,Ireland,,,September Open
1512,irishpf/1709,IrishPF,11/4/2017,Ireland,,Dublin,November Open 2017
1513,irishpf/1710,IrishPF,10/7/2017,Ireland,,Limerick,October Open 2017
1514,irishpf/1711,IrishPF,12/10/2017,Ireland,,,December Last Chance 2017
1515,mhp/1101,MHP,4/2/2011,USA,TX,Mesquite,Clash of the Titans IV
1516,mm/1601,MM,12/17/2016,USA,NY,Lake George,Memorial 2016
1517,mm/1701,MM,9/23/2017,USA,PA,Allentown,Old Iron Bull
1518,napf/0901,NAPF,8/4/2009,USA,FL,Miami,2009 NAPF North American Regional Championships
1519,napf/1201,NAPF,7/23/2012,Cayman Islands,,George Town,10th IPF-NAPF North American Regional Powerlifting Championships
1520,napf/1202,NAPF,3/2/2012,USA,OH,Columbus,Raw Challenge
1521,napf/1301,NAPF,7/1/2013,USA,FL,Orlando,11th North American Regional Powerlifting Championships
1522,napf/1401,NAPF,7/9/2014,US Virgin Islands,,St. Croix,2012 NAPF North American Regional Championships
1523,napf/1501,NAPF,7/7/2015,Canada,SK,Moose Jaw,13th Annual IPF/NAPF American Regional Powerlifting Championships
1524,napf/1601,NAPF,8/15/2016,US Virgin Islands,,St Croix,14th NAPF North American Regional Powerlifting Championships
1525,napf/1602,NAPF,8/15/2016,US Virgin Islands,,St Croix,9th NAPF Caribbean Powerlifting Championships
1526,napf/1701,NAPF,7/3/2017,USA,FL,Orlando,16th NAPF/FESUPO Pan-American Championships
1527,napf/1702,NAPF,10/25/2017,Canada,ON,Toronto,12th Annual North American Regional Bench Press Championships
1528,napf/7901,NAPF,5/26/1979,Canada,ON,Hamilton,1979 North American Powerlifting Championships
1529,nasa/1501,NASA,1/10/2015,USA,TX,Gilmer,Gilmer Open
1530,nasa/1502,NASA,1/24/2015,USA,MO,,Missouri State
1531,nasa/1503,NASA,2/14/2015,USA,,,Natural Nationals
1532,nasa/1504,NASA,2/21/2015,USA,,,Jerry Jones Bench Press
1533,nasa/1505,NASA,2/28/2015,USA,CO,,Colorado State
1534,nasa/1506,NASA,3/7/2015,USA,IN,,Indiana State
1535,nasa/1507,NASA,3/14/2015,USA,IA,,Iowa State
1536,nasa/1508,NASA,3/21/2015,USA,KS,,Kansas State
1537,nasa/1509,NASA,3/27/2015,USA,,,Highschool Nationals
1538,nasa/1510,NASA,4/4/2015,USA,OH,,Ohio State
1539,nasa/1511,NASA,4/11/2015,USA,OK,,Oklahoma State
1540,nasa/1512,NASA,4/18/2015,USA,TX,,Texas State
1541,nasa/1513,NASA,11/14/2015,USA,,,Masters Nationals
1542,nasa/1514,NASA,11/7/2015,USA,IA,,Iowa Regional
1543,nasa/1515,NASA,10/31/2015,USA,OK,,Oklahoma Grand
1544,nasa/1516,NASA,5/9/2015,USA,TX,,West Texas Open
1545,nasa/1517,NASA,5/9/2015,USA,KY,,Kentucky State
1546,nasa/1518,NASA,5/16/2015,USA,,,Bench Press Nationals
1547,nasa/1519,NASA,5/16/2015,USA,TN,,Tennessee State
1548,nasa/1520,NASA,5/30/2015,USA,CA,,Carolina State
1549,nasa/1521,NASA,6/21/2015,USA,,,USA Nationals
1550,nasa/1522,NASA,6/27/2015,USA,,,Open Nationals
1551,nasa/1523,NASA,7/11/2015,USA,,,Grand Nationals
1552,nasa/1524,NASA,8/8/2015,USA,,,World Cup
1553,nasa/1525,NASA,8/22/2015,USA,CO,,Colorado Grand
1554,nasa/1526,NASA,8/29/2015,USA,TX,,E. Texas Regional
1555,nasa/1527,NASA,9/26/2015,USA,NM,,New Mexico Regional
1556,nasa/1528,NASA,10/10/2015,USA,OH,,Ohio Regional
1557,nasa/1529,NASA,10/24/2015,USA,CO,,Colorado Regional
1558,nasa/1530,NASA,12/19/2015,USA,IL,,Illinois Regional
1559,nasa/1531,NASA,12/5/2015,USA,NM,,New Mexico Regional
1560,nasa/1532,NASA,11/28/2015,USA,KS,,Kansas Regional
1561,nasa/1533,NASA,4/25/2015,USA,NM,,New Mexico State
1562,nasa/1534,NASA,5/2/2015,USA,AZ,,Arizona State
1563,nasa/1535,NASA,11/21/2015,USA,,,Unequipped Nationals
1564,nasa/1536,NASA,11/21/2015,USA,WI,,Wisconsin State
1565,nasa/1537,NASA,5/2/2015,USA,WI,,Wisconsin Regional
1566,nasa/1601,NASA,1/9/2016,USA,TX,Lufkin,South Texas State
1567,nasa/1602,NASA,1/23/2016,USA,MO,Joplin,Missouri State
1568,nasa/1603,NASA,2/13/2016,USA,OK,Oklahoma City,Natural Nationals
1569,nasa/1604,NASA,2/27/2016,USA,TX,Dallas,World Sports Expo Exhibition
1570,nasa/1605,NASA,3/5/2016,USA,IN,,2016 Indiana State
1571,nasa/1606,NASA,3/12/2016,USA,TX,,2016 Texas State
1572,nasa/1607,NASA,3/19/2017,USA,KS,,2016 Kansas State
1573,nasa/1608,NASA,3/26/2017,USA,CO,,2016 Colorado State
1574,nasa/1609,NASA,4/2/2016,USA,,,2016 Hishschool Nationals
1575,nasa/1610,NASA,4/9/2016,USA,OH,,2016 Ohio State
1576,nasa/1611,NASA,4/16/2016,USA,IA,,2016 Iowa state
1577,nasa/1612,NASA,4/23/2016,USA,OK,,2016 Oklahoma state
1578,nasa/1613,NASA,4/30/2016,USA,NM,,2016 New Mexico state
1579,nasa/1614,NASA,4/30/2016,USA,SC,,2016 Carolina State
1580,nasa/1615,NASA,5/7/2016,USA,AZ,,Arizona State
1581,nasa/1616,NASA,8/20/2016,USA,TX,,East Texas Open
1582,nasa/1617,NASA,5/21/2016,USA,CO,,Bench Press Nationals
1583,nasa/1618,NASA,6/4/2016,USA,,,USA Nationals
1584,nasa/1619,NASA,8/27/2016,USA,,,Iron Sharpens Iron
1585,nasa/1620,NASA,7/9/2016,USA,,,Grand Nationals
1586,nasa/1621,NASA,8/13/2016,USA,,,World Cup
1587,nasa/1622,NASA,6/25/2016,USA,,,Open Nationals
1588,nasa/1623,NASA,10/1/2016,USA,CO,,Colorado Regional
1589,nasa/1624,NASA,10/15/2016,USA,,,Unequipped Nationals
1590,nasa/1625,NASA,10/22/2016,USA,IA,,Iowa Regional
1591,nasa/1626,NASA,10/29/2016,USA,OK,,Oklahoma Regional
1592,nasa/1627,NASA,11/5/2016,USA,,,Western States Nationals
1593,nasa/1628,NASA,11/12/2016,USA,,,Masters Nationals
1594,nasa/1629,NASA,11/19/2016,USA,MO,,Missouri Regional
1595,nasa/1630,NASA,11/26/2016,USA,KS,,Kansas Regional
1596,nasa/1631,NASA,12/3/2016,USA,NM,,New Mexico New Years Classic
1597,nasa/1632,NASA,5/7/2016,USA,WI,,Wisconsin State
1598,nasa/1633,NASA,12/17/2016,USA,IL,,Illinois Regional
1599,nasa/1701,NASA,1/14/2017,USA,MO,,Missouri State Championships
1600,nasa/1702,NASA,2/4/2017,USA,WI,,2017 Wisconsin State
1601,nasa/1703,NASA,2/11/2017,USA,,,Natural-Nationals
1602,nasa/1704,NASA,3/4/2017,USA,CO,,2017 Colorado State
1603,nasa/1705,NASA,3/11/2017,USA,TX,,2017 Texas State
1604,nasa/1706,NASA,3/18/2017,USA,IN,,2017 Indiana State
1605,nasa/1707,NASA,3/26/2017,USA,,,2017 Highschool Nationals
1606,nasa/1708,NASA,4/1/2017,USA,OH,,2017 Ohio State
1607,nasa/1709,NASA,4/15/2017,USA,KS,,2017 Kansas State
1608,nasa/1710,NASA,4/22/2017,USA,TN,,2017 Tennessee State
1609,nasa/1711,NASA,4/29/2017,USA,NM,,2017 New Mexico State
1610,nasa/1712,NASA,5/6/2017,USA,AZ,,2017 Arizona State
1611,nasa/1714,NASA,5/20/2017,USA,OK,,2017 Oklahoma State
1612,nasa/1715,NASA,6/10/2017,USA,,,2017-USA-Nationals
1613,nasa/1716,NASA,7/15/2017,USA,,,2017 Summer Nationals
1614,nasa/1717,NASA,7/22/2017,USA,,,2017 Grand Nationals
1615,nasa/1719,NASA,8/5/2017,USA,,,One Healthy Bod Expo
1616,nasa/1720,NASA,8/19/2017,USA,,,American Cup
1617,nasa/1721,NASA,1/7/2017,USA,TX,,South Texas State
1618,nasa/1722,NASA,10/21/2017,USA,TN,,Tennessee Regional
1619,nasa/1723,NASA,7/29/2017,USA,,,Tri State Regionals
1620,nasa/1724,NASA,10/7/2017,USA,CO,,Colorado Regionals
1621,nasa/1725,NASA,10/14/2017,USA,OH,Springfield,Unequipped Nationals
1622,nasa/1726,NASA,5/6/2017,USA,WI,,Wisconsin State Championship
1623,nasa/1727,NASA,9/23/2017,USA,NM,,Southern New Mexico Open
1624,nasa/1728,NASA,9/30/2017,USA,,,Jerry Jones Memorial PushPull
1625,nasa/1729,NASA,11/11/2017,USA,KS,,Kansas Regional
1626,nasa/1730,NASA,11/18/2017,USA,,,Masters Nationals
1627,nasa/1731,NASA,10/21/2017,USA,MO,,Missouri Regional
1628,nasa/1732,NASA,12/2/2017,USA,NM,,New Mexico Regional
1629,nasa/1733,NASA,12/16/2017,USA,TX,,Texas Holiday Classic
1630,nasa/1734,NASA,12/23/2017,USA,IL,,Illinois Christmas Regional
1631,nasa/1801,NASA,1/13/2018,USA,TX,,Southeast Texas State
1632,nipf/1101,NIPF,12/10/2011,N.Ireland,,,2011 Raw Power
1633,nipf/1201,NIPF,10/11/2012,N.Ireland,,,2012 NIPF Raw Power Championships
1634,nipf/1202,NIPF,10/6/2012,N.Ireland,,,2012 NIPF Push Pull
1635,nipf/1203,NIPF,8/18/2012,N.Ireland,,,2012 NIPF Bench Press Championships
1636,nipf/1204,NIPF,6/16/2012,N.Ireland,,,2012 Maxx Power Championships
1637,nipf/1205,NIPF,3/31/2012,N.Ireland,,,2012 NIPF Deadlift Championships
1638,nipf/1301,NIPF,11/23/2013,N.Ireland,,,2013 Raw Power
1639,nipf/1302,NIPF,9/14/2013,N.Ireland,,,2013 Push Pull Championships
1640,nipf/1303,NIPF,6/22/2013,N.Ireland,,,2013 Maxx Power Championships
1641,nipf/1304,NIPF,3/30/2013,N.Ireland,,,2013 NIPF Deadlift Championships
1642,nipf/1305,NIPF,2/23/2013,N.Ireland,,,2013 NIPF Bench Press Championships
1643,nipf/1401,NIPF,12/13/2014,N.Ireland,,,2014 Mens Junior and Masters Raw Power
1644,nipf/1402,NIPF,10/18/2014,N.Ireland,,,2014 NIPF Bench Press Championships
1645,nipf/1403,NIPF,9/27/2014,N.Ireland,,,2014 Raw Power - Senior Men and All Females Only
1646,nipf/1404,NIPF,8/30/2014,N.Ireland,,,2014 Push Pull
1647,nipf/1405,NIPF,5/31/2014,N.Ireland,,,2014 Maxx Power
1648,nipf/1406,NIPF,2/22/2014,N.Ireland,,,2014 NIPF Deadlift Championships
1649,nipf/1501,NIPF,12/5/2015,N.Ireland,,,All Ireland Classic
1650,nipf/1502,NIPF,11/7/2015,N.Ireland,,,2015 NIPF Deadlift Championships
1651,nipf/1503,NIPF,8/29/2015,N.Ireland,,,2015 NIPF Juniors and Masters Classic
1652,nipf/1504,NIPF,6/20/2015,N.Ireland,,,2015 NIPF Push/Pull
1653,nipf/1505,NIPF,4/11/2015,N.Ireland,,,2015 NIPF Classic Championships - Senior Men and Ladies
1654,nipf/1506,NIPF,2/21/2015,N.Ireland,,,2015 NIPF Bench Press Championships
1655,nipf/1601,NIPF,10/15/2016,N.Ireland,,,2016 NIPF Autumn Advance
1656,nipf/1602,NIPF,8/20/2016,N.Ireland,,,2016 Summer Showdown
1657,nipf/1603,NIPF,6/18/2016,N.Ireland,,,2016 Men's Raw Power
1658,nipf/1604,NIPF,4/16/2016,N.Ireland,,,2016 Women's Raw Power
1659,nipf/1605,NIPF,3/12/2016,N.Ireland,,,2016 Rookie Power
1660,nipf/1606,NIPF,2/6/2016,N.Ireland,,,2016 NIPF Big Lift Combo
1661,nipf/1608,NIPF,3/12/2016,N.Ireland,,,2016 Home Nations
1662,nipf/1701,NIPF,1/28/2017,N.Ireland,,,2017 Rookie Power 1
1663,nipf/1702,NIPF,2/4/2017,N.Ireland,,,2017 Seniors/Open Raw Power
1664,nipf/1703,NIPF,5/6/2017,N.Ireland,,,PNP Push/Pull Open
1665,nipf/1704,NIPF,6/24/2017,N.Ireland,,,Open Raw Power
1666,nipf/1705,NIPF,12/2/2017,N.Ireland,,,All Irelands Invitational
1667,nipf/1706,NIPF,9/30/2017,N.Ireland,,,Open 3-Lift
1668,npa/1701,NPA,7/22/2017,Israel,,Rison Letzion,Open Israel Championship
1669,nsf/1,NSF,1/8/2000,Norway,,Kristiansand,Kretsstevne
1670,nsf/10,NSF,2/7/2000,Norway,,Halden,Benkstevne
1671,nsf/100,NSF,10/21/2000,Norway,,Brumunddal,Seriestevne
1672,nsf/1001,NSF,6/5/2007,Norway,,Halden,Seriestevne
1673,nsf/1003,NSF,12/9/2006,Norway,,Stavanger,Klubbstevne
1674,nsf/1004,NSF,12/16/2006,Norway,,Bergen,Åpent stevne
1675,nsf/1005,NSF,12/27/2006,Norway,,Gressvik,Klubbstevne
1676,nsf/1006,NSF,1/6/2007,Norway,,Odderneshallen,Klubbstevne
1677,nsf/1007,NSF,1/17/2007,Norway,,Askim,Seriestevne
1678,nsf/1008,NSF,1/20/2007,Norway,,Alta,Finnmarkmesterskapet
1679,nsf/1009,NSF,6/22/2007,Norway,,Melhus,Klubbmesterskap
1680,nsf/101,NSF,10/21/2000,Norway,,Oslo,Seriestevne
1681,nsf/1010,NSF,12/9/2006,Norway,,Sande,Julestevne
1682,nsf/1012,NSF,6/30/2007,Norway,,Frogner,NM benkpress
1683,nsf/1013,NSF,8/22/1999,Norway,,Fagernes,NM benkpress
1684,nsf/1014,NSF,3/4/2000,Norway,,Oslo,Veteran NM
1685,nsf/1015,NSF,3/5/2000,Norway,,Oslo,B-NM
1686,nsf/1017,NSF,10/14/1995,Norway,,Oslo,RM Øst
1687,nsf/1019,NSF,8/11/2007,Norway,,Fræna,Åpent stevne
1688,nsf/102,NSF,10/23/2000,Norway,,Halden,Seriestevne
1689,nsf/1020,NSF,8/15/2007,Norway,,Sandnes,Seriestevne
1690,nsf/1021,NSF,12/9/2000,Norway,,Oslo,Lag-NM
1691,nsf/1022,NSF,12/4/1999,Norway,,Oslo,Julestevne
1692,nsf/1027,NSF,11/2/1996,Norway,,Fagernes,Junior NM
1693,nsf/1029,NSF,10/20/1998,Norway,,Gyor Ungarn,Junior VM
1694,nsf/103,NSF,10/23/2000,Norway,,Kjeller,Seriestevne
1695,nsf/1031,NSF,8/17/2007,Norway,,Trondheim,Klubbstevne
1696,nsf/1032,NSF,8/18/2007,Norway,,Melhus,Klubbmesterskap
1697,nsf/1034,NSF,5/12/2007,Norway,,Kirkenes,KM
1698,nsf/1036,NSF,8/25/2007,Norway,,Rana,Seriestevne
1699,nsf/1037,NSF,8/25/2007,Norway,,Ganddal,Seriestevne
1700,nsf/1038,NSF,9/1/2007,Norway,,Spikkestad,Kretsstevne
1701,nsf/1039,NSF,9/5/2007,Norway,,Oslo,Klubbstevne
1702,nsf/104,NSF,10/27/2000,Norway,,Steinkjer,Klubbstevne
1703,nsf/1041,NSF,9/8/2007,Norway,,Sande,Seriestevne
1704,nsf/1043,NSF,9/17/2007,Norway,,Frogner,Klubbmesterskap
1705,nsf/1046,NSF,9/29/2007,Norway,,Sande,Syd-Norsk
1706,nsf/1048,NSF,9/12/2007,Norway,,Brumunddal,Benkpresstevne
1707,nsf/1049,NSF,9/30/2007,Norway,,Sande,Syd-Norsk benkpress
1708,nsf/105,NSF,10/27/2000,Norway,,Hommersåk,Seriestevne
1709,nsf/1051,NSF,9/22/2007,Norway,,Varhol Fræna,Åpent stevne
1710,nsf/1055,NSF,10/6/2007,Norway,,Melhus,Klubbmesterskap
1711,nsf/1056,NSF,10/13/2007,Norway,,Bergen,Seriestevne
1712,nsf/1057,NSF,10/16/2007,Norway,,Sandnes,Seriestevne
1713,nsf/1058,NSF,8/24/2007,Norway,,Elnesvågen,Åpent stevne
1714,nsf/106,NSF,10/27/2000,Norway,,,Seriestevne
1715,nsf/1061,NSF,10/20/2007,Norway,,Brumunddal,Kretsmesterskap
1716,nsf/1062,NSF,10/20/2007,Norway,,Røros,Regionmesterskap
1717,nsf/1064,NSF,10/30/2007,Norway,,Sandnes,Lagserie
1718,nsf/1065,NSF,11/3/2007,Norway,,Elnesvågen,KM benkpress
1719,nsf/1066,NSF,10/27/2007,Norway,,Rana,Seriestevne
1720,nsf/1067,NSF,12/27/2006,Norway,,Gressvik,Klubbstevne
1721,nsf/1068,NSF,5/22/2007,Norway,,Bergen,Åpent stevne
1722,nsf/1069,NSF,11/5/2007,Norway,,Lørenskog,Klubbmesterskap
1723,nsf/107,NSF,10/28/2000,Norway,,Askim,Seriestevne
1724,nsf/1070,NSF,10/13/2007,Norway,,Borås,Benkpressstevne
1725,nsf/1073,NSF,9/29/2007,Norway,,Bergen,KM benkpress
1726,nsf/1074,NSF,11/16/2007,Norway,,Bergen,NM Ungdom Junior og Veteran
1727,nsf/1075,NSF,12/8/2007,Norway,,Bergen,Julestevne
1728,nsf/1076,NSF,12/8/2007,Norway,,Spikkestad,Benkpress-cup
1729,nsf/1077,NSF,12/12/2007,Norway,,Brumunddal,Seriestevne
1730,nsf/1078,NSF,12/15/2007,Norway,,Oslo,Åpent stevne
1731,nsf/1079,NSF,12/15/2007,Norway,,Rana,Julestevne
1732,nsf/108,NSF,10/28/2000,Norway,,Askim,Benkcup
1733,nsf/1080,NSF,12/8/2007,Norway,,Ganddal,Julestevne
1734,nsf/1081,NSF,12/15/2007,Norway,,Trondheim,Klubbstevne
1735,nsf/1082,NSF,12/15/2007,Norway,,Røros,Klubbstevne
1736,nsf/1083,NSF,12/11/2007,Norway,,Sande,Julestevne
1737,nsf/1084,NSF,12/14/2007,Norway,,Melhus,Klubbstevne
1738,nsf/1085,NSF,12/22/2007,Norway,,Fræna,Julestevne
1739,nsf/1087,NSF,12/22/2007,Norway,,Stavanger,Julestevne
1740,nsf/1088,NSF,12/22/2007,Norway,,Hommersåk,Klubbstevne
1741,nsf/1089,NSF,12/8/2007,Norway,,Elnesvågen,Midt-norsk benkpress
1742,nsf/109,NSF,10/28/2000,Norway,,Mo i Rana,Seriestevne
1743,nsf/1090,NSF,10/24/2007,Norway,,Askim,Seriestevne
1744,nsf/1091,NSF,10/27/2007,Norway,,Oddernes,Klubbstevne
1745,nsf/1092,NSF,11/10/2007,Norway,,Skoger,Klubbstevne
1746,nsf/1093,NSF,12/1/2007,Norway,,Oddernes,Klubbstevne
1747,nsf/1094,NSF,12/5/2007,Norway,,Askim,Seriestevne
1748,nsf/1095,NSF,12/21/2007,Norway,,Gressvik,Åpent stevne
1749,nsf/1096,NSF,11/3/2007,Norway,,Gressvik,KM benkpress
1750,nsf/1097,NSF,1/19/2008,Norway,,Sande,Seriestevne
1751,nsf/1098,NSF,1/19/2008,Norway,,Brumunddal,Klubbmesterskap
1752,nsf/1099,NSF,1/12/2008,Norway,,Oddernes,Klubbstevne
1753,nsf/11,NSF,2/11/2000,Norway,,Fredrikstad,Seriestevne
1754,nsf/110,NSF,11/11/2000,Norway,,Skogn,KM Benkpress
1755,nsf/1100,NSF,1/23/2008,Norway,,Askim,Klubbstevne
1756,nsf/1101,NSF,1/26/2008,Norway,,Melhus,Klubbmesterskap
1757,nsf/1102,NSF,2/9/2008,Norway,,Varhol,Åpent stevne
1758,nsf/1103,NSF,2/23/2008,Norway,,Steinkjer,RM Midt-Norge
1759,nsf/1105,NSF,2/27/2008,Norway,,Varhol Fræna,Klubbstevne
1760,nsf/1106,NSF,2/19/2008,Norway,,Lurahallen,Lagserien
1761,nsf/1107,NSF,2/23/2008,Norway,,Grubhei,Regionmesterskap
1762,nsf/111,NSF,11/11/2000,Norway,,Bergen,Junior NM
1763,nsf/1110,NSF,2/23/2008,Norway,,Brumunddal,RM Benkpress
1764,nsf/1111,NSF,2/23/2008,Norway,,Brumunddal,Regionmesterskap
1765,nsf/1112,NSF,2/23/2008,Norway,,Sande,Regionmesterskap
1766,nsf/1113,NSF,2/23/2008,Norway,,Sande,RM Benkpress
1767,nsf/1114,NSF,2/23/2008,Norway,,Haukelandshallen,RM Benkpress
1768,nsf/1115,NSF,2/23/2008,Norway,,Haukelandshallen,Regionmesterskap
1769,nsf/1116,NSF,2/23/2008,Norway,,Halden,Regionmesterskap
1770,nsf/1117,NSF,2/23/2008,Norway,,Newcastle,Ungdomsstevne
1771,nsf/1118,NSF,3/1/2008,Norway,,Lurahallen,Regionmesterskap
1772,nsf/1119,NSF,1/30/2008,Norway,,Elnesvågen,Klubbstevne
1773,nsf/1120,NSF,3/8/2008,Norway,,Sande,Benk-cup
1774,nsf/1121,NSF,3/12/2008,Norway,,Brumunddal,Seriestevne
1775,nsf/1122,NSF,3/10/2008,Norway,,Halden,Klubbmesterskap
1776,nsf/1123,NSF,2/2/2008,Norway,,Alta,Finnmarkmesterskapet
1777,nsf/1124,NSF,1/21/2008,Norway,,Halden,Klubbmesterskap
1778,nsf/1128,NSF,3/21/2008,Norway,,Fræna,Åpent stevne
1779,nsf/113,NSF,11/18/2000,Norway,,Fredrikstad,Kretsmesterskap Benk
1780,nsf/1130,NSF,3/26/2008,Norway,,Elnesvågen,Klubbstevne
1781,nsf/1131,NSF,4/5/2008,Norway,,Bergen,Seriestevne
1782,nsf/1132,NSF,4/5/2008,Norway,,Sande,Seriestevne
1783,nsf/1133,NSF,4/16/2008,Norway,,Fræna,Åpent Stevne
1784,nsf/1134,NSF,4/9/2008,Norway,,Askim,Seriestevne
1785,nsf/1135,NSF,4/14/2008,Norway,,Lurahallen,Lagserie
1786,nsf/1136,NSF,4/21/2008,Norway,,Røros,Åpent Stevne
1787,nsf/114,NSF,11/25/2000,Norway,,Drammen,Benkcup
1788,nsf/1143,NSF,4/26/2008,Norway,,Spikkestad,Åpent stevne
1789,nsf/1144,NSF,4/30/2008,Norway,,Fræna,Åpent stevne
1790,nsf/1145,NSF,4/29/2008,Norway,,Lørenskog,Åpent stevne
1791,nsf/1146,NSF,4/26/2008,Norway,,Grubhei,Seriestevne
1792,nsf/1147,NSF,5/2/2008,Norway,,Hamar,Nasjonalt ungdom og juniorstevne
1793,nsf/1149,NSF,4/26/2008,Norway,,Ganddal,Klubbstevne
1794,nsf/1153,NSF,5/5/2008,Norway,,Sunnfjord gym,Klubbstevne
1795,nsf/1154,NSF,4/25/2008,Norway,,Trondheim,Klubbstevne
1796,nsf/1155,NSF,4/14/2008,Norway,,Gressvik,Åpent stevne
1797,nsf/1156,NSF,5/10/2008,Norway,,Kristiandsand,Klubbmesterskap
1798,nsf/1158,NSF,5/31/2008,Norway,,Sande,NM Benkpress
1799,nsf/1159,NSF,5/10/2008,Norway,,Alta,Regionmesterskap
1800,nsf/116,NSF,12/2/2000,Norway,,Florø,Kretsmesterskap
1801,nsf/1161,NSF,5/28/2008,Norway,,Lurahallen,Klubbstevne
1802,nsf/1162,NSF,6/7/2008,Norway,,Stavanger,Klubbstevne
1803,nsf/1163,NSF,6/7/2008,Norway,,Haukelandshallen,Klubbstevne
1804,nsf/1165,NSF,6/6/2008,Norway,,Melhus,Klubbmesterskap
1805,nsf/1166,NSF,6/16/2008,Norway,,Grubhei,Seriestevne
1806,nsf/1168,NSF,6/4/2008,Norway,,Hommersåk,Klubbstevne
1807,nsf/117,NSF,12/2/2000,Norway,,Dokka,Klubbstevne
1808,nsf/1170,NSF,6/14/2008,Norway,,Sande,Klubbmesterskap
1809,nsf/1172,NSF,6/16/2008,Norway,,Halden,Seriestevne
1810,nsf/1173,NSF,6/18/2008,Norway,,Brumunddal,Seriestevne
1811,nsf/1174,NSF,6/16/2008,Norway,,Gressvik,Åpent stevne
1812,nsf/1175,NSF,7/14/2008,Norway,,Fræna,Klubbstevne
1813,nsf/118,NSF,12/9/2000,Norway,,Bergen,Seriestevne
1814,nsf/1185,NSF,3/1/1975,Norway,,Oslo,NM Old Boys
1815,nsf/1186,NSF,8/13/2008,Norway,,Elnesvågen,Åpent stevne
1816,nsf/1187,NSF,8/20/2008,Norway,,Sandnes,Seriestevne
1817,nsf/1188,NSF,8/16/2008,Norway,,Melhus,Klubbmesterskap
1818,nsf/1189,NSF,8/30/2008,Norway,,Bergen,Åpent stevne
1819,nsf/119,NSF,12/9/2000,Norway,,Oslo,Lagfinale
1820,nsf/1190,NSF,8/23/2008,Norway,,Ganddal,Klubbstevne
1821,nsf/1194,NSF,8/13/2008,Norway,,Fræna,Klubbstevne
1822,nsf/1195,NSF,9/6/2008,Norway,,Sande,Seriestevne
1823,nsf/1196,NSF,9/10/2008,Norway,,Brumunddal,Benkpresstevne
1824,nsf/1197,NSF,9/10/2008,Norway,,Brumunddal,Seriestevne
1825,nsf/1198,NSF,9/13/2008,Norway,,Fræna,Åpent stevne
1826,nsf/1199,NSF,9/22/2008,Norway,,Skedsmo,Klubbmesterskap
1827,nsf/12,NSF,2/12/2000,Norway,,Askim,Seriestevne
1828,nsf/120,NSF,12/9/2000,Norway,,Sandnes,KM Markløft
1829,nsf/1200,NSF,9/17/2008,Norway,,Askim,Seriestevne
1830,nsf/1201,NSF,8/23/2008,Norway,,Bergen,Åpent stevne
1831,nsf/1202,NSF,9/20/2008,Norway,,Sande,Benkpress-cup
1832,nsf/1205,NSF,10/4/2008,Norway,,Bergen,Åpent stevne
1833,nsf/1206,NSF,9/29/2008,Norway,,Gressvik,Åpent stevne
1834,nsf/1207,NSF,9/24/2008,Norway,,Fræna,Klubbstevne
1835,nsf/1208,NSF,9/27/2008,Norway,,Ganddal,Klubbstevne
1836,nsf/1209,NSF,10/18/2008,Norway,,Trondheim,Midt-Norsk Mesterskap Styrkeløft
1837,nsf/121,NSF,12/10/2000,Norway,,Oslo,Klubbstevne
1838,nsf/1210,NSF,10/18/2008,Norway,,Trondheim,Midt-Norsk Mesterskap Benkpress
1839,nsf/1211,NSF,10/19/2008,Norway,,Moss,Syd-Norsk Benkpress
1840,nsf/1212,NSF,10/18/2008,Norway,,Moss,Syd-Norsk Styrkeløft
1841,nsf/1213,NSF,9/27/2008,Norway,,Alta,Kalottlandskampen
1842,nsf/1216,NSF,9/30/2008,Norway,,Lørenskog,Klubbmesterskap
1843,nsf/1218,NSF,10/11/2008,Norway,,Hommersåk,Åpent stevne
1844,nsf/122,NSF,12/16/2000,Norway,,Trondheim,Klubbstevne
1845,nsf/1223,NSF,11/15/2008,Norway,,Sandnes,NM U/Jr/Vet
1846,nsf/1224,NSF,11/6/2008,Norway,,Fræna,Klubbstevne
1847,nsf/1225,NSF,10/31/2008,Norway,,Sandnes,Seriestevne
1848,nsf/1226,NSF,11/1/2008,Norway,,Island,Nasjonalt stevne
1849,nsf/1227,NSF,10/26/2008,Norway,,Halden,Seriestevne
1850,nsf/123,NSF,12/16/2000,Norway,,Stavanger,Klubbstevne
1851,nsf/1232,NSF,11/22/2008,Norway,,Ulefoss,Åpent stevne
1852,nsf/1234,NSF,5/15/1998,Norway,,Fredrikstad,Seriestevne
1853,nsf/1235,NSF,5/23/1998,Norway,,Sande,Benk-cup
1854,nsf/1236,NSF,6/20/1998,Norway,,Skogn,Lagseriestevne
1855,nsf/1238,NSF,4/29/1998,Norway,,Hommersåk,Lagserien
1856,nsf/1239,NSF,4/29/1998,Norway,,Sande,Klubbstevne
1857,nsf/124,NSF,12/16/2000,Norway,,Mo i Rana,Klubbstevne
1858,nsf/1241,NSF,4/25/1998,Norway,,Gruben,Lagserien
1859,nsf/1242,NSF,4/25/1998,Norway,,Grunerløkka Oslo,Seriestevne
1860,nsf/1243,NSF,4/25/1998,Norway,,Brumunddal,Seriestevne
1861,nsf/1244,NSF,4/25/1998,Norway,,Bergen,Klubbstevne
1862,nsf/1245,NSF,4/24/1998,Norway,,Alta,Seriestevne
1863,nsf/1247,NSF,10/17/1998,Norway,,Dokka,RM-Øst
1864,nsf/1248,NSF,10/10/1998,Norway,,Skogn,RM-Midt
1865,nsf/1249,NSF,10/10/1998,Norway,,Florøhallen,RM- Vest
1866,nsf/125,NSF,1/6/2001,Norway,,Odderneshallen,Kretsstevne
1867,nsf/1250,NSF,9/26/1998,Norway,,Kristiansand,RM-Sør
1868,nsf/1251,NSF,1/28/1998,Norway,,Bjølsen Oslo,Seriestevne
1869,nsf/1252,NSF,1/25/1998,Norway,,Askim,Seriestevne
1870,nsf/1254,NSF,2/20/1998,Norway,,Voss,Klubbstevne
1871,nsf/1259,NSF,11/19/2008,Norway,,Fræna,Klubbstevne
1872,nsf/126,NSF,1/13/2001,Norway,,Alta,Nord Norsk Mesterskap
1873,nsf/1260,NSF,1/17/1998,Norway,,Sande,Syd-norsk
1874,nsf/1261,NSF,4/25/1998,Norway,,Halden,KM
1875,nsf/1262,NSF,11/22/1998,Norway,,Askim,KM Benkpress
1876,nsf/1263,NSF,2/28/1998,Norway,,Skogn,Klubbstevne
1877,nsf/1267,NSF,11/24/2008,Norway,,Gruben,Klubbstevne
1878,nsf/1268,NSF,12/9/2006,Norway,,Fræna,Midt-Norsk benkpress
1879,nsf/127,NSF,1/20/2001,Norway,,Brumunddal,Klubbmesterskap
1880,nsf/1272,NSF,12/6/2008,Norway,,Spikkestad,Benk-cup
1881,nsf/1273,NSF,12/12/2008,Norway,,Steinkjer,Klubbstevne
1882,nsf/1275,NSF,12/13/2008,Norway,,Bjølsenhallen,Åpent stevne
1883,nsf/1277,NSF,12/10/2008,Norway,,Brumunddal,Klubbmesterskap benkpress
1884,nsf/1279,NSF,12/13/2008,Norway,,Fræna,Klubbmesterskap
1885,nsf/128,NSF,1/20/2001,Norway,,Skoger,Kretsstevne
1886,nsf/1281,NSF,12/13/2008,Norway,,Gruben,Klubbstevne
1887,nsf/1282,NSF,12/13/2008,Norway,,Røros,Klubbstevne
1888,nsf/1283,NSF,12/13/2008,Norway,,Stavanger,Klubbstevne
1889,nsf/1284,NSF,12/13/2008,Norway,,Sande,Julestevne
1890,nsf/1285,NSF,12/13/2008,Norway,,Haukelandshallen,Klubbstevne
1891,nsf/1286,NSF,12/13/2008,Norway,,Hommersåk,Klubbstevne
1892,nsf/1287,NSF,12/20/2000,Norway,,,test
1893,nsf/1289,NSF,12/13/2008,Norway,,Ganddal,Julestevne
1894,nsf/129,NSF,1/20/2001,Norway,,Askim,Seriestevne
1895,nsf/1290,NSF,12/12/2008,Norway,,Melhus,Klubbstevne
1896,nsf/1291,NSF,12/22/2008,Norway,,Gressvik,Åpent stevne
1897,nsf/1292,NSF,6/13/1998,Norway,,Trondheim,Seriestevne
1898,nsf/1293,NSF,6/13/1998,Norway,,Sandehallen,Klubbstevne
1899,nsf/1295,NSF,10/24/1998,Norway,,Voss,Klubbstevne
1900,nsf/1296,NSF,12/21/1998,Norway,,Stavanger,Klubbmesterskap
1901,nsf/1297,NSF,10/27/1998,Norway,,Halden,Seriestevne
1902,nsf/1298,NSF,10/4/1998,Norway,,Askim,Seriestevne
1903,nsf/1299,NSF,10/10/1998,Norway,,Sandehallen,Kretstevne
1904,nsf/13,NSF,2/12/2000,Norway,,Brumunddal,Seriestevne
1905,nsf/130,NSF,1/27/2001,Norway,,,Landskamp
1906,nsf/1300,NSF,10/10/1998,Norway,,Grunerløkka,Seriestevne
1907,nsf/1301,NSF,9/26/1998,Norway,,Brumunddal,Seriestevne
1908,nsf/1302,NSF,9/18/1998,Norway,,Fredrikstad,Seriestevne
1909,nsf/1303,NSF,9/26/1998,Norway,,Gruben,Seriestevne
1910,nsf/1304,NSF,6/7/1998,Norway,,Grunerløkka,Seriestevne
1911,nsf/1305,NSF,8/29/1998,Norway,,Brumunddal,Seriestevne
1912,nsf/1306,NSF,9/12/1998,Norway,,Høyang hallen,Benk-cup
1913,nsf/1307,NSF,7/25/1998,Norway,,Sundbyfoss,Klubbstevne
1914,nsf/1308,NSF,6/15/1998,Norway,,Hommersåk,Seriestevne
1915,nsf/1309,NSF,6/18/1998,Norway,,Halden,Seriestevne
1916,nsf/131,NSF,1/27/2001,Norway,,Hammerfest,Klubbstevne
1917,nsf/1310,NSF,6/6/1998,Norway,,Sundbyfoss,Klubbstevne
1918,nsf/1311,NSF,6/6/1998,Norway,,Askim,Seriestevne
1919,nsf/1312,NSF,6/12/1998,Norway,,Sandnes,Seriestevne
1920,nsf/1314,NSF,12/20/2008,Norway,,Varhol,Julestevne
1921,nsf/1316,NSF,4/5/1998,Norway,,Askim,Seriestevne
1922,nsf/1317,NSF,8/22/1998,Norway,,Lisleby,NM Benkpress
1923,nsf/1318,NSF,11/7/1998,Norway,,Alta,Junior NM
1924,nsf/132,NSF,1/27/2001,Norway,,Sande,Kretsstevne
1925,nsf/1320,NSF,2/14/1998,Norway,,Holmestrand,B og veteran NM
1926,nsf/1321,NSF,11/7/2008,Norway,,Skoger,Klubbstevne
1927,nsf/1322,NSF,1/17/2009,Norway,,Haukelandshallen,Åpent stevne
1928,nsf/1323,NSF,12/8/2008,Norway,,Halden,Seriestevne
1929,nsf/1324,NSF,1/10/2009,Norway,,Odderneshallen,Klubbstevne
1930,nsf/1325,NSF,12/20/2008,Norway,,Haukelandshallen,Åpent stevne
1931,nsf/1326,NSF,11/15/2008,Norway,,Odderneshallen,Klubbstevne
1932,nsf/133,NSF,2/3/2001,Norway,,Oslo,Klubbmesterskap
1933,nsf/134,NSF,2/3/2001,Norway,,Voss,Klubbstevne
1934,nsf/1344,NSF,1/24/2009,Norway,,Sande,Åpent stevne
1935,nsf/1346,NSF,2/23/1997,Norway,,Lillestrøm,Veteran NM
1936,nsf/135,NSF,2/5/2001,Norway,,Halden,Klubbmesterskap benk
1937,nsf/1351,NSF,2/7/2009,Norway,,Varhol,Åpent Stevne
1938,nsf/1353,NSF,2/13/2009,Norway,,Steinkjer,Klubbstevne
1939,nsf/1357,NSF,2/21/2009,Norway,,Askim,RM Styrkeløftregion Øst
1940,nsf/1358,NSF,2/21/2009,Norway,,Sogndal,RM Styrkeløftregion Vest
1941,nsf/136,NSF,2/10/2001,Norway,,Lademoen,Midt-Norsk Mesterskap
1942,nsf/1360,NSF,2/21/2009,Norway,,Fræna,RM Styrkeløft Midt-Norge
1943,nsf/1361,NSF,2/21/2009,Norway,,Sande,RM Østafjell
1944,nsf/1363,NSF,2/21/2009,Norway,,Fræna,RM Benkpress Midt-Norge
1945,nsf/1364,NSF,1/22/2009,Norway,,Gressvik,Klubbstevne
1946,nsf/1365,NSF,1/31/2009,Norway,,Gøteborg Sverige,Gøteborg Cup
1947,nsf/1366,NSF,2/11/2009,Norway,,Halden,Klubbmesterskap
1948,nsf/1367,NSF,2/21/2009,Norway,,Tysværtunet,RM Sør-vest
1949,nsf/1368,NSF,2/21/2009,Norway,,Gruben,RM Nord
1950,nsf/1369,NSF,2/21/2009,Norway,,Brumunddal,RM Hedmark-Oppland
1951,nsf/137,NSF,2/10/2001,Norway,,Spikkestad,Benk Cup
1952,nsf/1370,NSF,5/2/1998,Norway,,Lademoen Skole,KM Trønderlag
1953,nsf/1371,NSF,5/16/1998,Norway,,Brumunddal,KM Hedmark - Oppland
1954,nsf/1372,NSF,6/6/1998,Norway,,Gruben,KM Nordland
1955,nsf/1373,NSF,6/6/1998,Norway,,Oslo,KM Oslo-Akershus
1956,nsf/1374,NSF,10/24/1998,Norway,,,RM
1957,nsf/1375,NSF,8/15/1998,Norway,,Steinkjer,KM benkpress Tr.lag
1958,nsf/1376,NSF,2/14/1998,Norway,,Skogn,Midt-Norsk
1959,nsf/1377,NSF,2/27/2009,Norway,,Haukelandshallen,Åpent stevne
1960,nsf/1379,NSF,2/28/2009,Norway,,Sande,Klubbstevne
1961,nsf/138,NSF,2/10/2001,Norway,,Brumundddal,Seriestevne
1962,nsf/1380,NSF,2/27/2009,Norway,,Varhol Fræna,Klubbstevne
1963,nsf/1383,NSF,3/4/2009,Norway,,Fræna,Klubbstevne
1964,nsf/1384,NSF,3/7/2009,Norway,,Sandehallen,Benk-Cup
1965,nsf/1385,NSF,3/18/2009,Norway,,Halden,Klubbmesterskap
1966,nsf/1387,NSF,3/29/2009,Norway,,Bergen,NM Benkpress
1967,nsf/139,NSF,2/16/2001,Norway,,Steinkjer,Klubbstevne
1968,nsf/1392,NSF,4/2/2009,Norway,,Tysvær,Klubbstevne
1969,nsf/1394,NSF,4/4/2009,Norway,,Sande,Åpent stevne
1970,nsf/1395,NSF,4/10/2009,Norway,,Elnesvågen,Åpent stevne
1971,nsf/1396,NSF,4/15/2009,Norway,,Brumunddal,Seriestevne
1972,nsf/1397,NSF,4/20/2009,Norway,,Gressvik,Åpent stevne
1973,nsf/1398,NSF,4/22/2009,Norway,,Bjølsenhallen,Åpent stevne
1974,nsf/1399,NSF,4/25/2009,Norway,,Elnesvågen,Åpent stevne
1975,nsf/14,NSF,2/12/2000,Norway,,Skoger,Kretsstevne
1976,nsf/140,NSF,2/16/2001,Norway,,Hommersåk,Seriestevne
1977,nsf/1400,NSF,4/18/2009,Norway,,Island,Islandske mesterskap
1978,nsf/1401,NSF,4/27/2009,Norway,,Skedsmokorset,Åpent stevne
1979,nsf/1402,NSF,4/29/2009,Norway,,Sandnes,Seriestevne
1980,nsf/1403,NSF,5/2/2009,Norway,,Gruva,Klubbmesterskap
1981,nsf/1404,NSF,4/22/2009,Norway,,Askim,Seriestevne
1982,nsf/1405,NSF,3/7/2009,Norway,,Finnmark,Finnmarkmesterskapet
1983,nsf/1408,NSF,5/13/2009,Norway,,Brumunddal,Seriestevne
1984,nsf/1409,NSF,5/23/2009,Norway,,Ulefoss,Benkpress-Cup
1985,nsf/141,NSF,2/17/2001,Norway,,Sundbyfoss,Klubbmesterskap
1986,nsf/1410,NSF,5/9/2009,Norway,,Vedum AIS,Seriestevne
1987,nsf/1411,NSF,5/9/2009,Norway,,Odderneshallen,Klubbmesterskap
1988,nsf/1414,NSF,5/30/2009,Norway,,Moss,Åpent stevne
1989,nsf/1415,NSF,5/30/2009,Norway,,Skogn,Klubbstevne
1990,nsf/1419,NSF,6/1/2009,Norway,,Fræna,Klubbstevne
1991,nsf/142,NSF,2/17/2001,Norway,,Sandnes,Seriestevne
1992,nsf/1420,NSF,6/20/2009,Norway,,Brumunddal,Nasjonalt Ungdom- og Junior
1993,nsf/1423,NSF,6/16/2009,Norway,,Bergen,Klubbstevne
1994,nsf/1424,NSF,6/20/2009,Norway,,Stavanger,Klubbstevne
1995,nsf/1425,NSF,6/24/2009,Norway,,Sandehallen,klubbmesterskap
1996,nsf/1427,NSF,2/20/1999,Norway,,Bergen,NM veteran
1997,nsf/1428,NSF,6/27/2009,Norway,,Spikkestad,Åpent stevne
1998,nsf/143,NSF,2/19/2001,Norway,,,Seriestevne
1999,nsf/1430,NSF,6/27/2009,Norway,,Askim,Åpent stevne
2000,nsf/1431,NSF,7/17/2009,Norway,,Halden,Seriestevne
2001,nsf/1434,NSF,7/22/2009,Norway,,Fræna,Klubbstevne
2002,nsf/1435,NSF,7/14/2009,Norway,,Fræna,Klubbstevne
2003,nsf/1440,NSF,8/15/2009,Norway,,Gruva,Klubbstevne
2004,nsf/1441,NSF,8/22/2009,Norway,,Gruva,Klubbstevne
2005,nsf/1442,NSF,8/29/2009,Norway,,Spikkestad,Åpent stevne
2006,nsf/1443,NSF,8/29/2009,Norway,,Bergen,Åpent stevne
2007,nsf/1444,NSF,8/22/2009,Norway,,Fræna,Klubbstevne
2008,nsf/1446,NSF,9/7/2009,Norway,,Skedsmo,Åpent stevne
2009,nsf/145,NSF,2/21/2001,Norway,,Stavanger,Seriestevne
2010,nsf/1450,NSF,9/12/2009,Norway,,Varhol,Åpent stevne
2011,nsf/1451,NSF,9/26/2009,Norway,,Sandehallen,Benk-cup
2012,nsf/1452,NSF,9/26/2009,Norway,,Haugesund,Klubbstevne
2013,nsf/1454,NSF,9/21/2009,Norway,,Varhol Fræna,Klubbstevne
2014,nsf/1456,NSF,9/26/2009,Norway,,Odderneshallen,Klubbstevne
2015,nsf/1458,NSF,10/3/2009,Norway,,Steinkjer,Klubbstevne
2016,nsf/146,NSF,2/24/2001,Norway,,Hammerfest,B-og Veteran NM
2017,nsf/1460,NSF,8/28/2009,Norway,,Haukelandshallen Bergen,Åpent stevne
2018,nsf/1461,NSF,10/6/2009,Norway,,Lørenskoghallen,Klubbmesterskap
2019,nsf/1463,NSF,10/17/2009,Norway,,Moss,Syd-Norsk mesterskap
2020,nsf/1464,NSF,10/17/2009,Norway,,Trondheim,Åpent stevne
2021,nsf/1468,NSF,10/18/2009,Norway,,Melløs Skole,Syd Norsk Benkpress
2022,nsf/147,NSF,2/24/2001,Norway,,Mo i Rana,Seriestevne
2023,nsf/148,NSF,2/26/2001,Norway,,Halden,Seriestevne
2024,nsf/1482,NSF,8/22/2009,Norway,,Ganddal,Klubbstevne
2025,nsf/1483,NSF,10/24/2009,Norway,,Rana,Seriestevne
2026,nsf/1484,NSF,10/31/2009,Norway,,Fræna,Åpent stevne
2027,nsf/1485,NSF,10/28/2009,Norway,,Halden,Seriestevne
2028,nsf/1486,NSF,10/16/2009,Norway,,Fræna,Åpent stevne
2029,nsf/1488,NSF,10/30/2009,Norway,,Bergen,Åpent stevne
2030,nsf/149,NSF,2/28/2001,Norway,,Trondheim,Seriestevne
2031,nsf/1490,NSF,10/30/2009,Norway,,Elnesvågen,Åpent stevne
2032,nsf/1491,NSF,11/13/2009,Norway,,Alta,NM Ungdom Junior og Veteran
2033,nsf/1492,NSF,11/7/2009,Norway,,Varhol,Klubbstevne
2034,nsf/1493,NSF,11/7/2009,Norway,,Drammen,Åpent stevne
2035,nsf/1494,NSF,11/20/2009,Norway,,Bergen,Åpent stevne
2036,nsf/1495,NSF,11/21/2009,Norway,,Kristiansand,Klubb stevne
2037,nsf/1496,NSF,11/23/2009,Norway,,Skedsmo,Åpent stevne/Klubbmesterskap
2038,nsf/1497,NSF,12/2/2009,Norway,,Askim Bedriftsenter,Åpent stevne
2039,nsf/15,NSF,2/14/2000,Norway,,Lillestrøm,Seriestevne
2040,nsf/150,NSF,3/3/2001,Norway,,Florø,Klubbstevne
2041,nsf/1508,NSF,12/5/2009,Norway,,Spikkestad,Benk-cup
2042,nsf/1509,NSF,12/2/2009,Norway,,Sandnes,Klubbstevne
2043,nsf/151,NSF,3/10/2001,Norway,,Brumunddal,Seriestevne
2044,nsf/1510,NSF,12/9/2009,Norway,,Halden,Klubbstevne
2045,nsf/1512,NSF,12/12/2009,Norway,,Bjølsenhallen,Åpent stevne
2046,nsf/1513,NSF,12/12/2009,Norway,,Sandehallen,Åpent stevne
2047,nsf/1514,NSF,12/12/2009,Norway,,Røros,Åpent stevne
2048,nsf/1515,NSF,12/12/2009,Norway,,Odinhallen Bergen,Åpent stevne
2049,nsf/1516,NSF,12/13/2009,Norway,,Haugesund,Klubbstevne
2050,nsf/1517,NSF,12/12/2009,Norway,,Stavanger,Klubbstevne
2051,nsf/1518,NSF,12/12/2009,Norway,,Hommersåk,Åpent stevne
2052,nsf/1519,NSF,12/9/2009,Norway,,Brumunddal,Seriestevne
2053,nsf/152,NSF,3/10/2001,Norway,,Oslo,Benk Cup
2054,nsf/1520,NSF,12/12/2009,Norway,,Melhus,Klubbstevne
2055,nsf/1521,NSF,12/19/2009,Norway,,Trondheim,Klubbstevne
2056,nsf/1522,NSF,12/19/2009,Norway,,Skogn,Åpent stevne
2057,nsf/1523,NSF,12/19/2009,Norway,,Haukelandshallen,Åpent stevne
2058,nsf/1524,NSF,12/19/2009,Norway,,Gruben,Åpent stevne
2059,nsf/1525,NSF,12/19/2009,Norway,,Elnesvågen,Åpent stevne
2060,nsf/1526,NSF,12/22/2009,Norway,,Gressvik,Åpent Stevne
2061,nsf/1527,NSF,12/30/2009,Norway,,Elnesvågen,Klubbstevne
2062,nsf/1528,NSF,12/30/2009,Norway,,Elnesvågen,Åpent stevne
2063,nsf/1529,NSF,1/16/2010,Norway,,Odderneshallen,Klubbstevne
2064,nsf/153,NSF,3/10/2001,Norway,,Sandehallen,Kretsstevne
2065,nsf/1530,NSF,1/23/2010,Norway,,Sandehallen,Åpent stevne
2066,nsf/1531,NSF,1/25/2010,Norway,,Gruben,Seriestevne
2067,nsf/1532,NSF,1/29/2010,Norway,,København Danmark,ER Equipment benkpress
2068,nsf/1533,NSF,2/6/2010,Norway,,Sandehallen,Benk-cup
2069,nsf/1534,NSF,2/5/2010,Norway,,Elnesvågen,Benkpresstevne
2070,nsf/1535,NSF,2/6/2010,Norway,,Ganddal,Seriestevne
2071,nsf/1536,NSF,2/10/2010,Norway,,Halden,Klubbmesterskap
2072,nsf/1538,NSF,2/12/1995,Norway,,Skognhallen,Midt-Norsk Mesterskap
2073,nsf/154,NSF,3/17/2001,Norway,,Bergen,Seriestevne
2074,nsf/1540,NSF,12/17/1983,Norway,,Askim helsestudio,Klubbstevne
2075,nsf/1544,NSF,2/27/2010,Norway,,Bjølsenhallen,RM Styrkeløft Region øst
2076,nsf/1545,NSF,2/27/2010,Norway,,Bjølsenhallen,RM Benkpress Region øst
2077,nsf/1546,NSF,2/27/2010,Norway,,Sande,RM-øst
2078,nsf/1547,NSF,2/27/2010,Norway,,Rana,RM Nord
2079,nsf/1548,NSF,2/20/2010,Norway,,Sjøholt,Åpent stevne
2080,nsf/1549,NSF,2/27/2010,Norway,,Brumunddal,Regionsmesterskap
2081,nsf/155,NSF,3/19/2001,Norway,,Halden,Klubbmesterskap
2082,nsf/1550,NSF,2/28/2010,Norway,,Lurahallen,RM sør-vest Benkpress
2083,nsf/1551,NSF,2/28/2010,Norway,,Lurahallen,RM sør-vest
2084,nsf/1552,NSF,2/27/2010,Norway,,Melhus,RM Midt-Norge
2085,nsf/1553,NSF,2/27/2010,Norway,,Alta,Finmarkmesterskapet
2086,nsf/1568,NSF,2/27/2010,Norway,,Haukelandshallen,RM Styrkeløft Region Vest
2087,nsf/1569,NSF,2/27/2010,Norway,,Haukelandshallen,RM Benkpress Region Vest
2088,nsf/157,NSF,4/7/2001,Norway,,Skoger,Kretsstevne
2089,nsf/1571,NSF,2/18/2010,Norway,,Bergen,Klubbstevne
2090,nsf/1572,NSF,3/5/2010,Norway,,Trondheim,Klubbstevne
2091,nsf/1573,NSF,3/17/2010,Norway,,Halden,Klubbmesterskap
2092,nsf/1574,NSF,3/24/2010,Norway,,Lurahallen Sandnes,Klubbstevne
2093,nsf/1575,NSF,3/13/2010,Norway,,Drammen,Klubbstevne
2094,nsf/1576,NSF,3/28/2010,Norway,,Askim,NM Benkpress
2095,nsf/1585,NSF,12/27/1987,Norway,,Nes,Klubbstevne
2096,nsf/1586,NSF,11/9/1987,Norway,,Spikkestad,Seriestevne
2097,nsf/1589,NSF,5/23/1987,Norway,,Sandehallen,KM
2098,nsf/159,NSF,4/21/2001,Norway,,Hof,Nordisk Ungdom/JR
2099,nsf/1590,NSF,12/19/1987,Norway,,Stavanger,Klubbstevne
2100,nsf/1591,NSF,12/19/1987,Norway,,Bergen,Åpent stevne
2101,nsf/1593,NSF,4/10/2010,Norway,,Sandehallen,Seriestevne
2102,nsf/1594,NSF,4/16/2010,Norway,,Steinkjer,Åpent stevne
2103,nsf/1595,NSF,4/24/2010,Norway,,Drammen,Åpent stevne
2104,nsf/1596,NSF,4/23/2010,Norway,,Elnesvågen,Klubbstevne
2105,nsf/1598,NSF,4/17/2010,Norway,,Varhol,Åpent stevne
2106,nsf/1599,NSF,4/14/2010,Norway,,Brumunddal,Seriestevne
2107,nsf/16,NSF,2/19/2000,Norway,,Sande,Benkcup
2108,nsf/160,NSF,4/21/2001,Norway,,Sande,Kretsstevne
2109,nsf/1600,NSF,4/17/2010,Norway,,Skedsmo,Åpent stevne
2110,nsf/1601,NSF,4/17/2010,Norway,,Stavanger,Klubbstevne
2111,nsf/1602,NSF,4/28/2010,Norway,,Lurahallen,Klubbstevne
2112,nsf/1603,NSF,4/24/2010,Norway,,Godvik,Åpent stevne
2113,nsf/1604,NSF,4/24/2010,Norway,,Gruben,Klubbstevne
2114,nsf/1605,NSF,4/23/2010,Norway,,Bergen,Åpent stevne
2115,nsf/1607,NSF,4/28/2010,Norway,,Elnesvågen,Klubbstevne
2116,nsf/1608,NSF,4/26/2010,Norway,,Gressvik,Klubbstevne
2117,nsf/1609,NSF,5/12/2010,Norway,,Lurahallen,Klubbstevne
2118,nsf/161,NSF,4/21/2001,Norway,,Oslo,Seriestevne
2119,nsf/1610,NSF,5/12/2010,Norway,,Brumunddal,Seriestevne
2120,nsf/1611,NSF,5/8/2010,Norway,,Årdalshallen,Åpent stevne
2121,nsf/1612,NSF,5/8/2010,Norway,,Alta,Åpent stevne
2122,nsf/1613,NSF,5/15/2010,Norway,,Haugesund,Klubbstevne
2123,nsf/1614,NSF,5/14/2010,Norway,,Gressvik,Klubbstevne
2124,nsf/1615,NSF,5/15/2010,Norway,,Skogn,Åpent stevne
2125,nsf/1616,NSF,5/14/2010,Norway,,Varhol,Åpent stevne
2126,nsf/1617,NSF,5/8/2010,Norway,,Odderneshallen,Klubbmesterskap
2127,nsf/1618,NSF,5/8/2010,Norway,,Gruva Melhus,Klubbstevne
2128,nsf/162,NSF,4/25/2001,Norway,,,Benkstevne
2129,nsf/1620,NSF,5/22/2010,Norway,,Ulefoss,Benkpress cup
2130,nsf/1625,NSF,5/26/2010,Norway,,Gruben,Seriestevne
2131,nsf/1626,NSF,6/9/2010,Norway,,Askim Bedriftsenter,Åpent stevne
2132,nsf/1628,NSF,6/9/2010,Norway,,Bergen,Åpent stevne
2133,nsf/1629,NSF,6/11/2010,Norway,,Steinkjer,Åpent stevne
2134,nsf/163,NSF,4/25/2001,Norway,,Hommersåk,Seriestevne
2135,nsf/1630,NSF,6/12/2010,Norway,,Elnesvågen,Åpent stevne
2136,nsf/1631,NSF,6/12/2010,Norway,,Spikkestad,Åpent stevne
2137,nsf/1632,NSF,6/16/2010,Norway,,Hommersåk,Klubbstevne
2138,nsf/1633,NSF,6/19/2010,Norway,,Elnesvågen,Nasjonalt ungdom og junior
2139,nsf/1634,NSF,6/19/2010,Norway,,Sandehallen,Klubbmesterskap
2140,nsf/1636,NSF,3/22/1985,Norway,,Giskehallen Sandnes,NM
2141,nsf/164,NSF,4/28/2001,Norway,,,Veteran Nordisk
2142,nsf/1641,NSF,3/19/1979,Norway,,Oslo,NM Damer
2143,nsf/1642,NSF,4/26/1980,Norway,,Spikkestad,NM Damer
2144,nsf/1644,NSF,3/27/1982,Norway,,Skogn,NM Damer
2145,nsf/1645,NSF,6/16/2010,Norway,,Ganddal,Seriestevne
2146,nsf/1647,NSF,11/24/1990,Norway,,Mandal,Kretsstevne
2147,nsf/1648,NSF,12/14/1990,Norway,,Gruben Eldresenter,Julestevne
2148,nsf/1649,NSF,12/15/1990,Norway,,Stavanger,Julestevne
2149,nsf/165,NSF,4/28/2001,Norway,,Sundbyfoss,Kretsstevne
2150,nsf/1650,NSF,11/24/1990,Norway,,Verdal,Klubbstevne
2151,nsf/1651,NSF,10/31/1990,Norway,,Halden,Seriestevne
2152,nsf/1652,NSF,10/28/1990,Norway,,Fredrikstad,Seriestevne
2153,nsf/1653,NSF,10/27/1990,Norway,,Brumunddal,Seriestevne
2154,nsf/1654,NSF,1/26/1991,Norway,,Voss,Kretsstevne
2155,nsf/1655,NSF,10/27/1990,Norway,,Sandehallen,Seriestevne
2156,nsf/1656,NSF,10/25/1990,Norway,,Gruben aldershjem,Lagserie
2157,nsf/1657,NSF,10/28/1990,Norway,,Stavanger,Lagserie
2158,nsf/1659,NSF,11/24/1990,Norway,,Turnhallen i Drammen,KM-Benkpress
2159,nsf/166,NSF,4/28/2001,Norway,,Brumunddal,Seriestevne
2160,nsf/1660,NSF,11/10/1990,Norway,,Halden,Lag KM-U
2161,nsf/1661,NSF,10/27/1990,Norway,,Finnmark distriktshøgskole,Klubb/seriestevne
2162,nsf/1662,NSF,11/10/1990,Norway,,Skedsmohallen,KM Benk
2163,nsf/1663,NSF,6/26/2010,Norway,,Skoger,Seriestevne
2164,nsf/1664,NSF,6/25/2010,Norway,,Varhol,Åpent stevne
2165,nsf/1665,NSF,2/2/1991,Norway,,Klubbhuset Skogn,Seriestevne
2166,nsf/1666,NSF,12/14/1991,Norway,,,Åpent stevne
2167,nsf/1667,NSF,12/14/1991,Norway,,Stavanger,Lagfinale
2168,nsf/1668,NSF,12/7/1991,Norway,,Inderøy,Klubbmesterskap
2169,nsf/1669,NSF,12/3/1991,Norway,,Røros,Klubbstevne i knebøy
2170,nsf/167,NSF,4/28/2001,Norway,,Lurahallen,Seriestevne
2171,nsf/1670,NSF,11/30/1991,Norway,,NTHI - idrettsbygg,Åpent klubbmesterskap
2172,nsf/1671,NSF,12/13/1991,Norway,,Gruben aldershjem,Klubbstevne
2173,nsf/1672,NSF,11/30/1991,Norway,,Sandnes,KM-Benk
2174,nsf/1673,NSF,11/30/1991,Norway,,Skogn folkehøyskole,Lagfinale NM
2175,nsf/1674,NSF,1/27/1991,Norway,,Drammen,Syd-Norsk
2176,nsf/1675,NSF,5/25/1991,Norway,,Finnmark distriktshøgskole,Nord-norsk mesterskap
2177,nsf/1676,NSF,2/28/1991,Norway,,Gruben aldershjem,Lagserie
2178,nsf/1677,NSF,1/24/1991,Norway,,Gruben aldershjem,Lagserie
2179,nsf/1678,NSF,2/23/1991,Norway,,Porsholen skole Lura,Lagserie
2180,nsf/168,NSF,4/28/2001,Norway,,,Seriestevne
2181,nsf/1680,NSF,12/15/1990,Norway,,Porsmyr barneskole,Julestevne
2182,nsf/1681,NSF,1/5/1991,Norway,,Askimhallen,Seriestevne m/benkpress-cup
2183,nsf/1682,NSF,1/19/1991,Norway,,Spikkestad,Seriestevne
2184,nsf/1683,NSF,2/22/1991,Norway,,Spikkestad,Seriestevne
2185,nsf/1684,NSF,2/20/1991,Norway,,Skedsmohallen,Seriestevne
2186,nsf/1685,NSF,2/21/1991,Norway,,Skoger,Seriestevne
2187,nsf/1686,NSF,7/3/2010,Norway,,Moss,Åpent stevne
2188,nsf/1688,NSF,6/16/1999,Norway,,Fredrikstad,Seriestevne
2189,nsf/1689,NSF,6/12/1999,Norway,,Grunerløkka,Seriestevne
2190,nsf/1690,NSF,4/18/1998,Norway,,Sandehallen,Kretsstevne
2191,nsf/1691,NSF,12/12/1998,Norway,,Idrettshøyskolen Oslo,Åpent stevne
2192,nsf/1692,NSF,12/27/1998,Norway,,Fredrikstad,Åpent stevne
2193,nsf/1693,NSF,1/30/1999,Norway,,Grunerløkka,Klubbstevne
2194,nsf/1694,NSF,2/24/1999,Norway,,Politihuset Oslo,Seriestevne
2195,nsf/1695,NSF,3/13/1999,Norway,,Grunerløkka,Seriestevne
2196,nsf/1696,NSF,6/5/1999,Norway,,Lørenskoghallen,KM Oslo-Akershus
2197,nsf/1697,NSF,2/16/1997,Norway,,Bjølsenhallen,Benk-cup
2198,nsf/17,NSF,2/19/2000,Norway,,Oslo,Seriestevne
2199,nsf/1701,NSF,2/24/1991,Norway,,Bjørns gym,Seriestevne
2200,nsf/1702,NSF,2/22/1991,Norway,,Brumunddal,Seriestevne
2201,nsf/1703,NSF,2/24/1991,Norway,,Lykkeberghallen,Seriestevne
2202,nsf/1704,NSF,2/23/1991,Norway,,Sande,Seriestevne
2203,nsf/1705,NSF,2/27/1991,Norway,,,Seriestevne
2204,nsf/1706,NSF,4/13/1991,Norway,,Lørenskog helsestudio,Seriestevne
2205,nsf/1707,NSF,4/19/1991,Norway,,Bjørns gym,Lagseriestevne
2206,nsf/1708,NSF,4/13/1991,Norway,,Askim helsestudio,Seriestevne
2207,nsf/1709,NSF,4/24/1991,Norway,,,Seriestevne
2208,nsf/171,NSF,5/12/2001,Norway,,Askim,KM
2209,nsf/1710,NSF,4/27/1991,Norway,,Brumunddal,Seriestevne
2210,nsf/1711,NSF,4/25/1991,Norway,,Gruben aldershjem,Lagseriestevne
2211,nsf/1712,NSF,4/27/1991,Norway,,Sandehallen,Kretsstevne
2212,nsf/1713,NSF,6/22/1991,Norway,,Sandnes,Lagserie
2213,nsf/1715,NSF,9/26/1991,Norway,,Gruben aldershjem,Lagserie
2214,nsf/1716,NSF,10/20/1991,Norway,,Inderøy kulturhus,Seriestevne
2215,nsf/1717,NSF,10/26/1991,Norway,,Brumunddal,Seriestevne
2216,nsf/1718,NSF,10/25/1991,Norway,,Skoger,Krets/lagserie
2217,nsf/1719,NSF,10/23/1991,Norway,,,Seriestevne
2218,nsf/172,NSF,5/12/2001,Norway,,Sande,Benk Cup
2219,nsf/1720,NSF,10/28/1991,Norway,,Stavanger,Seriestevne
2220,nsf/1721,NSF,10/26/1991,Norway,,Askim helsestudio,Seriestevne
2221,nsf/1722,NSF,4/6/1991,Norway,,Ulefoss,Klubb
2222,nsf/1723,NSF,3/23/1991,Norway,,Klubbhuset,Klubbmesterskap
2223,nsf/1724,NSF,5/11/1991,Norway,,Ulefoss gym og trim,Klubbstevne
2224,nsf/1725,NSF,6/8/1991,Norway,,Voss,Klubbstevne benk
2225,nsf/1726,NSF,6/6/1991,Norway,,Skoger,Kretsstevne
2226,nsf/1727,NSF,6/28/1991,Norway,,Spikkestad,Kretsstevne
2227,nsf/1728,NSF,7/3/2010,Norway,,Stavanger,Klubbstevne
2228,nsf/1729,NSF,5/26/1991,Norway,,Rakkestad helsestudio,KM Østfold
2229,nsf/173,NSF,5/12/2001,Norway,,Odderneshallen,KM
2230,nsf/1730,NSF,5/25/1991,Norway,,Lademoen skole,Kretsmesterskap
2231,nsf/1731,NSF,1/5/1991,Norway,,Sætrehallen,Seriestevne
2232,nsf/1732,NSF,5/25/1991,Norway,,Voss,KM
2233,nsf/1733,NSF,5/25/1991,Norway,,Brumunddal,KM
2234,nsf/1734,NSF,5/25/1991,Norway,,Ålesund,KM
2235,nsf/1735,NSF,6/1/1991,Norway,,,KM
2236,nsf/1736,NSF,9/22/1991,Norway,,Skogstrand,Seriestevne
2237,nsf/1737,NSF,10/26/1991,Norway,,Klubbhuset Skogn,Seriestevne
2238,nsf/1738,NSF,1/12/1991,Norway,,Brumunddal,Klubbmesterskap
2239,nsf/1739,NSF,4/28/1991,Norway,,Lykkeberghallen,Seriestevne m/benkcup
2240,nsf/1740,NSF,8/3/1991,Norway,,Voss,KM Benk
2241,nsf/1741,NSF,2/28/1991,Norway,,Finnmark distriktshøgskole,Klubb/seriestevne
2242,nsf/1742,NSF,4/26/1991,Norway,,Alta,Klubbmesterskap
2243,nsf/1743,NSF,6/14/1991,Norway,,Brumunddal,Seriestevne
2244,nsf/1744,NSF,6/8/1991,Norway,,Skogn,Seriestevne
2245,nsf/1745,NSF,6/8/1991,Norway,,,Lagseriestevne
2246,nsf/1746,NSF,6/8/1991,Norway,,Askim,Seriestevne
2247,nsf/1747,NSF,7/31/1991,Norway,,Gruben aldershjem,Lagserie
2248,nsf/1749,NSF,3/22/1991,Norway,,Brumunddal,Seriestevne
2249,nsf/175,NSF,5/12/2001,Norway,,Voss,KM
2250,nsf/1750,NSF,4/27/1991,Norway,,Klubbhuset Skogn,Seriestevne
2251,nsf/1751,NSF,11/3/1991,Norway,,Inderøy kulturhus,KM knebøy
2252,nsf/1752,NSF,6/22/1991,Norway,,Steinkjer Zebra,Elitestevne
2253,nsf/1754,NSF,1/7/1991,Norway,,Lademoen skole,Kvalifiseringsstevne
2254,nsf/1755,NSF,1/30/1991,Norway,,Halden,Klubbmesterskap benkpress
2255,nsf/1756,NSF,2/24/1991,Norway,,Inderøy kulturhus,Klubbstevne
2256,nsf/1757,NSF,3/2/1991,Norway,,HSI treningssenter,Klubbmesterskap
2257,nsf/1758,NSF,3/21/1991,Norway,,Spikkestad u-skole,Klubbstevne
2258,nsf/1759,NSF,4/22/1991,Norway,,Jons gym Skoger,Kretsstevne
2259,nsf/176,NSF,5/12/2001,Norway,,Alta,KM
2260,nsf/1760,NSF,4/20/1991,Norway,,Voss,Klubbstevne benk
2261,nsf/1761,NSF,4/20/1991,Norway,,NTHI idrettsbygg,Klubbmesterskap
2262,nsf/1762,NSF,4/28/1991,Norway,,Inderøy,Klubbstevne
2263,nsf/1763,NSF,10/26/1991,Norway,,Spikkestad u-skole,Klubbstevne
2264,nsf/1764,NSF,10/26/1991,Norway,,Sandehallen,Klubbmesterskap
2265,nsf/1765,NSF,10/25/1991,Norway,,Finnmark DH,Klubb/seriestevne
2266,nsf/1766,NSF,11/2/1991,Norway,,Ø. Årdal,Klubb
2267,nsf/1767,NSF,10/12/1991,Norway,,Turnhallen,RM Øst
2268,nsf/1768,NSF,10/12/1991,Norway,,Hommersåk,Region vest
2269,nsf/1769,NSF,10/13/1991,Norway,,Mandal,RM
2270,nsf/177,NSF,5/19/2001,Norway,,Lørenskog,Benk Cup
2271,nsf/1770,NSF,5/25/1991,Norway,,Steinkjerhallen,KM
2272,nsf/1771,NSF,10/12/1991,Norway,,Idrettsbygget NTHI,RM
2273,nsf/1772,NSF,4/20/1991,Norway,,Verdal,KM benkpress
2274,nsf/1773,NSF,4/27/1991,Norway,,Sandnes,KM
2275,nsf/1774,NSF,5/25/1991,Norway,,Mandal,Kretsstevne
2276,nsf/1775,NSF,6/1/1991,Norway,,Skedsmohallen,KM
2277,nsf/1776,NSF,5/25/1991,Norway,,Sandehallen,KM
2278,nsf/1777,NSF,9/14/1991,Norway,,Sandehallen,Kretsstevne
2279,nsf/1778,NSF,11/10/1991,Norway,,Lykkeberghallen,KM - Benkpress
2280,nsf/1779,NSF,12/28/1991,Norway,,Hommersåk,Klubbstevne
2281,nsf/178,NSF,5/19/2001,Norway,,Stavanger,KM
2282,nsf/1780,NSF,12/21/1991,Norway,,Hommersåk,Julestevne
2283,nsf/1785,NSF,11/30/1991,Norway,,Brumunddal,Lagfinale ungdom
2284,nsf/1786,NSF,8/25/1991,Norway,,Askim kinoteater,NM-Benkpress
2285,nsf/1787,NSF,3/9/1991,Norway,,Brumunddal,NM Ungdom
2286,nsf/1788,NSF,3/5/1991,Norway,,Hommersåk,Norsk politimesterskap
2287,nsf/1789,NSF,2/9/1991,Norway,,Mandal,Junior - NM
2288,nsf/179,NSF,5/26/2001,Norway,,Skognhallen,KM
2289,nsf/1790,NSF,2/16/1991,Norway,,Askim kinoteater,B/V-NM
2290,nsf/1791,NSF,11/16/1991,Norway,,Mandal,Kretsstevne
2291,nsf/1792,NSF,11/16/1991,Norway,,Voss,Kretsstevne
2292,nsf/1793,NSF,11/9/1991,Norway,,Sande,KM benkpress
2293,nsf/1794,NSF,11/9/1991,Norway,,Skedsmohallen,KM - Benkpress
2294,nsf/1795,NSF,11/19/1991,Norway,,Kristansand,Sørlandsmesterskapet
2295,nsf/1796,NSF,10/12/1991,Norway,,Kristiansand,Sørlandstreffen
2296,nsf/1797,NSF,7/28/2010,Norway,,Lurahallen,Klubbstevne
2297,nsf/1799,NSF,7/29/2010,Norway,,Kuala Lumpur Malaysia,IPC VM benkpress funksjonshemmede
2298,nsf/18,NSF,2/19/2000,Norway,,Bergen,Seriestevne
2299,nsf/1800,NSF,8/9/2010,Norway,,Trondheim,Klubbstevne
2300,nsf/1802,NSF,8/6/2010,Norway,,Laksevåg,Åpent stevne
2301,nsf/1803,NSF,8/21/2010,Norway,,Melhus,Klubbmesterskap
2302,nsf/1805,NSF,8/18/2010,Norway,,Lurahallen,Klubbstevne
2303,nsf/1806,NSF,6/16/2010,Norway,,Hommersåk,Klubbstevne
2304,nsf/1807,NSF,8/30/2010,Norway,,Ganddal,Seriestevne
2305,nsf/1808,NSF,8/17/2010,Norway,,Bergen,Klubbstevne
2306,nsf/181,NSF,5/26/2001,Norway,,Brumunddal,KM
2307,nsf/182,NSF,5/26/2001,Norway,,Mo i Rana,KM
2308,nsf/1829,NSF,9/4/2010,Norway,,Sandehallen,Klubbstevne
2309,nsf/183,NSF,6/2/2001,Norway,,Sundbyfoss,KM
2310,nsf/1830,NSF,9/11/2010,Norway,,Varhol Fræna,Åpent stevne
2311,nsf/1831,NSF,9/18/2010,Norway,,Halden,Regionskamp
2312,nsf/1832,NSF,9/15/2010,Norway,,Brumunddal,Seriestevne
2313,nsf/1833,NSF,9/11/2010,Norway,,Haugesund,Klubbstevne
2314,nsf/1834,NSF,9/17/2010,Norway,,Gressvik,Klubbstevne
2315,nsf/1836,NSF,9/25/2010,Norway,,Sandehallen,Benk-cup
2316,nsf/1837,NSF,9/27/2010,Norway,,Bjølsen Oslo,Klubbmesterskap
2317,nsf/1838,NSF,9/22/2010,Norway,,Hommersåk,Klubbstevne
2318,nsf/1839,NSF,9/24/2010,Norway,,Avancia Skedsmo,Klubbmesterskap
2319,nsf/184,NSF,6/8/2001,Norway,,Sandnes,Seriestevne
2320,nsf/1840,NSF,9/27/2010,Norway,,Grubhei,Seriestevne
2321,nsf/1841,NSF,8/30/2010,Norway,,Grubhei,Klubbstevne
2322,nsf/1842,NSF,9/26/2010,Norway,,Vestlund park,Åpent stevne
2323,nsf/1844,NSF,9/18/2010,Norway,,Kiruna Sverige,Kalottkamp
2324,nsf/1847,NSF,9/25/2010,Norway,,Odderneshallen,Klubbstevne
2325,nsf/1848,NSF,10/2/2010,Norway,,Ashington England,Landskamp ungdom
2326,nsf/1849,NSF,9/25/2010,Norway,,Stavanger,Klubbstevne
2327,nsf/185,NSF,6/9/2001,Norway,,Oslo,KM
2328,nsf/1850,NSF,10/9/2010,Norway,,Trondheim,Midt-norsk styrkeløft og benkpress
2329,nsf/1852,NSF,10/9/2010,Norway,,Askim,Sydnorsk styrkeløft
2330,nsf/1853,NSF,10/10/2010,Norway,,Askim,Sydnorsk benkpress
2331,nsf/1854,NSF,10/5/2010,Norway,,Lørenskoghallen,Klubbmesterskap
2332,nsf/1855,NSF,10/16/2010,Norway,,Odinhallen,Åpent stevne
2333,nsf/1856,NSF,10/14/2010,Norway,,Ganddal,Seriestevne
2334,nsf/186,NSF,6/11/2001,Norway,,Halden,Seriestevne
2335,nsf/1860,NSF,10/27/2010,Norway,,Lurahallen Sandnes,Klubbstevne
2336,nsf/1861,NSF,10/23/2010,Norway,,Gruben,Seriestevne
2337,nsf/1862,NSF,10/27/2010,Norway,,Varhol,Åpent stevne
2338,nsf/1863,NSF,10/29/2010,Norway,,Trondheim,Åpent stevne
2339,nsf/1864,NSF,10/30/2010,Norway,,Spikkestad,Åpent stevne
2340,nsf/1866,NSF,11/13/2010,Norway,,Vestlund park,Åpent stevne
2341,nsf/1867,NSF,11/20/2010,Norway,,Moss,NM Ungdom Junior og Veteran
2342,nsf/1868,NSF,11/23/2010,Norway,,Vestlund park,Klubbstevne
2343,nsf/1869,NSF,11/26/2010,Norway,,Varhol,Klubbstevne
2344,nsf/1870,NSF,11/27/2010,Norway,,Odderneshallen,Klubbstevne
2345,nsf/1871,NSF,12/4/2010,Norway,,Spikkestad,Benkpress-cup
2346,nsf/1872,NSF,12/7/2010,Norway,,Vestlund park,Åpent stevne
2347,nsf/1873,NSF,12/11/2010,Norway,,Lurahallen,Julestevne
2348,nsf/1874,NSF,12/11/2010,Norway,,Bjølsenhallen,Åpent julestevne
2349,nsf/1875,NSF,12/11/2010,Norway,,Odinhallen,Klubbstevne
2350,nsf/1876,NSF,12/8/2010,Norway,,Halden,Seriestevne
2351,nsf/1877,NSF,12/11/2010,Norway,,Sandehallen,Julestevne
2352,nsf/1878,NSF,12/11/2010,Norway,,Melhus,Åpent stevne
2353,nsf/1879,NSF,12/11/2010,Norway,,Vestlund park,Åpent julestevne
2354,nsf/188,NSF,6/16/2001,Norway,,Brumunddal,KM Benk og 3-løft
2355,nsf/1880,NSF,12/11/2010,Norway,,Hommersåk,Julestevne
2356,nsf/1881,NSF,12/11/2010,Norway,,Brumunddal,Klubbmesterskap
2357,nsf/1882,NSF,12/11/2010,Norway,,Ganddal,Julestevne
2358,nsf/1883,NSF,12/18/2010,Norway,,Bjørns Gym,Julestevne
2359,nsf/1886,NSF,3/4/1999,Norway,,Tindlundhallen,Politimesterskapet
2360,nsf/1887,NSF,2/21/1999,Norway,,Bergen,B-NM
2361,nsf/1888,NSF,2/24/1999,Norway,,Oslo,Seriestevne
2362,nsf/1889,NSF,12/18/2010,Norway,,Gruben,Åpent stevne
2363,nsf/189,NSF,6/16/2001,Norway,,Sandehallen,Klubbmesterskap
2364,nsf/1890,NSF,12/18/2010,Norway,,Spikkestad,Julestevne
2365,nsf/1891,NSF,12/18/2010,Norway,,Sjøholt,Åpent stevne
2366,nsf/1892,NSF,12/18/2010,Norway,,Trondheim,Julestevne
2367,nsf/1893,NSF,12/29/2010,Norway,,Askim bedriftssenter,Klubbstevne
2368,nsf/1894,NSF,12/28/2010,Norway,,Elnesvågen,Åpent stevne
2369,nsf/1895,NSF,12/18/2010,Norway,,Haugesund,Klubbstevne
2370,nsf/1897,NSF,12/22/2010,Norway,,Gressvik,Åpent stevne
2371,nsf/1898,NSF,12/30/2010,Norway,,Varhol,Åpent stevne
2372,nsf/1899,NSF,1/11/2011,Norway,,Vestlund park,Åpent stevne
2373,nsf/19,NSF,2/21/2000,Norway,,Halden,Seriestevne
2374,nsf/190,NSF,6/20/2001,Norway,,Nidelv,Seriestevne
2375,nsf/1900,NSF,1/15/2011,Norway,,Sandehallen,Åpent stevne
2376,nsf/1902,NSF,1/15/2011,Norway,,Odderneshallen,Klubbstevne
2377,nsf/1903,NSF,1/14/2011,Norway,,Elnesvågen,Klubbstevne
2378,nsf/1905,NSF,1/28/2011,Norway,,Sandehallen,Benk-cup
2379,nsf/1906,NSF,1/30/2011,Norway,,Falkøping,Falkøping åpent stevne
2380,nsf/1907,NSF,1/22/2011,Norway,,Alta,Finnmarkmesterskapet
2381,nsf/1908,NSF,1/28/2011,Norway,,Varhol,Åpent stevne
2382,nsf/1909,NSF,1/30/2011,Norway,,Sundbyberg Sverige,Seriestevne
2383,nsf/191,NSF,6/20/2001,Norway,,,Klubbstevne
2384,nsf/1910,NSF,2/1/2011,Norway,,Vestlund park,Åpent stevne
2385,nsf/1911,NSF,2/4/2011,Norway,,København Danmark,ER Equipment open benkpress
2386,nsf/1920,NSF,1/28/2011,Norway,,Melhus,Klubb stevne
2387,nsf/1921,NSF,2/7/2011,Norway,,Varhol,Åpent stevne
2388,nsf/1922,NSF,2/7/2011,Norway,,Trondheim,Klubbstevne
2389,nsf/1923,NSF,2/12/2011,Norway,,Brumunddal,RM Hedmark og Oppland
2390,nsf/1925,NSF,2/12/2011,Norway,,Sandehallen,RM Østafjell
2391,nsf/1926,NSF,2/12/2011,Norway,,Skedsmo,RM Region Øst
2392,nsf/1928,NSF,2/3/2011,Norway,,Halden,Klubbmesterskap
2393,nsf/1929,NSF,2/12/2011,Norway,,Grubhei,RM Nord
2394,nsf/193,NSF,7/6/2001,Norway,,Hammerfest,Klubbmesterskap
2395,nsf/1930,NSF,2/19/2011,Norway,,Haukelandshallen Bergen,RM Vest
2396,nsf/1931,NSF,2/19/2011,Norway,,Ganddal,RM Sørvest
2397,nsf/1933,NSF,2/19/2011,Norway,,Haukelandshallen Bergen,RM Vest benkpress
2398,nsf/1934,NSF,2/26/2011,Norway,,Melhus,RM Midt-Norge
2399,nsf/1935,NSF,2/26/2011,Norway,,Rana kraftsenter,Klubbstevne
2400,nsf/1936,NSF,2/25/2011,Norway,,Varhol,Åpent stevne
2401,nsf/1937,NSF,2/28/2011,Norway,,Gressvik,Klubbstevne
2402,nsf/1938,NSF,3/1/2011,Norway,,Vestlund park,Åpent stevne
2403,nsf/1939,NSF,3/4/2011,Norway,,Skedsmo,Åpent stevne
2404,nsf/194,NSF,7/25/2001,Norway,,Trondheim,Benkstevne
2405,nsf/1940,NSF,2/24/2011,Norway,,Fyllingsdalen,Åpent stevne
2406,nsf/1942,NSF,3/12/2011,Norway,,Dubai De forente arabiske emirater,Faazan International Powerliting Competition
2407,nsf/1943,NSF,3/12/2011,Norway,,Brumunddal,Seriestevne
2408,nsf/1944,NSF,2/9/2011,Norway,,Halden,Klubbmesterskap
2409,nsf/1945,NSF,3/12/2011,Norway,,Alta,Åpent stevne
2410,nsf/1946,NSF,3/19/2011,Norway,,Trondheim,Åpent stevne
2411,nsf/1948,NSF,3/12/2011,Norway,,Elnesvågen,Klubbstevne
2412,nsf/1949,NSF,3/26/2011,Norway,,Oslo,NM Benkpress 2011
2413,nsf/1950,NSF,4/6/2011,Norway,,Lurahallen,Seriestevne
2414,nsf/1951,NSF,4/13/2011,Norway,,Oslo,Åpent stevne
2415,nsf/1952,NSF,4/9/2011,Norway,,Sandehallen,Seriestevne
2416,nsf/1953,NSF,4/6/2011,Norway,,Halden,Seriestevne
2417,nsf/1954,NSF,4/5/2011,Norway,,Vestlund park,Åpent stevne
2418,nsf/1955,NSF,4/15/2011,Norway,,Steinkjer,Åpent stevne
2419,nsf/1956,NSF,4/13/2011,Norway,,Hommersåk,Klubbstevne
2420,nsf/1959,NSF,4/9/2011,Norway,,Ganddal,Seriestevne
2421,nsf/196,NSF,7/28/2001,Norway,,,Seriestevne
2422,nsf/1960,NSF,4/16/2011,Norway,,Odinhallen,Åpent stevne
2423,nsf/1969,NSF,4/20/2011,Norway,,Askim Bedriftsenter,Seriestevne
2424,nsf/197,NSF,7/29/2001,Norway,,Sundbyfoss,Klubbstevne
2425,nsf/1970,NSF,4/16/2011,Norway,,Brumunddal,Seriestevne
2426,nsf/1972,NSF,4/22/2011,Norway,,Varhol Elnesvågen,Åpent stevne
2427,nsf/1973,NSF,4/27/2011,Norway,,Rana,Seriestevne
2428,nsf/1977,NSF,5/3/2011,Norway,,Vestlund park,Åpent stevne
2429,nsf/1978,NSF,5/11/2011,Norway,,Askim Bedriftsenter,Seriestevne
2430,nsf/1979,NSF,5/6/2011,Norway,,Gressvik,Klubbstevne
2431,nsf/198,NSF,7/30/2001,Norway,,Lillestrøm,Seriestevne
2432,nsf/1980,NSF,5/6/2011,Norway,,Gruva,Klubbstevne
2433,nsf/1981,NSF,5/7/2011,Norway,,Sundbyberg,Seriestevne
2434,nsf/1983,NSF,5/13/2011,Norway,,Trondheim,Seriestevne
2435,nsf/1984,NSF,5/14/2011,Norway,,Odderneshallen,Klubbstevne
2436,nsf/1987,NSF,5/25/2011,Norway,,Frogner,Klubbstevne
2437,nsf/1989,NSF,5/28/2011,Norway,,Moss,Åpent stevne
2438,nsf/199,NSF,8/1/2001,Norway,,Stavanger,Seriestevne
2439,nsf/1990,NSF,5/20/2011,Norway,,Elnesvågen,Åpent stevne
2440,nsf/1991,NSF,5/21/2011,Norway,,Høyskolen i Finnmark,Regionmesterskap
2441,nsf/1992,NSF,5/21/2011,Norway,,Remyra,Klubbstevne
2442,nsf/1993,NSF,5/21/2011,Norway,,Ulefoss,Benkpress-Cup
2443,nsf/1995,NSF,11/16/1974,Norway,,Brumunddal,Regionsmesterskap
2444,nsf/1996,NSF,6/10/2011,Norway,,Steinkjer SK,Åpent stevne
2445,nsf/1997,NSF,6/13/2011,Norway,,Askim bedriftsenter,Klubbstevne
2446,nsf/1998,NSF,6/17/2011,Norway,,Lurahallen,Sommerstevne
2447,nsf/1999,NSF,6/18/2011,Norway,,Brumunddal,Nasjonalt Ungdom- og Juniorstevne
2448,nsf/2,NSF,1/22/2000,Norway,,Bergen,Syd-Norsk Mesterskap
2449,nsf/20,NSF,2/23/2000,Norway,,Stavanger,Seriestevne
2450,nsf/200,NSF,8/1/2001,Norway,,Florø,KM
2451,nsf/2000,NSF,6/18/2011,Norway,,Sandehallen,Klubbmesterskap
2452,nsf/2001,NSF,6/7/2011,Norway,,Vestlund park,Åpent stevne
2453,nsf/2002,NSF,12/29/1999,Norway,,Fredrikstad,Åpent stevne
2454,nsf/2003,NSF,6/18/2011,Norway,,Odinhallen,Åpent stevne
2455,nsf/2004,NSF,6/18/2011,Norway,,Ganddal,Seriestevne
2456,nsf/2005,NSF,6/11/2011,Norway,,Haugesund,Åpent stevne
2457,nsf/2006,NSF,6/25/2011,Norway,,Vestlund park,Åpent stevne
2458,nsf/2007,NSF,7/1/2011,Norway,,Varhol,Åpent stevne
2459,nsf/201,NSF,8/11/2001,Norway,,Brumunddal,Seriestevne
2460,nsf/2010,NSF,7/5/2011,Norway,,Vestlund park,Åpent stevne
2461,nsf/2012,NSF,7/10/2011,Norway,,Rana,Seriestevne
2462,nsf/2014,NSF,7/16/2011,Norway,,Skoger,Åpent stevne
2463,nsf/2015,NSF,6/24/2011,Norway,,Varhol,Klubbstevne
2464,nsf/2016,NSF,8/2/2011,Norway,,Vestlund park,Åpent stevne
2465,nsf/2017,NSF,9/3/2011,Norway,,Bjølsenhallen,Åpent stevne
2466,nsf/2019,NSF,8/27/2011,Norway,,Elnesvågen,Klubbstevne
2467,nsf/2020,NSF,8/19/2011,Norway,,Varhol,Klubbstevne
2468,nsf/2021,NSF,7/24/2011,Norway,,Varhol,Klubbstevne
2469,nsf/2022,NSF,8/24/2011,Norway,,Ganddal,Seriestevne
2470,nsf/2023,NSF,8/20/2011,Norway,,Gruva,Klubbstevne
2471,nsf/2024,NSF,8/24/2011,Norway,,Lurahallen,Benkstevne
2472,nsf/2025,NSF,9/3/2011,Norway,,Sandehallen,Klubbstevne
2473,nsf/2026,NSF,9/2/2011,Norway,,Trondheim,Klubbstevne
2474,nsf/2027,NSF,4/23/1978,Norway,,Fredrikstad,Lag NM 1978
2475,nsf/2028,NSF,9/7/2011,Norway,,Lurahallen,Klubbstevne
2476,nsf/2033,NSF,7/15/2011,Norway,,Elnesvågen,Klubbstevne
2477,nsf/2035,NSF,9/17/2011,Norway,,Brumunddal,Seriestevne
2478,nsf/2036,NSF,9/17/2011,Norway,,Karlstad,Regionskamp
2479,nsf/2037,NSF,9/17/2011,Norway,,Elnesvågen,Klubbstevne
2480,nsf/2038,NSF,9/19/2011,Norway,,Gressvik,Klubbmesterskap
2481,nsf/204,NSF,8/25/2001,Norway,,Oslo,NM Benkpress
2482,nsf/2040,NSF,9/24/2011,Norway,,Sandehallen,Benk-cup
2483,nsf/205,NSF,9/14/2001,Norway,,Fredrikstad,Seriestevne
2484,nsf/2058,NSF,10/1/2011,Norway,,Bytårnet skole,Sydnorsk styrkeløft
2485,nsf/2059,NSF,10/1/2011,Norway,,Eberg Skole,Midtnorsk Benkpress
2486,nsf/2060,NSF,10/1/2011,Norway,,Eberg skole,Midtnorsk Styrkeløft
2487,nsf/2061,NSF,10/2/2011,Norway,,Bytårnet skole,Sydnorsk benkpress
2488,nsf/2062,NSF,9/24/2011,Norway,,Odderneshallen,Klubbstevne
2489,nsf/2063,NSF,9/19/2011,Norway,,Grubhei,Seriestevne
2490,nsf/2064,NSF,9/21/2011,Norway,,Halden,Seriestevne
2491,nsf/2065,NSF,9/17/2011,Norway,,Spikkestad,Åpent stevne
2492,nsf/2067,NSF,9/6/2011,Norway,,Vestlund park,Åpent stevne
2493,nsf/2068,NSF,9/15/2011,Norway,,Elnesvågen,Klubbstevne
2494,nsf/2069,NSF,9/24/2011,Norway,,Skedsmo,Klubbstevne
2495,nsf/207,NSF,9/15/2001,Norway,,Sande,Kretsstevne
2496,nsf/2070,NSF,10/4/2011,Norway,,Vestlund park,Åpent stevne
2497,nsf/2072,NSF,10/8/2011,Norway,,Varhol,Åpent stevne
2498,nsf/2073,NSF,10/10/2011,Norway,,Gressvik,Åpent stevne
2499,nsf/2074,NSF,10/15/2011,Norway,,Alta,Nordnorsk
2500,nsf/2075,NSF,10/15/2011,Norway,,Bjørns Gym,Klubbstevne
2501,nsf/2077,NSF,10/19/2011,Norway,,Lurahallen,Klubbstevne
2502,nsf/2078,NSF,10/21/2011,Norway,,Ganddal,Seriestevne
2503,nsf/2079,NSF,10/11/2011,Norway,,Lørenskoghallen,Klubbmesterskap
2504,nsf/208,NSF,9/15/2001,Norway,,Brumunddal,Seriestevne
2505,nsf/2080,NSF,10/26/2011,Norway,,Odinhallen,Åpent stevne
2506,nsf/2083,NSF,10/29/2011,Norway,,Rana,Seriestevne
2507,nsf/2084,NSF,10/29/2011,Norway,,Spikkestad,Åpent stevne
2508,nsf/2085,NSF,11/1/2011,Norway,,Vestlund park,Åpent stevne
2509,nsf/2086,NSF,11/2/2011,Norway,,Frogner,Åpent stevne
2510,nsf/2089,NSF,11/18/2011,Norway,,Sandnes,NM Ungdom Junior Veteran 2011
2511,nsf/2092,NSF,12/5/2011,Norway,,Varhol,Klubbstevne
2512,nsf/2093,NSF,12/3/2011,Norway,,Spikkestad,Benk-cup
2513,nsf/2094,NSF,11/26/2011,Norway,,Odderneshallen,Klubbstevne
2514,nsf/2095,NSF,12/7/2011,Norway,,Halden,Seriestevne
2515,nsf/2096,NSF,12/9/2011,Norway,,Lurahallen,Klubbstevne
2516,nsf/2097,NSF,12/10/2011,Norway,,Sandehallen,Åpent stevne
2517,nsf/2099,NSF,11/26/2011,Norway,,Vestlund park,Klubbstevne
2518,nsf/21,NSF,2/23/2000,Norway,,Trondheim,Seriestevne
2519,nsf/210,NSF,9/22/2001,Norway,,Ulefoss,Benk-Cup
2520,nsf/2100,NSF,12/10/2011,Norway,,Odinhallen,Åpent stevne
2521,nsf/2101,NSF,12/10/2011,Norway,,Elnersvågen,Klubbstevne
2522,nsf/2102,NSF,12/10/2011,Norway,,Hommersåk,Åpent stevne
2523,nsf/2103,NSF,12/10/2011,Norway,,Gruva,Klubbmesterskap
2524,nsf/2104,NSF,12/6/2011,Norway,,Vestlund park,Åpent stevne
2525,nsf/2105,NSF,12/10/2011,Norway,,Brumunddal,Klubbmesterskap
2526,nsf/2108,NSF,12/10/2011,Norway,,Bjølsenhallen,Åpent stevne
2527,nsf/2109,NSF,12/10/2011,Norway,,Ganddal,Klubbstevne
2528,nsf/211,NSF,9/22/2001,Norway,,Oslo,Benk-Cup
2529,nsf/2110,NSF,12/17/2011,Norway,,Bergen,RM klassisk benkpress
2530,nsf/2111,NSF,12/17/2011,Norway,,Remyra,Åpent stevne
2531,nsf/2112,NSF,12/17/2011,Norway,,Varhol,Åpent stevne
2532,nsf/2113,NSF,12/17/2011,Norway,,Spikkestad,Åpent stevne
2533,nsf/2114,NSF,12/15/2011,Norway,,Ganddal,Seriestevne
2534,nsf/2115,NSF,12/17/2011,Norway,,Bjørns Gym,Åpent stevne
2535,nsf/2117,NSF,12/17/2011,Norway,,Haugesund,Åpent stevne
2536,nsf/2118,NSF,12/17/2011,Norway,,Trondheim,Åpent stevne
2537,nsf/2119,NSF,12/22/2011,Norway,,Gressvik,Åpent stevne
2538,nsf/212,NSF,9/29/2001,Norway,,Odderneshallen,Regionsmesterskap
2539,nsf/2120,NSF,12/18/2011,Norway,,Rana Kraftsenter,Åpent stevne
2540,nsf/2121,NSF,1/3/2012,Norway,,Vestlund park,Åpent stevne
2541,nsf/2122,NSF,1/11/2012,Norway,,Lurahallen,Seriestevne
2542,nsf/2124,NSF,1/14/2012,Norway,,Sandehallen,Seriestevne
2543,nsf/2125,NSF,1/13/2012,Norway,,Elnesvågen,Klubbstevne
2544,nsf/2126,NSF,1/14/2012,Norway,,Odderneshallen,Klubbstevne
2545,nsf/2129,NSF,1/28/2012,Norway,,Sandehallen,Benk-Cup
2546,nsf/213,NSF,10/6/2001,Norway,,Drammen,Kretsstevne
2547,nsf/2130,NSF,1/28/2012,Norway,,Høgskolen i finnmark,Finnmarkmesterskapet
2548,nsf/2132,NSF,2/8/2012,Norway,,Lurahallen,Seriestevne
2549,nsf/2133,NSF,2/11/2012,Norway,,Brumunddal,RM Hedmark-Oppland
2550,nsf/2134,NSF,2/11/2012,Norway,,Bjølsenhallen Oslo,RM Øst Benkpress
2551,nsf/2135,NSF,2/11/2012,Norway,,Bjølsenhallen Oslo,RM Øst Styrkeløft
2552,nsf/2136,NSF,1/21/2012,Norway,,Sundbyberg Sverige,Seriestevne
2553,nsf/2137,NSF,1/25/2012,Norway,,Halden,Klubbmesterskap benkpress
2554,nsf/2138,NSF,1/20/2012,Norway,,Haukelandshallen,Åpent stevne
2555,nsf/2139,NSF,1/25/2012,Norway,,Askim,Åpent stevne
2556,nsf/214,NSF,10/6/2001,Norway,,Bergen,Klubbstevne
2557,nsf/2140,NSF,1/28/2012,Norway,,Gruva,Klubbstevne
2558,nsf/2141,NSF,2/4/2012,Norway,,Haukelandshallen,RM Region Vest
2559,nsf/2142,NSF,2/7/2012,Norway,,Vestlund park,Åpent stevne
2560,nsf/2143,NSF,2/12/2012,Norway,,Bjølsenhallen Oslo,RM Øst Styrkeløft
2561,nsf/2145,NSF,2/11/2012,Norway,,Rana,RM Nordland
2562,nsf/2146,NSF,2/10/2012,Norway,,Trondheim,Åpent stevne
2563,nsf/2147,NSF,2/11/2012,Norway,,Sande,RM Østafjell
2564,nsf/215,NSF,10/13/2001,Norway,,Oslo,Seriestevne
2565,nsf/216,NSF,10/13/2001,Norway,,Skogn,Regionsmesterskap
2566,nsf/2160,NSF,2/18/2012,Norway,,Hundvåghallen,RM Sør Vest
2567,nsf/2161,NSF,2/3/2012,Norway,,København Danmark,ER Equipment åpen benkpress
2568,nsf/2162,NSF,2/14/2012,Norway,,Ganddal,Seriestevne
2569,nsf/2163,NSF,2/25/2012,Norway,,Melhus,RM Midt-Norge Styrkeløft
2570,nsf/2164,NSF,2/25/2012,Norway,,Melhus,RM Midt-Norge Benkpress
2571,nsf/2165,NSF,2/9/2012,Norway,,Årsdalshallen,Åpent stevne
2572,nsf/2166,NSF,2/24/2012,Norway,,Gressvik,Åpent stevne
2573,nsf/2168,NSF,3/6/2012,Norway,,Vestlund Park,Åpent stevne
2574,nsf/217,NSF,10/13/2001,Norway,,Ganddal,Syd-Norsk
2575,nsf/2170,NSF,3/10/2012,Norway,,Brumunddal,Seriestevne
2576,nsf/2171,NSF,3/14/2012,Norway,,Halden,Klubbmesterskap
2577,nsf/2172,NSF,3/9/2012,Norway,,Haukelandshallen,Åpent stevne
2578,nsf/2174,NSF,3/9/2012,Norway,,Skedsmo,Åpent stevne
2579,nsf/2175,NSF,3/16/2012,Norway,,Alta,Klubbstevne
2580,nsf/2176,NSF,3/24/2012,Norway,,Molde,NM Benkpress 2012
2581,nsf/2177,NSF,4/3/2012,Norway,,Bergen,Åpent stevne
2582,nsf/2178,NSF,4/8/2012,Norway,,Elnesvågen,Klubbstevne
2583,nsf/2179,NSF,4/11/2012,Norway,,Lurahallen,Klubbstevne
2584,nsf/2180,NSF,4/14/2012,Norway,,Oslo,Klubbstevne
2585,nsf/2181,NSF,4/14/2012,Norway,,Sandehallen,Seriestevne
2586,nsf/2182,NSF,4/14/2012,Norway,,Skedsmo,Nordisk Ung-Jun 2012
2587,nsf/2183,NSF,4/13/2012,Norway,,Haukelandshallen,Åpent stevne
2588,nsf/2184,NSF,4/15/2012,Norway,,Ganddal,Seriestevne
2589,nsf/2185,NSF,4/20/2012,Norway,,Verket Røros,Klubbstevne
2590,nsf/2186,NSF,4/20/2012,Norway,,Trondheim,Klubbstevne
2591,nsf/2187,NSF,4/18/2012,Norway,,BSK hallen,Åpent stevne
2592,nsf/2188,NSF,4/18/2012,Norway,,Hommersåk,Klubbstevne
2593,nsf/219,NSF,10/20/2001,Norway,,Brumunddal,Seriestevne
2594,nsf/2190,NSF,4/20/2012,Norway,,Alta,Åpent stevne
2595,nsf/2191,NSF,4/14/2012,Norway,,Brumunddal,Klubbstevne
2596,nsf/2193,NSF,4/14/2012,Norway,,Odderneshallen,Klubbstevne
2597,nsf/2195,NSF,4/25/2012,Norway,,Halden,Klubbstevne
2598,nsf/2196,NSF,5/5/2012,Norway,,Melhus,Åpent stevne
2599,nsf/2197,NSF,5/5/2012,Norway,,Odinhallen,Lagseriestevne
2600,nsf/2199,NSF,5/12/2012,Norway,,Alta,RM
2601,nsf/22,NSF,2/24/2000,Norway,,Stavanger,Politimesterskap
2602,nsf/220,NSF,10/20/2001,Norway,,Alta,Regionsmesterskap
2603,nsf/2200,NSF,5/12/2012,Norway,,Ulefoss,Benkpress-cup
2604,nsf/2201,NSF,5/9/2012,Norway,,Brumunddal,Seriestevne
2605,nsf/2202,NSF,5/12/2012,Norway,,Haukelandshallen Bergen.,RM Benkpress Region Vest
2606,nsf/2203,NSF,5/9/2012,Norway,,Lurahallen,Lagseriestevne
2607,nsf/2204,NSF,5/5/2012,Norway,,Sandehallen,Regionskamp
2608,nsf/2207,NSF,5/25/2012,Norway,,Gressvik,Åpent stevne
2609,nsf/2208,NSF,6/6/2012,Norway,,Askim bedriftsenter,Åpent stevne
2610,nsf/2209,NSF,6/5/2012,Norway,,BSK hallen,Åpent stevne
2611,nsf/221,NSF,10/22/2001,Norway,,Halden,Seriestevne
2612,nsf/2212,NSF,6/16/2012,Norway,,Askim,Nasjonalt Ungdom-Junior
2613,nsf/2213,NSF,6/16/2012,Norway,,Odinhallen,Klubbstevne
2614,nsf/2214,NSF,6/13/2012,Norway,,Bergen,Åpent stevne
2615,nsf/2215,NSF,6/12/2012,Norway,,Bergen,Åpent stevne
2616,nsf/2216,NSF,5/17/2012,Norway,,Sundbyberg,Seriestevne
2617,nsf/2217,NSF,6/16/2012,Norway,,Sandehallen,Seriestevne
2618,nsf/2218,NSF,6/16/2012,Norway,,Haugesund,Åpent stevne
2619,nsf/2219,NSF,5/28/2012,Norway,,Bergen,Åpent stevne
2620,nsf/222,NSF,10/24/2001,Norway,,Fredrikstad,Seriestevne
2621,nsf/2220,NSF,6/20/2012,Norway,,Lurahallen,Klubbstevne
2622,nsf/2222,NSF,7/3/2012,Norway,,Bergen,Åpent stevne
2623,nsf/2223,NSF,6/16/2012,Norway,,Ganddal,Seriestevne
2624,nsf/2224,NSF,6/29/2012,Norway,,Elnesvågen,Klubbstevne
2625,nsf/2226,NSF,10/27/1989,Norway,,Spikkestad,Seriestevne
2626,nsf/2228,NSF,10/21/1989,Norway,,Lillestrøm,Seriestevne
2627,nsf/223,NSF,10/24/2001,Norway,,Trondheim,Benkstevne
2628,nsf/2230,NSF,2/4/1989,Norway,,Spikkestad,Klubbstevne
2629,nsf/2231,NSF,12/4/1987,Norway,,Grunerløkka,Åpent stevne
2630,nsf/2232,NSF,7/20/2012,Norway,,Elnesvågen,Åpent stevne
2631,nsf/2234,NSF,8/4/2012,Norway,,Selsbakk Treningssenter,Klubbstevne
2632,nsf/2237,NSF,8/7/2012,Norway,,Bergen,Åpent stevne
2633,nsf/2238,NSF,8/18/2012,Norway,,Odinhallen,Åpent stevne
2634,nsf/2239,NSF,8/22/2012,Norway,,Lurahallen,Lagseriestevne
2635,nsf/224,NSF,10/26/2001,Norway,,Lurahallen,Seriestevne
2636,nsf/2240,NSF,8/24/2012,Norway,,Bjølsenhallen,Åpent stevne
2637,nsf/2241,NSF,8/25/2012,Norway,,Haukelandshallen,RM Klassisk Region vest
2638,nsf/2244,NSF,8/25/2012,Norway,,Gruva,Klubbstevne
2639,nsf/2245,NSF,8/17/2012,Norway,,Elnesvågen,Klubbstevne
2640,nsf/2246,NSF,8/25/2012,Norway,,Ganddal,Seriestevne
2641,nsf/2248,NSF,9/1/2012,Norway,,Sandehallen,Seriestevne
2642,nsf/2249,NSF,8/25/2012,Norway,,Remyra,Åpent stevne
2643,nsf/225,NSF,10/27/2001,Norway,,Mo i Rana,Seriestevne
2644,nsf/2250,NSF,9/1/2012,Norway,,Rana,Klubbstevne
2645,nsf/2251,NSF,9/4/2012,Norway,,Bergen,Åpent stevne
2646,nsf/2255,NSF,9/12/2012,Norway,,Brumunddal,Seriestevne
2647,nsf/2256,NSF,9/8/2012,Norway,,Sundbyberg Sverige,Klubbstevne
2648,nsf/2258,NSF,9/15/2012,Norway,,Askim,Regionskamp
2649,nsf/226,NSF,10/28/2001,Norway,,Sundbyfoss,Klubbstevne
2650,nsf/2263,NSF,9/22/2012,Norway,,Spikkestad,RM benkpress
2651,nsf/2264,NSF,9/29/2012,Norway,,Bergen,Syd-Norsk Styrkeløft
2652,nsf/2265,NSF,9/30/2012,Norway,,Bergen,Syd-Norsk Benkpress
2653,nsf/2266,NSF,9/14/2012,Norway,,Gressvik,Klubbmesterskap
2654,nsf/2267,NSF,9/22/2012,Norway,,Odderneshallen,Klubbstevne
2655,nsf/2268,NSF,9/22/2012,Norway,,Skedsmokorset,Åpent stevne
2656,nsf/2269,NSF,10/3/2012,Norway,,Lørest,klubbstevne
2657,nsf/227,NSF,11/1/2001,Norway,,Sande,Klubbstevne
2658,nsf/2272,NSF,9/14/2012,Norway,,Elnesvågen,Klubbstevne
2659,nsf/2273,NSF,10/2/2012,Norway,,Bergen,Åpent stevne
2660,nsf/2274,NSF,10/6/2012,Norway,,Skognhallen,Midt-Norsk Benkpress
2661,nsf/2275,NSF,10/6/2012,Norway,,Skognhallen,Midt-Norsk Styrkeløft
2662,nsf/2276,NSF,10/7/2012,Norway,,Ganddal,Åpent stevne utstyrsfritt
2663,nsf/2277,NSF,10/6/2012,Norway,,Rana,Lagserien
2664,nsf/2278,NSF,9/4/2012,Norway,,Kemi finland,Kalottkampen
2665,nsf/2279,NSF,10/7/2012,Norway,,Årdalshallen,Klubbstevne
2666,nsf/228,NSF,11/3/2001,Norway,,Florø,Junior NM
2667,nsf/2283,NSF,10/16/2012,Norway,,Lørenskoghallen,Klubbmesterskap
2668,nsf/2286,NSF,10/25/2012,Norway,,Bergen,Lagserien
2669,nsf/2287,NSF,10/25/2012,Norway,,Haukelandshallen Bergen.,Klubbstevne
2670,nsf/2288,NSF,10/26/2012,Norway,,Alta,Åpent stevne
2671,nsf/229,NSF,11/10/2001,Norway,,Halden,KM Benk
2672,nsf/2290,NSF,10/22/2012,Norway,,Lurahallen Sandnes,lagserien Styrkeløft
2673,nsf/2293,NSF,11/6/2012,Norway,,Vestlund Parkund Bergen,Åpent stevne
2674,nsf/2295,NSF,11/3/2012,Norway,,Drammen,Klubbstevne
2675,nsf/2296,NSF,10/27/2012,Norway,,Spikkestad,Klubbmesterskap
2676,nsf/2297,NSF,10/16/2012,Norway,,Bergen,Åpent stevne
2677,nsf/2298,NSF,11/16/2012,Norway,,Sandehallen,NM ungdom junior og veteran
2678,nsf/2299,NSF,11/24/2012,Norway,,Odderneshallen Kristiansand,Klubbstevne
2679,nsf/23,NSF,2/25/2000,Norway,,Sandnes,Seriestevne
2680,nsf/2300,NSF,11/28/2012,Norway,,Lurahallen,Klubbstevne
2681,nsf/2301,NSF,11/30/2012,Norway,,Elnesvågen,Klubbstevne
2682,nsf/2302,NSF,12/1/2012,Norway,,Bergen,Klubbstevne
2683,nsf/2303,NSF,12/1/2012,Norway,,Spikkestad Grendehus,Benkpress-Cup 4. runde
2684,nsf/2304,NSF,12/4/2012,Norway,,Bergen,Åpent stevne
2685,nsf/2305,NSF,12/7/2012,Norway,,Moss ishall,Julestevne
2686,nsf/2306,NSF,12/8/2012,Norway,,Odinhallen,Klubbstevne klassisk
2687,nsf/2308,NSF,12/8/2012,Norway,,Bjørns gym,Klubbstevne
2688,nsf/2309,NSF,12/8/2012,Norway,,Halden,RM Klassisk
2689,nsf/231,NSF,11/24/2001,Norway,,Drammen,Benk-Cup
2690,nsf/2310,NSF,12/8/2012,Norway,,Sandehallen,Åpent stevne
2691,nsf/2312,NSF,12/8/2012,Norway,,Brumunddal,Klubbmesterskap
2692,nsf/2313,NSF,12/8/2012,Norway,,Ganddal,Åpent stevne
2693,nsf/2314,NSF,12/8/2012,Norway,,Gruva,Klubbstevne
2694,nsf/2315,NSF,12/12/2012,Norway,,Lurahallen,Klubbstevne
2695,nsf/2316,NSF,12/12/2012,Norway,,Elnesvågen Treningssenter,Klubbstevne
2696,nsf/2317,NSF,12/15/2012,Norway,,Bjølsenhallen,Åpent stevne
2697,nsf/2318,NSF,12/15/2012,Norway,,Klubblokaler,Åpent stevne
2698,nsf/2319,NSF,12/15/2012,Norway,,Haukelandshallen,RM Vest Klassisk benkpress
2699,nsf/232,NSF,11/24/2001,Norway,,Kristiansand,Kretsstevne
2700,nsf/2320,NSF,12/15/2012,Norway,,Spikkestad Grendehus,Åpent stevne
2701,nsf/2321,NSF,12/15/2012,Norway,,Rana,Åpent stevne
2702,nsf/2322,NSF,12/15/2012,Norway,,Verket Røros,Klubbstevne
2703,nsf/2323,NSF,12/14/2012,Norway,,høgskolen,Benkpresstevne
2704,nsf/2324,NSF,12/19/2012,Norway,,Elnesvågen Treningssenter,Klubbstevne
2705,nsf/2325,NSF,12/21/2012,Norway,,Haukelandshallen Bergen.,Åpent
2706,nsf/2326,NSF,12/22/2012,Norway,,Gressvik,Julestevne
2707,nsf/2327,NSF,12/22/2012,Norway,,Løset,Åpent stevne
2708,nsf/2330,NSF,12/30/2012,Norway,,,Klubbstevne
2709,nsf/2335,NSF,12/29/2012,Norway,,Øksfjord Atletklubb,Åpent Utstyrsfritt stevne
2710,nsf/2336,NSF,1/4/2013,Norway,,Bjølsen Oslo,Åpent stevne
2711,nsf/2337,NSF,12/22/2012,Norway,,Haugesund,Åpent stevne
2712,nsf/2338,NSF,1/8/2013,Norway,,,Klubbstevne
2713,nsf/2339,NSF,1/12/2013,Norway,,Brumunddal,Seriestevne
2714,nsf/234,NSF,12/1/2001,Norway,,Florø,Julestevne
2715,nsf/2340,NSF,1/12/2013,Norway,,Sandehallen,Seriestevne
2716,nsf/2341,NSF,1/12/2013,Norway,,Odderneshallen,Klubbstevne
2717,nsf/2342,NSF,1/19/2013,Norway,,Høgskolen i Finnmark,Finnmarkmesterskapet
2718,nsf/2344,NSF,1/19/2013,Norway,,Haukelandshallen,Åpent klassisk benkpresstevne
2719,nsf/2346,NSF,1/23/2013,Norway,,Fredrikstad,Klubbstevne
2720,nsf/2347,NSF,1/26/2013,Norway,,Sandehallen,Benk-cup
2721,nsf/2348,NSF,1/26/2013,Norway,,Gruva,Klubbstevne styrkeløft/benkpress
2722,nsf/2349,NSF,1/26/2013,Norway,,Haukelandshallen,Åpent stevne
2723,nsf/235,NSF,12/1/2001,Norway,,Spikkestad,Klubbmesterskap
2724,nsf/2350,NSF,2/2/2013,Norway,,Avancia Skedsmo,RM Region Øst
2725,nsf/2352,NSF,2/1/2013,Norway,,København Danmark,ER Open Bench Press
2726,nsf/2353,NSF,1/23/2013,Norway,,Halden,Klubbmesterskap
2727,nsf/2354,NSF,2/8/2013,Norway,,Alta,Klubbstevne
2728,nsf/2355,NSF,2/9/2013,Norway,,Elnesvågen,RM Styrkeløft Midt Norge
2729,nsf/2356,NSF,2/9/2013,Norway,,Bergen,RM Vest
2730,nsf/2357,NSF,2/9/2013,Norway,,Brumunddal,RM Hedmark/Oppland
2731,nsf/2358,NSF,2/9/2013,Norway,,Kraftsenteret,RM Nordland
2732,nsf/2359,NSF,2/10/2013,Norway,,Elnesvågen,RM Midt-Norge benkpress
2733,nsf/236,NSF,12/8/2001,Norway,,Oslo,Lagfinalen
2734,nsf/2360,NSF,2/10/2013,Norway,,Bergen,RM Vest benkpress
2735,nsf/2362,NSF,2/9/2013,Norway,,Sandehallen,RM Østafjell
2736,nsf/2363,NSF,2/16/2013,Norway,,,Åpent stevne
2737,nsf/2368,NSF,2/22/2013,Norway,,Gressvik,Åpent stevne
2738,nsf/2369,NSF,3/5/2013,Norway,,,Klubbstevne
2739,nsf/237,NSF,12/8/2001,Norway,,Bergen,Klubbstevne
2740,nsf/2371,NSF,3/9/2013,Norway,,Brumunddal,Seriestevne
2741,nsf/2372,NSF,3/12/2013,Norway,,,Klubbstevne
2742,nsf/2373,NSF,3/6/2013,Norway,,Lurahallen,Klubbstevne
2743,nsf/2374,NSF,3/2/2013,Norway,,Odeneshallen,RM sør-vest
2744,nsf/2375,NSF,3/6/2013,Norway,,Halden,Klubbstevne
2745,nsf/2377,NSF,3/16/2013,Norway,,Kraftsenteret,Klubbstevne
2746,nsf/2378,NSF,3/20/2013,Norway,,Askim Bedriftssenter,Klubbstevne
2747,nsf/2379,NSF,3/20/2013,Norway,,Frogner,Klubbstevne
2748,nsf/238,NSF,12/9/2001,Norway,,Oslo,Julestevne
2749,nsf/2380,NSF,3/21/2013,Norway,,Klubblokale,Åpent stevne
2750,nsf/2381,NSF,3/23/2013,Norway,,Alta,NM benkpress
2751,nsf/2382,NSF,3/9/2013,Norway,,Skedsmo,Åpent stevne
2752,nsf/2383,NSF,3/29/2013,Norway,,Løseth,Åpent stevne
2753,nsf/2385,NSF,4/2/2013,Norway,,,Klubbstevne
2754,nsf/2386,NSF,4/6/2013,Norway,,Odinhallen,Åpent
2755,nsf/2389,NSF,4/6/2013,Norway,,Brumunddal,Seriestevne
2756,nsf/239,NSF,12/15/2001,Norway,,Mo i Rana,Julestevne
2757,nsf/2390,NSF,4/5/2013,Norway,,Elnesvågen,Klubbstevne
2758,nsf/2391,NSF,4/12/2013,Norway,,Haukelandshallen,Åpent
2759,nsf/2392,NSF,4/13/2013,Norway,,Kraftsenteret Mo i Rana,Klubbstevne
2760,nsf/2393,NSF,4/14/2013,Norway,,Bergen,Åpent
2761,nsf/2394,NSF,4/13/2013,Norway,,Ganddal,Klubbstevne
2762,nsf/2395,NSF,4/13/2013,Norway,,Sandehallen,Åpent stevne
2763,nsf/2396,NSF,3/16/2013,Norway,,Bjørns Gym,Klubbstevne
2764,nsf/2397,NSF,3/1/2013,Norway,,,Veteran SM Sverige
2765,nsf/2398,NSF,1/26/2013,Norway,,,SM Sverige
2766,nsf/2399,NSF,1/19/2013,Norway,,,Seriestevne Sverige
2767,nsf/24,NSF,2/25/2000,Norway,,Hommersåk,Seriestevne
2768,nsf/240,NSF,12/21/2001,Norway,,Seiersten skole,Kvalstevne
2769,nsf/2400,NSF,4/13/2013,Norway,,Odderneshallen,Klubbmesterskap
2770,nsf/2401,NSF,4/13/2013,Norway,,Lurahallen,Klubbstevne
2771,nsf/2403,NSF,4/19/2013,Norway,,Bjølsen,Åpent stevne
2772,nsf/2404,NSF,4/27/2013,Norway,,,RM Klassisk - Region Vest
2773,nsf/2405,NSF,4/27/2013,Norway,,Gruva melhus,Åpent stevne
2774,nsf/2407,NSF,5/4/2013,Norway,,Lurahallen,Klubbstevne
2775,nsf/2408,NSF,5/7/2013,Norway,,,Klubbstevne
2776,nsf/2409,NSF,5/10/2013,Norway,,Klubblokalet,Klubbstevne
2777,nsf/241,NSF,12/21/2001,Norway,,Steinkjer,Julestevne
2778,nsf/2410,NSF,5/11/2013,Norway,,Ørebro,Regionskamp
2779,nsf/2411,NSF,5/11/2013,Norway,,Remyra,Åpent Stevne
2780,nsf/2414,NSF,5/11/2013,Norway,,Høgskolen Alta,RM
2781,nsf/2415,NSF,5/14/2013,Norway,,Ulefoss,Benk-cup 2.runde
2782,nsf/2417,NSF,5/24/2013,Norway,,Gressvik,Klubbstevne
2783,nsf/2418,NSF,4/24/2013,Norway,,Halden,Seriestevne
2784,nsf/242,NSF,12/28/2001,Norway,,Trondheim,KM Benk
2785,nsf/2423,NSF,5/31/2013,Norway,,Bergen,NM 2013
2786,nsf/2424,NSF,6/4/2013,Norway,,Bergen,Klubbstevne
2787,nsf/2425,NSF,6/8/2013,Norway,,Brumunddal,Nasjonalt Ungdom-Junior
2788,nsf/2426,NSF,6/8/2013,Norway,,Rosendal,Klubbstevne
2789,nsf/2428,NSF,6/13/2013,Norway,,Haukelandshallen,Åpent stevne
2790,nsf/243,NSF,1/5/2002,Norway,,Kristiansand,Kretsstevne
2791,nsf/2430,NSF,6/15/2013,Norway,,Lurahallen,Åpent stevne
2792,nsf/2431,NSF,6/15/2013,Norway,,Spikkestad,Åpent stevne
2793,nsf/2432,NSF,6/15/2013,Norway,,Askim Bedriftssenter,Åpent Stevne
2794,nsf/2433,NSF,5/4/2013,Norway,,Sundbyberg Sverige,Seriestevne Sverige
2795,nsf/2434,NSF,6/15/2013,Norway,,Ganddal,Klubbstevne
2796,nsf/2435,NSF,6/15/2013,Norway,,Haugaland AK,Klubbstevne
2797,nsf/2436,NSF,6/15/2013,Norway,,Sandehallen,Seriestevne
2798,nsf/2437,NSF,6/22/2013,Norway,,Stavanger,Klubbstevne
2799,nsf/2438,NSF,6/22/2013,Norway,,Bjølsenhallen Oslo,Finale lagserien benkpress
2800,nsf/2439,NSF,5/25/2013,Norway,,Kraftsenteret Mo i Rana,Seriestevne
2801,nsf/244,NSF,1/12/2002,Norway,,Sande,Kretsstevne
2802,nsf/2441,NSF,7/2/2013,Norway,,,Klubbstevne
2803,nsf/2442,NSF,6/26/2013,Norway,,Brumunddal,Seriestevne
2804,nsf/2443,NSF,7/6/2013,Norway,,Skoger,Åpent stevne
2805,nsf/2446,NSF,7/12/2013,Norway,,Elnesvågen Treningssenter,Åpent stevne
2806,nsf/2447,NSF,7/22/2013,Norway,,Aas,Åpent stevne
2807,nsf/2449,NSF,8/1/2013,Norway,,,Klubbstevne
2808,nsf/245,NSF,1/16/2002,Norway,,Askim,Seriestevne
2809,nsf/2450,NSF,8/3/2013,Norway,,Odinhallen Bergen,Klubbstevne
2810,nsf/2452,NSF,8/12/2013,Norway,,Gressvik,Klubbstevne
2811,nsf/2453,NSF,8/23/2013,Norway,,Bjølsenhallen,Åpent stevne
2812,nsf/2454,NSF,8/10/2013,Norway,,Luleå Sverige,Barentskampen
2813,nsf/2455,NSF,8/24/2013,Norway,,Brumunddal,Seriestevne
2814,nsf/2456,NSF,8/24/2013,Norway,,Ganddal,Klubbstevne
2815,nsf/2457,NSF,8/31/2013,Norway,,Kraftsenteret Mo i Rana,Klubbstevne
2816,nsf/2459,NSF,9/3/2013,Norway,,,Klubbstevne
2817,nsf/246,NSF,1/17/2002,Norway,,Lademoen,Kvalstevne
2818,nsf/2460,NSF,9/7/2013,Norway,,Gressvikhallen,Sydnorsk styrkeløft
2819,nsf/2461,NSF,9/8/2013,Norway,,Gressvikhallen,Sydnorsk benkpress
2820,nsf/2463,NSF,9/13/2013,Norway,,Elnesvågen,Åpent Stevne
2821,nsf/2464,NSF,9/14/2013,Norway,,Avancia Skedsmokorset,Klubbstevne
2822,nsf/2465,NSF,9/7/2013,Norway,,Trondheim,Midt-Norsk styrkeløft
2823,nsf/2466,NSF,9/7/2013,Norway,,Trondheim,Midt-Norsk benkpress
2824,nsf/2468,NSF,4/28/1979,Norway,,Brumunddal,NM Lag 1979
2825,nsf/2469,NSF,3/29/1980,Norway,,Oslo,NM Lag 1980
2826,nsf/247,NSF,1/19/2002,Norway,,Skoger,Klubbstevne
2827,nsf/2471,NSF,9/25/2013,Norway,,Halden,Seriestevne
2828,nsf/2472,NSF,9/25/2013,Norway,,Fræna,Klubbstevne
2829,nsf/2474,NSF,9/25/2013,Norway,,Hommersåk,Klubbstevne
2830,nsf/2475,NSF,9/27/2013,Norway,,Haukelandshallen,Åpent stevne
2831,nsf/2476,NSF,9/28/2013,Norway,,Årdalshallen,Klubbstevne
2832,nsf/2477,NSF,9/28/2013,Norway,,Ganddal,Klubbstevne
2833,nsf/2478,NSF,9/28/2013,Norway,,Odderneshallen,Klubbstevne
2834,nsf/248,NSF,1/19/2002,Norway,,Røros,Kvalstevne
2835,nsf/2480,NSF,9/27/2013,Norway,,Høyskolen i Alta,Klubbstevne
2836,nsf/2482,NSF,10/1/2013,Norway,,Bergen,Klubbstevne
2837,nsf/2484,NSF,10/3/2013,Norway,,Gressvik,Klubbmesterskap
2838,nsf/2485,NSF,10/5/2013,Norway,,Odinhallen,Klubbstevne
2839,nsf/2486,NSF,10/5/2013,Norway,,Kraftsenteret Mo i Rana,Seriemesterskap
2840,nsf/2487,NSF,10/5/2013,Norway,,Spikkestad,RM Benkpress
2841,nsf/2488,NSF,10/5/2013,Norway,,Nøkkelandshallen Moss,RM klassisk
2842,nsf/2489,NSF,10/8/2013,Norway,,Bergen styrkeløftklubb studio,Klubbstevne
2843,nsf/249,NSF,1/19/2002,Norway,,Brumunddal,Klubbmesterskap
2844,nsf/2490,NSF,10/11/2013,Norway,,Bergen,Åpent stevne
2845,nsf/2495,NSF,10/18/2013,Norway,,Bergen,Klubbstevne
2846,nsf/2497,NSF,10/25/2013,Norway,,,Åpent stevne
2847,nsf/2498,NSF,10/26/2013,Norway,,Spikkestad,Klubbmesterskap
2848,nsf/2499,NSF,10/26/2013,Norway,,Brumunddal,Seriestevne
2849,nsf/25,NSF,2/26/2000,Norway,,Voss,Klubbstevne
2850,nsf/250,NSF,1/19/2002,Norway,,Sandnes,Seriestevne
2851,nsf/2500,NSF,11/2/2013,Norway,,Elixia Laksevåg,Styrkeløftstevne
2852,nsf/2501,NSF,11/5/2013,Norway,,Bergen,Klubbstevne
2853,nsf/2503,NSF,11/19/2013,Norway,,Bergen,Klubbstevne benkpress
2854,nsf/2506,NSF,11/22/2013,Norway,,Frogner,NM Ung-Jun-Vet 2013
2855,nsf/2507,NSF,2/25/1996,Norway,,Fredrikstad,B-NM
2856,nsf/2509,NSF,11/29/2013,Norway,,Steinkjer,Åpent stevne
2857,nsf/251,NSF,1/19/2002,Norway,,Alta,Nord-Norsk Mesterskap
2858,nsf/2510,NSF,11/30/2013,Norway,,Odderneshallen,klubbstevne benkpress/styrkeløft
2859,nsf/2511,NSF,12/3/2013,Norway,,Bergen styrkeløftklubb-studio,Klubbstevne benkpress/styrkeløftklubb
2860,nsf/2514,NSF,12/7/2013,Norway,,Ganddal AK,Klubbstevne
2861,nsf/2515,NSF,12/7/2013,Norway,,Sandehallen,Klubbmesterskap
2862,nsf/2516,NSF,12/7/2013,Norway,,Odinhallen,Åpent stevne
2863,nsf/2517,NSF,12/7/2013,Norway,,Brumunddal,Klubbmesterskap
2864,nsf/252,NSF,1/19/2002,Norway,,Sandnes,Seriestevne
2865,nsf/2520,NSF,12/4/2013,Norway,,Trimlåven Frogner,Klubbmesterskap
2866,nsf/2521,NSF,12/11/2013,Norway,,Halden,Seriestevne
2867,nsf/2522,NSF,12/6/2013,Norway,,Elnesvågen treningssenter,Åpent Stevne
2868,nsf/2523,NSF,12/12/2013,Norway,,Klubblokalene,Åpent stevne
2869,nsf/2524,NSF,12/14/2013,Norway,,Remyra,Åpent stevne
2870,nsf/2525,NSF,12/14/2013,Norway,,Årdalshallen,RM klassisk benkpress
2871,nsf/2527,NSF,12/14/2013,Norway,,Hommersåk Atletklubb,Åpent stevne
2872,nsf/2528,NSF,12/14/2013,Norway,,Gruva,Klubbstevne
2873,nsf/2529,NSF,12/14/2013,Norway,,Kraftsenteret Mo i Rana,Åpent stevne
2874,nsf/253,NSF,1/25/2002,Norway,,Fredrikstad,Kvalstevne
2875,nsf/2530,NSF,12/14/2013,Norway,,Trondheim,Åpent Stevne
2876,nsf/2532,NSF,12/14/2013,Norway,,Bjølsenhallen,Åpent stevne
2877,nsf/2533,NSF,12/14/2013,Norway,,Spikkestad,Åpent stevne Benk-cup
2878,nsf/2534,NSF,12/14/2013,Norway,,Lurahallen,Åpent stevne
2879,nsf/2535,NSF,12/14/2013,Norway,,Bjørns Gym,Klubbstevne
2880,nsf/2536,NSF,12/17/2013,Norway,,Bergen,Åpent stevne
2881,nsf/2537,NSF,12/21/2013,Norway,,Elixia Laksevåg,Åpent stevne
2882,nsf/2538,NSF,12/21/2013,Norway,,Gressvik,Åpent stevne
2883,nsf/2539,NSF,12/21/2013,Norway,,Aksdal,Klubbstevne
2884,nsf/254,NSF,2/2/2002,Norway,,Lurahallen,Seriestevne
2885,nsf/2540,NSF,12/21/2013,Norway,,klubblokale Ås,Åpent stevne
2886,nsf/2541,NSF,12/20/2013,Norway,,Haukelandshallen,Klubbstevne
2887,nsf/2542,NSF,12/20/2013,Norway,,Klubblokalet,Åpent stevne
2888,nsf/2543,NSF,12/30/2013,Norway,,Bergen styrkeløftklubb studio,Benkpress stevne
2889,nsf/2546,NSF,1/10/2014,Norway,,Elnesvågen Treningssenter,Åpent stevne
2890,nsf/2547,NSF,1/12/2014,Norway,,Brumunddal,Åpent stevne
2891,nsf/2548,NSF,1/11/2014,Norway,,Lurahallen,Klubbstevne
2892,nsf/2549,NSF,1/14/2014,Norway,,Bergen styrkeløftklubb-studio,Klubbstevne benkpress
2893,nsf/255,NSF,2/2/2002,Norway,,Oslo,JR NM
2894,nsf/2550,NSF,1/11/2014,Norway,,Sandehallen,Klubbstevne
2895,nsf/2551,NSF,1/18/2014,Norway,,Odderneshallen,Klubbstevne Styrkeløft/benkpress
2896,nsf/2554,NSF,1/22/2014,Norway,,Halden,Klubbmesterskap Benkpress
2897,nsf/2557,NSF,5/29/1982,Norway,,Holmestrand,KM
2898,nsf/2559,NSF,1/25/2014,Norway,,Sandehallen,Benk-cup
2899,nsf/256,NSF,2/4/2002,Norway,,Halden,Klubbmesterskap
2900,nsf/2563,NSF,8/26/1989,Norway,,Sandnes,NM benkpress
2901,nsf/2566,NSF,2/4/2014,Norway,,Bergen styrkeløftklubb-studio,Benkpress/styrkeløftstevne
2902,nsf/2568,NSF,11/4/1989,Norway,,Brumunddal,Klubbstevne
2903,nsf/2569,NSF,10/8/1989,Norway,,Norges Idrettshøyskole,RM Øst
2904,nsf/257,NSF,2/7/2002,Norway,,Oslo,Seriestevne
2905,nsf/2571,NSF,4/2/1982,Norway,,Spikkestad,Lag kamp
2906,nsf/2573,NSF,3/6/1982,Norway,,Ålesund,B og Veteran NM
2907,nsf/2574,NSF,2/2/2014,Norway,,Ganddal,Klubbstevne
2908,nsf/2575,NSF,2/7/2014,Norway,,Haukelandshallen,RM i benkpress
2909,nsf/2576,NSF,2/8/2014,Norway,,OdinHallen Bergen,Klubbstevne
2910,nsf/2577,NSF,2/8/2014,Norway,,Østfold Næringspark,RM Øst
2911,nsf/2578,NSF,2/8/2014,Norway,,Sandehallen,RM Østafjells
2912,nsf/2579,NSF,2/8/2014,Norway,,Brumunddal,RM Hedmark - Oppland
2913,nsf/258,NSF,2/9/2002,Norway,,Voss,Klubbstevne
2914,nsf/2580,NSF,2/8/2014,Norway,,Kraftsenteret Mo i Rana,Regionmesterskap
2915,nsf/2581,NSF,2/7/2014,Norway,,Universitetet,Finnmarksmesterskap i Styrkeløft
2916,nsf/2583,NSF,2/8/2014,Norway,,Bjørns Gym,Klubbstevne
2917,nsf/2585,NSF,12/12/1982,Norway,,Moss,NM-lag ungdom
2918,nsf/259,NSF,2/9/2002,Norway,,Sandnes,Seriestevne
2919,nsf/2590,NSF,2/15/2014,Norway,,Bergen styrkeløftklubb-studio,Åpent stevne
2920,nsf/2593,NSF,2/22/2014,Norway,,Melhus,RM Styrkeløft/Benkpress Midt-Norge
2921,nsf/2596,NSF,2/28/2014,Norway,,Gressvik,Klubbstevne
2922,nsf/2597,NSF,3/1/2014,Norway,,Bergen,Nasjonalt utstyrsfritt benkpresstevne
2923,nsf/2599,NSF,3/1/2014,Norway,,Remyra,Seriestevne
2924,nsf/26,NSF,2/26/2000,Norway,,Mo i Rana,Seriestevne
2925,nsf/260,NSF,2/9/2002,Norway,,Spikkestad,Benk-Cup
2926,nsf/2600,NSF,3/1/2014,Norway,,Riskahallen,RM sør-vest
2927,nsf/2604,NSF,5/5/1995,Norway,,Vikinghallen Bergen,B-/ Veteran NM
2928,nsf/2605,NSF,3/5/2014,Norway,,Halden,Klubbstevne
2929,nsf/2607,NSF,3/8/2014,Norway,,Avancia Skedsmokorset,Åpent stevne
2930,nsf/261,NSF,2/16/2002,Norway,,Brumunddal,B-og Veteran NM
2931,nsf/2614,NSF,3/8/2014,Norway,,Kraftsenteret - Mo i Rana,Klubbstevne
2932,nsf/2615,NSF,12/3/1983,Norway,,Remmen Halden,Lag-NM ungdom
2933,nsf/2616,NSF,12/10/1983,Norway,,Gressvik,Lag-NM
2934,nsf/262,NSF,2/19/2002,Norway,,Sundbyfoss,Kretsstevne
2935,nsf/2622,NSF,3/22/2014,Norway,,Bergen,NM Benkpress 2014
2936,nsf/2624,NSF,3/20/2014,Norway,,,Åpent stevne
2937,nsf/2625,NSF,3/23/2014,Norway,,Sandnessjøen SK klubblokal,Klubbstevne
2938,nsf/2626,NSF,3/21/2014,Norway,,Haukelandshallen,Åpent stevne
2939,nsf/2627,NSF,3/15/2014,Norway,,Bergen styrkeløftklubb-studio,Klubbstevne styrkeløft
2940,nsf/2628,NSF,3/15/2014,Norway,,Stavanger,klubbstevne
2941,nsf/263,NSF,2/20/2002,Norway,,Stavanger,Seriestevne
2942,nsf/2631,NSF,4/1/2014,Norway,,Bergen styrkeløftklubb-studio,Åpent stevne
2943,nsf/2632,NSF,3/28/2014,Norway,,Oslo,Nasjonalt utstyrsfritt styrkeløft
2944,nsf/2638,NSF,4/5/2014,Norway,,Gruva,Klubbstevne
2945,nsf/2639,NSF,4/5/2014,Norway,,Oslo,Åpent stevne
2946,nsf/264,NSF,2/22/2002,Norway,,Fredrikstad,Seriestevne
2947,nsf/2641,NSF,4/5/2014,Norway,,Odderneshallen,Klubbstevne styrkeløft/benkpress
2948,nsf/2643,NSF,4/2/2014,Norway,,Trimlåven Frogner,Klubbstevne
2949,nsf/2648,NSF,4/5/2014,Norway,,,RM Vest
2950,nsf/265,NSF,2/22/2002,Norway,,Steinkjer,Klubbstevne
2951,nsf/2652,NSF,4/12/2014,Norway,,Klubbhuset,Klubbstevne
2952,nsf/2653,NSF,4/12/2014,Norway,,Sandehallen,Seriestevne
2953,nsf/2655,NSF,4/13/2014,Norway,,Ganddal,Klubbstevne
2954,nsf/2657,NSF,4/16/2014,Norway,,Odinhallen Godvik,Klubbstevne
2955,nsf/2659,NSF,4/12/2014,Norway,,Brumunddal,Åpent stevne
2956,nsf/266,NSF,2/23/2002,Norway,,Sandnes,Seriestevne
2957,nsf/2664,NSF,5/2/2014,Norway,,,Åpent stevne
2958,nsf/2666,NSF,5/6/2014,Norway,,Bergen styrkeløftklubb-studio,Klubbstevne utstyrsfritt benkpress
2959,nsf/2667,NSF,4/30/2014,Norway,,Halden,Seriestevne
2960,nsf/267,NSF,2/23/2002,Norway,,Mo i Rana,Seriestevne
2961,nsf/2675,NSF,4/5/2014,Norway,,,Klubbstevne
2962,nsf/2676,NSF,5/10/2014,Norway,,Steinkjer,Seriestevne
2963,nsf/2677,NSF,5/10/2014,Norway,,Alta,Troms-Finnmarks Mesterskap
2964,nsf/2678,NSF,5/11/2014,Norway,,Kraftsenteret,Klubbstevne
2965,nsf/2679,NSF,5/10/2014,Norway,,Askim Bedriftssenter,Åpent stevne
2966,nsf/268,NSF,2/25/2002,Norway,,Lillestrøm,Klubbstevne
2967,nsf/2680,NSF,5/10/2014,Norway,,Sandehallen,Åpent stevne Benk-cup-2
2968,nsf/2682,NSF,5/13/2014,Norway,,Bergen styrkeløftklubb-studio,Åpent stevne styrkeløft
2969,nsf/269,NSF,2/28/2002,Norway,,Halden,Seriestevne
2970,nsf/2691,NSF,5/24/2014,Norway,,Bergen,Åpent stevne
2971,nsf/2692,NSF,5/23/2014,Norway,,Klubblokalet Gressvik,Klubbstevne
2972,nsf/2693,NSF,5/24/2014,Norway,,Moss SIK Treningslokale,Klubbstevne
2973,nsf/2698,NSF,6/3/2014,Norway,,Bergen styrkeløfklubb-studio,Åpent stevne
2974,nsf/27,NSF,3/4/2000,Norway,,Oslo,B og Veteran NM
2975,nsf/270,NSF,3/2/2002,Norway,,Sande,Kretsstevne
2976,nsf/2704,NSF,6/14/2014,Norway,,Haraldshallen Haugesund,Klubbstevne
2977,nsf/2708,NSF,6/14/2014,Norway,,Sandehallen,Åpent stevne
2978,nsf/2709,NSF,6/14/2014,Norway,,Ganddal,Åpent stevne
2979,nsf/2710,NSF,6/14/2014,Norway,,Brumunddal,Nasjonalt ungdom-junior
2980,nsf/2712,NSF,6/14/2014,Norway,,Lurahallen,Klubbstevne
2981,nsf/2714,NSF,6/28/2014,Norway,,Bjørns Gym,Klubbstevne
2982,nsf/2716,NSF,7/1/2014,Norway,,Bergen styrkeløftklubb-studio,Klubbstevne
2983,nsf/2717,NSF,12/6/1997,Norway,,Bjølsen Oslo,Åpent stevne
2984,nsf/2718,NSF,9/13/1997,Norway,,Spider Askim,Åpent stevne
2985,nsf/2719,NSF,10/26/1997,Norway,,Askim,Seriestevne
2986,nsf/272,NSF,3/21/2002,Norway,,Sundbyfoss,Klubbstevne
2987,nsf/2720,NSF,6/15/1997,Norway,,Askim,Seriestevne
2988,nsf/2721,NSF,9/28/1997,Norway,,Askim,Benkpress-cuo
2989,nsf/2722,NSF,5/24/1997,Norway,,Bjølsen,Benkpress-cup
2990,nsf/2723,NSF,5/3/1997,Norway,,Halden,KM
2991,nsf/2724,NSF,11/23/1997,Norway,,Askim,KM benkpress
2992,nsf/2726,NSF,7/6/2014,Norway,,Klubb lokalet,Klubbstevne
2993,nsf/2728,NSF,10/1/1982,Norway,,Kristiansand,Sørlandsmesterskap
2994,nsf/2729,NSF,10/1/1982,Norway,,Brumunddal,Seriestevne
2995,nsf/273,NSF,3/23/2002,Norway,,Brumunddal,Seriestevne
2996,nsf/2730,NSF,3/2/1974,Norway,,Oslo,Nasjonalt stevne
2997,nsf/2731,NSF,3/30/1974,Norway,,Oslo,Nasjonalt stevne
2998,nsf/2732,NSF,4/27/1974,Norway,,Ski,Åpent stevne
2999,nsf/2733,NSF,5/5/1974,Norway,,Brumunddal,KM
3000,nsf/2734,NSF,9/14/1974,Norway,,Oslo,Nasjonalt stevne
3001,nsf/2735,NSF,10/11/1974,Norway,,Sarpsborg,Åpent stevne
3002,nsf/2736,NSF,10/16/1974,Norway,,Ekeberg Oslo,OAK Cupen
3003,nsf/2737,NSF,10/26/1974,Norway,,Ekeberg Oslo,OAK Cupen
3004,nsf/2738,NSF,11/9/1974,Norway,,Alta,RM
3005,nsf/2739,NSF,11/9/1974,Norway,,Kristiansand,RM
3006,nsf/274,NSF,3/23/2002,Norway,,Bergen,Klubbstevne
3007,nsf/2740,NSF,11/17/1974,Norway,,Trondheim,RM
3008,nsf/2741,NSF,12/12/1974,Norway,,Kristiansand,Klubbstevne
3009,nsf/2742,NSF,12/14/1974,Norway,,Oslo,Julestevne
3010,nsf/2743,NSF,12/21/1974,Norway,,Brumunddal,Klubbstevne
3011,nsf/2744,NSF,12/21/1974,Norway,,Fredrikstad,KM Østfold
3012,nsf/2747,NSF,1/5/1975,Norway,,Kristiansand,Sydnorsk
3013,nsf/2748,NSF,1/17/1975,Norway,,Kristiansand,Cup-stevne
3014,nsf/2749,NSF,1/18/1975,Norway,,Brumunddal,Klubbstevne
3015,nsf/275,NSF,4/6/2002,Norway,,Stavanger,Klubbstevne
3016,nsf/2750,NSF,1/31/1975,Norway,,Oslo,Kval.stevne
3017,nsf/2751,NSF,2/9/1975,Norway,,Stavanger,Kval.stevne
3018,nsf/2752,NSF,2/15/1975,Norway,,Spikkestad,NM ungdom - junior
3019,nsf/2753,NSF,2/21/1975,Norway,,Kristiansand,Klubbstevne
3020,nsf/2754,NSF,3/1/1975,Norway,,Oslo,NM-B
3021,nsf/2755,NSF,3/22/1997,Norway,,Figura,Interkrets benk
3022,nsf/2756,NSF,4/13/1997,Norway,,Askim,Seriestevne benk
3023,nsf/2757,NSF,4/13/1997,Norway,,Askim,Seriestevne
3024,nsf/2758,NSF,1/21/1997,Norway,,Bjølsen,Seriestevne
3025,nsf/2759,NSF,1/19/1997,Norway,,Askim,Seriestevne
3026,nsf/276,NSF,4/6/2002,Norway,,Sundbyfoss,KM Benk
3027,nsf/2760,NSF,9/10/1997,Norway,,Bjølsen,KM markløft
3028,nsf/2762,NSF,8/27/1988,Norway,,Mandal,NM benkpress
3029,nsf/2764,NSF,3/14/1975,Norway,,Kristiansand,Klubbstevne
3030,nsf/2765,NSF,5/31/1975,Norway,,Oslo,Kval.stevne
3031,nsf/2768,NSF,8/13/2014,Norway,,klubblokalet på ÅS,Klubbstevne
3032,nsf/277,NSF,4/10/2002,Norway,,Askim,Seriestevne
3033,nsf/2772,NSF,8/15/2014,Norway,,Oslo,Åpent stevne
3034,nsf/2774,NSF,8/16/2014,Norway,,Odinhallen,Klubbstevne
3035,nsf/2775,NSF,8/16/2014,Norway,,Lurahallen,Klubbstevne
3036,nsf/278,NSF,4/13/2002,Norway,,Drammen,Kretsstevne
3037,nsf/2781,NSF,8/16/1980,Norway,,Hestra Sportshall Sverige,Isaberg Cup
3038,nsf/2782,NSF,6/9/1979,Norway,,Idrettshøyskolen i Oslo,Klubbmesterskap
3039,nsf/2783,NSF,6/29/1982,Norway,,Skogstrand,Seriestevne
3040,nsf/2784,NSF,5/23/1982,Norway,,Blindern Oslo,KM Oslo
3041,nsf/2785,NSF,8/16/2014,Norway,,Stamneshallen Sandnessjøen,Kalottlandskampen 2014
3042,nsf/2787,NSF,8/16/2014,Norway,,Gruva,Klubbstevne
3043,nsf/279,NSF,4/15/2002,Norway,,Halden,Klubbstevne
3044,nsf/2794,NSF,8/23/2014,Norway,,Avancia Skedsmokorset,Klubbstevne
3045,nsf/2797,NSF,8/23/2014,Norway,,Ganddal,Klubbstevne
3046,nsf/2798,NSF,8/23/2014,Norway,,Kraftsenteret,Klubbstevne
3047,nsf/28,NSF,3/11/2000,Norway,,Bergen,Seriestevne
3048,nsf/280,NSF,4/17/2002,Norway,,Fredrikstad,Seriestevne
3049,nsf/2800,NSF,4/30/1995,Norway,,Halden,KM
3050,nsf/2801,NSF,2/4/1990,Norway,,Fredrikstad,Seriestevne
3051,nsf/2802,NSF,5/5/1996,Norway,,Halden,KM
3052,nsf/2805,NSF,9/2/2014,Norway,,Bergen styrkeløftklubb-studio,Klubbstevne
3053,nsf/2806,NSF,9/6/2014,Norway,,Gressvikhallen,Syd-Norsk Styrkeløft
3054,nsf/2807,NSF,9/7/2014,Norway,,Gressvikhallen,Syd-Norsk benkpress
3055,nsf/281,NSF,4/19/2002,Norway,,Steinkjer,Klubbstevne
3056,nsf/2812,NSF,9/13/2014,Norway,,Odinhallen,Åpent stevne
3057,nsf/2813,NSF,9/13/2014,Norway,,Lurahallen Sandnes,Klubbstevne
3058,nsf/2814,NSF,5/16/1982,Norway,,Moss,KM Ungdom og junior
3059,nsf/2815,NSF,3/19/1982,Norway,,Remmen,Klubbmesterskap
3060,nsf/2816,NSF,2/28/1981,Norway,,Askim,RM
3061,nsf/282,NSF,4/20/2002,Norway,,Brumunddal,Seriestevne
3062,nsf/2823,NSF,9/24/2014,Norway,,Hommersåk Atletklubb,Klubbstevne
3063,nsf/2827,NSF,9/26/2014,Norway,,,Klubbstevne
3064,nsf/2828,NSF,9/25/2014,Norway,,Halden,Klubbstevne
3065,nsf/2829,NSF,9/27/2014,Norway,,,RM Benkpress Region Vest
3066,nsf/283,NSF,4/20/2002,Norway,,Oslo,Seriestevne
3067,nsf/2831,NSF,12/11/1983,Norway,,Blindern Oslo,Julestevne
3068,nsf/2832,NSF,1/6/1983,Norway,,Rakkestad,Klubbstevne
3069,nsf/2834,NSF,9/27/2014,Norway,,Odderneshallen,Klubbstevne styrkeløft/benkpress
3070,nsf/2835,NSF,9/27/2014,Norway,,Fræna,Midt-Norsk Benkpress
3071,nsf/2836,NSF,9/27/2014,Norway,,Fræna,Midt-Norsk Styrkeløft
3072,nsf/2839,NSF,9/10/2014,Norway,,Elnesvågen Treningssenter AS styrkeløftavdelingen,Åpent stevne
3073,nsf/2841,NSF,10/4/2014,Norway,,Ganddal,Klubbstevne
3074,nsf/2842,NSF,10/4/2014,Norway,,Spikkestad,RM benkpress
3075,nsf/2843,NSF,10/4/2014,Norway,,Askim Bedriftssenter,Åpent stevne
3076,nsf/2846,NSF,10/7/2014,Norway,,Bergen styrkeløftklubb-studio,Åpent stevne
3077,nsf/2853,NSF,10/10/2014,Norway,,Oslo,Åpent stevne
3078,nsf/2854,NSF,10/10/2014,Norway,,Bergen,Åpent stevne
3079,nsf/2855,NSF,10/11/2014,Norway,,Kraftsenteret,Seriestevne
3080,nsf/2856,NSF,10/15/2014,Norway,,Brumunddal,Klubbstevne
3081,nsf/2859,NSF,8/23/1996,Norway,,Brumunddal,NM i Benkpress
3082,nsf/286,NSF,4/22/2002,Norway,,Sandnes,Seriestevne
3083,nsf/2861,NSF,10/25/2014,Norway,,Spikkestad Grendehus,Klubbmesterskap
3084,nsf/2864,NSF,10/25/2014,Norway,,Oslo,RM Øst Utstyrsfritt
3085,nsf/2866,NSF,11/23/1985,Norway,,Idrettsbygget NTHI,Åpent klubbmesterskap
3086,nsf/2869,NSF,11/4/2014,Norway,,Bergen styrkeløftklubb-studio,Klubbstevne
3087,nsf/287,NSF,4/27/2002,Norway,,Sande,Kretsstevne
3088,nsf/288,NSF,4/27/2002,Norway,,Rana,Seriestevne
3089,nsf/289,NSF,4/27/2002,Norway,,Sandnes,Seriestevne
3090,nsf/2890,NSF,11/21/2014,Norway,,Bergen,NM ungdom junior og veteran
3091,nsf/2893,NSF,11/29/2014,Norway,,Odderneshallen,Klubbstevne styrkeløft/benkpress
3092,nsf/2896,NSF,12/2/2014,Norway,,Bergen,Åpent stevne
3093,nsf/29,NSF,3/11/2000,Norway,,Brumunddal,Seriestevne
3094,nsf/290,NSF,4/29/2002,Norway,,Kjeller,Klubbstevne
3095,nsf/2900,NSF,12/3/2014,Norway,,Trimlåven Frogner,Klubbstevne
3096,nsf/2902,NSF,10/27/2014,Norway,,Elnesvågen,Klubbstevne
3097,nsf/2903,NSF,12/6/2014,Norway,,Bjørns Gym,klubbstevne
3098,nsf/2904,NSF,12/6/2014,Norway,,Spikkestad,Åpent stevne benk-cup
3099,nsf/2907,NSF,12/6/2014,Norway,,Verket Røros,Klubbstevne
3100,nsf/2908,NSF,12/10/2014,Norway,,Halden,Åpent stevne
3101,nsf/291,NSF,5/4/2002,Norway,,Hammerfest,Kretsmesterskap
3102,nsf/2917,NSF,12/13/2014,Norway,,Bergen SK studio,Klubbstevne benkpress
3103,nsf/2918,NSF,12/13/2014,Norway,,Remyra,Åpent stevne
3104,nsf/2919,NSF,12/13/2014,Norway,,Odinhallen,Åpent stevne
3105,nsf/292,NSF,5/4/2002,Norway,,Stavanger,Kretsmesterskap Benk
3106,nsf/2920,NSF,12/13/2014,Norway,,Lurahallen,Åpent stevne
3107,nsf/2921,NSF,12/13/2014,Norway,,Oslo,Åpent stevne
3108,nsf/2923,NSF,12/13/2014,Norway,,Gruva,Klubbstevne
3109,nsf/2925,NSF,12/13/2014,Norway,,Lademoen,Åpent stevne
3110,nsf/2927,NSF,12/13/2014,Norway,,Ganddal,Klubbstevne
3111,nsf/2928,NSF,8/20/1994,Norway,,Haugåsen skole,NM Benkpress
3112,nsf/293,NSF,5/4/2002,Norway,,Fredrikstad,Nordisk Benkpress
3113,nsf/2930,NSF,12/13/2014,Norway,,Hommersåk Atletklubb,Åpent stevne
3114,nsf/2931,NSF,12/13/2014,Norway,,Sandehallen,Åpent stevne
3115,nsf/2935,NSF,12/13/2014,Norway,,Brumunddal,Klubbmesterskap
3116,nsf/2936,NSF,12/18/2014,Norway,,Årdalshallen,Åpent stevne
3117,nsf/2937,NSF,12/19/2014,Norway,,Alta,Åpent stevne
3118,nsf/2939,NSF,12/19/2014,Norway,,Laksevåg,Åpent stevne
3119,nsf/2941,NSF,12/19/2014,Norway,,Elnesvågen,Klubbstevne
3120,nsf/2943,NSF,12/13/2014,Norway,,klubblokalene,Klubbstevne
3121,nsf/2948,NSF,12/20/2014,Norway,,Haraldshallen Haugesund,Åpent stevne
3122,nsf/2949,NSF,12/20/2014,Norway,,Steinkjer Klubblokalet,Åpent stevne
3123,nsf/295,NSF,5/11/2002,Norway,,Fræna,Kretsmesterskap Benk
3124,nsf/2952,NSF,12/20/2014,Norway,,,Åpent stevne
3125,nsf/2953,NSF,12/20/2014,Norway,,Haukelandshallen,Regions Mesterskap i Styrkeløft
3126,nsf/2954,NSF,12/20/2014,Norway,,Askim Treningssenter,Åpent stevne
3127,nsf/2955,NSF,12/20/2014,Norway,,Kraftsenteret,Åpent stevne
3128,nsf/2957,NSF,12/24/2014,Norway,,Bergen styrkeløftklubb studio,Klubbstevne benkpress
3129,nsf/2959,NSF,2/22/1992,Norway,,Sandehallen,NM junior
3130,nsf/296,NSF,5/11/2002,Norway,,Fræna,Kretsmesterskap
3131,nsf/2960,NSF,10/2/1982,Norway,,Skogstrand,RM
3132,nsf/2961,NSF,9/11/1982,Norway,,Fredrikstad,Seriestevne
3133,nsf/2962,NSF,9/15/1982,Norway,,Halden,Klubbstevne
3134,nsf/2963,NSF,8/14/1982,Norway,,Oslo,Nasjonalt
3135,nsf/2964,NSF,6/19/1982,Norway,,Brumunddal,Seriestevne
3136,nsf/2965,NSF,7/29/1982,Norway,,Skogstrand,Seriestevne
3137,nsf/2966,NSF,5/7/1982,Norway,,Mandal,KM
3138,nsf/2968,NSF,1/10/2015,Norway,,Brumunddal,Klubbstevne
3139,nsf/297,NSF,5/25/2002,Norway,,Holmestrand,Benkcup
3140,nsf/2971,NSF,1/17/2015,Norway,,klubblokale,Åpent stevne
3141,nsf/2972,NSF,1/17/2015,Norway,,Odderneshallen,Klubbstevne
3142,nsf/2976,NSF,1/20/2015,Norway,,Bergen SK studio,Klubbstevne
3143,nsf/2977,NSF,1/21/2015,Norway,,Halden,Klubbmesterskap Benkpress
3144,nsf/298,NSF,5/25/2002,Norway,,Brumunddal,Kretsmesterskap
3145,nsf/2980,NSF,1/24/2015,Norway,,Bergen,Åpent stevne
3146,nsf/2984,NSF,10/3/2014,Norway,,,Åpent stevne
3147,nsf/2985,NSF,1/24/2015,Norway,,Sandehallen,Åpent stevne
3148,nsf/2987,NSF,1/23/2015,Norway,,Klubblokalet,Klubbstevne benkpress
3149,nsf/299,NSF,5/25/2002,Norway,,Kristiansand,Kretsmesterskap
3150,nsf/2990,NSF,1/30/2015,Norway,,Klubblokalet,Åpent stevne
3151,nsf/2991,NSF,1/30/2015,Norway,,Haukelandshallen,Åpent stevne
3152,nsf/2993,NSF,9/7/1985,Norway,,Askim,Nordisk damer
3153,nsf/3,NSF,1/22/2000,Norway,,Brumunddal,Klubbmesterskap
3154,nsf/30,NSF,3/13/2000,Norway,,Halden,Klubbmesterskap
3155,nsf/300,NSF,5/25/2002,Norway,,Melhus,Kretsmesterskap
3156,nsf/3004,NSF,1/31/2015,Norway,,Gruva,Styrkeløft/Benkpress
3157,nsf/3006,NSF,2/3/2015,Norway,,Bergen SK studio,Åpent stevne
3158,nsf/3007,NSF,2/7/2015,Norway,,Brumunddal,RM Hedmark / Oppland
3159,nsf/3008,NSF,2/7/2015,Norway,,Sandehallen,RM Østafjell
3160,nsf/3009,NSF,2/7/2015,Norway,,Kraftsenteret,RM Nordland
3161,nsf/301,NSF,5/27/2002,Norway,,Mo i Rana,Kretsmesterskap
3162,nsf/3010,NSF,2/14/2015,Norway,,Sørbøhallen,RM SørVest
3163,nsf/3011,NSF,2/14/2015,Norway,,Åsane,RM Vest
3164,nsf/3012,NSF,2/14/2015,Norway,,Gressvik,RM Øst
3165,nsf/3016,NSF,2/21/2015,Norway,,Remyra,Klubbstevne
3166,nsf/302,NSF,5/29/2002,Norway,,Trondheim,Benkstevne
3167,nsf/3021,NSF,2/27/2015,Norway,,Elnesvågen Treningssenter,Åpent Stevne i benkpress
3168,nsf/3022,NSF,2/27/2015,Norway,,Elnesvågen Treningssenter,Åpent stevne i styrkeløft
3169,nsf/3026,NSF,2/28/2015,Norway,,Askim,Klubbstevne
3170,nsf/3027,NSF,2/27/2015,Norway,,Haukelandshallen,Åpent stevne
3171,nsf/3028,NSF,2/28/2015,Norway,,Skedsmokorset,Åpent stevne
3172,nsf/303,NSF,6/1/2002,Norway,,Fredrikstad,Kretsmesterskap
3173,nsf/3031,NSF,3/3/2015,Norway,,Bergen,Klubbstevne
3174,nsf/3034,NSF,3/7/2015,Norway,,Trondheim,Klubbstevne utstyrsfritt
3175,nsf/3035,NSF,3/7/2015,Norway,,Stavanger,klubbstevne
3176,nsf/3036,NSF,3/7/2015,Norway,,Mo i Rana,Klubbstevne
3177,nsf/3039,NSF,3/11/2015,Norway,,Halden,Klubbmesterskap Styrkeløft
3178,nsf/304,NSF,6/1/2002,Norway,,Ulefoss,Kretsmesterskap
3179,nsf/3040,NSF,3/14/2015,Norway,,Alta,RM
3180,nsf/3041,NSF,6/15/1974,Norway,,Trondheim,Kretsmesterskap
3181,nsf/3042,NSF,3/18/2015,Norway,,Frogner,Klubbstevne
3182,nsf/3047,NSF,3/21/2015,Norway,,Brumunddal,NM Benkpress 2015
3183,nsf/3050,NSF,3/27/2015,Norway,,Haukelandshallen,Åpent stevne
3184,nsf/3051,NSF,3/26/2015,Norway,,Trondheim,Åpent stevne
3185,nsf/3054,NSF,4/4/2015,Norway,,klubblokalet,Klubbstevne
3186,nsf/3056,NSF,4/7/2015,Norway,,Bergen SK studio,Klubbstevne
3187,nsf/3058,NSF,4/11/2015,Norway,,Bergen,Klubbstevne
3188,nsf/306,NSF,6/1/2002,Norway,,Sogndal,Kretsmesterskap
3189,nsf/3061,NSF,4/11/2015,Norway,,Bergen,Åpent stevne
3190,nsf/3062,NSF,4/12/2015,Norway,,Ganddal,Klubbstevne
3191,nsf/3063,NSF,4/11/2015,Norway,,Sandehallen,Åpent stevne
3192,nsf/3064,NSF,4/11/2015,Norway,,Rana,Klubbstevne
3193,nsf/3066,NSF,4/11/2015,Norway,,Brumunddal,Klubbstevne
3194,nsf/307,NSF,6/1/2002,Norway,,Oslo,Kretsmesterskap
3195,nsf/3072,NSF,4/15/2015,Norway,,Studentidretten Kraft,Klubbstevne
3196,nsf/3073,NSF,4/11/2015,Norway,,Oslo,Åpent stevne
3197,nsf/3074,NSF,4/18/2015,Norway,,Bergen,RM vest utstyrsfritt styrkløft
3198,nsf/3077,NSF,4/18/2015,Norway,,Gruva,Styrkeløft/Benkpress
3199,nsf/308,NSF,6/1/2002,Norway,,Bergen,Kretsmesterskap
3200,nsf/3083,NSF,4/22/2015,Norway,,Hommersåk Atetklubb,Klubbstevne
3201,nsf/3088,NSF,4/24/2015,Norway,,Gressvik,Åpent stevne
3202,nsf/309,NSF,6/10/2002,Norway,,Halden,Seriestevne
3203,nsf/3090,NSF,4/25/2015,Norway,,Odderneshallen,Klubbstevne benkpress/styrkeløft
3204,nsf/3092,NSF,5/1/2015,Norway,,,Åpent stevne
3205,nsf/3093,NSF,5/1/2015,Norway,,Oslo,Nasjonalt utstyrsfritt styrkeløft
3206,nsf/3095,NSF,5/5/2015,Norway,,Bergen,Klubbstevne
3207,nsf/3097,NSF,5/9/2015,Norway,,Sande,Benk-cup stevne
3208,nsf/3098,NSF,5/9/2015,Norway,,Rana,Seriestevne
3209,nsf/31,NSF,3/18/2000,Norway,,Flekkefjord,Kretsstevne
3210,nsf/310,NSF,6/15/2002,Norway,,Kjeller,Benk-Cup
3211,nsf/3101,NSF,5/13/2015,Norway,,Brumunddal,Klubbstevne
3212,nsf/3105,NSF,5/22/2015,Norway,,Alta,Åpent stevne
3213,nsf/3108,NSF,5/29/2015,Norway,,Bergen,Klubbstevne
3214,nsf/311,NSF,6/15/2002,Norway,,Brumunddal,Kretsmesterskap
3215,nsf/3112,NSF,5/30/2015,Norway,,Bergen,Klubbstevne
3216,nsf/3113,NSF,6/1/2015,Norway,,Alta,Åpent stevne
3217,nsf/3114,NSF,5/27/2015,Norway,,Halden,Klubbstevne
3218,nsf/3117,NSF,6/8/2015,Norway,,Årdalshallen,Klubbstevne
3219,nsf/3118,NSF,5/20/2015,Norway,,Elnesvågen Treningssenter,Åpent stevne i styrkeløft
3220,nsf/3119,NSF,6/6/2015,Norway,,Sandehallen,Seriestevne
3221,nsf/312,NSF,6/15/2002,Norway,,Skoger,Kretsstevne
3222,nsf/3120,NSF,6/6/2015,Norway,,Stavanger,Åpent stevne
3223,nsf/3121,NSF,6/6/2015,Norway,,Haugaland,Klubbstevne
3224,nsf/3123,NSF,6/6/2015,Norway,,Bergen,Åpent stevne
3225,nsf/3124,NSF,6/13/2015,Norway,,Lurahallen,Åpent stevne
3226,nsf/3125,NSF,6/13/2015,Norway,,Ganddal,Klubbstevne
3227,nsf/3126,NSF,6/13/2015,Norway,,Skedsmokorset,Lagfinale i benkpress 2014/2015
3228,nsf/3127,NSF,6/13/2015,Norway,,Skedsmokorset,Nasjonalt ungdom og junior 2015
3229,nsf/3129,NSF,6/14/2015,Norway,,Spikkestad Grendehus,Benkpress stevne
3230,nsf/313,NSF,6/17/2002,Norway,,Sandnes,Seriestevne
3231,nsf/3131,NSF,6/13/2015,Norway,,Bergen,Åpent Stevne
3232,nsf/3135,NSF,6/27/2015,Norway,,Gressvik,Klubbstevne
3233,nsf/314,NSF,6/19/2002,Norway,,Askim,Seriestevne
3234,nsf/3140,NSF,7/5/2015,Norway,,Selsbakk,Åpent stevne
3235,nsf/3141,NSF,7/7/2015,Norway,,Bergen,Klubbstevne
3236,nsf/3143,NSF,7/11/2015,Norway,,,Ås Klubbstevne
3237,nsf/3147,NSF,8/4/2015,Norway,,Bergen SK studio,Klubbstevne benkpress/styrkeløft
3238,nsf/3153,NSF,8/8/2015,Norway,,Oslo,Klubbstevne
3239,nsf/3157,NSF,8/15/2015,Norway,,Odinhallen,Åpent stevne
3240,nsf/3159,NSF,8/22/2015,Norway,,Skedsmokorset,Åpent stevne
3241,nsf/316,NSF,6/21/2002,Norway,,Steinkjer,Seriestevne
3242,nsf/3160,NSF,8/22/2015,Norway,,Ganddal,Åpent stevne
3243,nsf/3162,NSF,8/22/2015,Norway,,Brumunddal,Åpent stevne
3244,nsf/3163,NSF,8/30/2015,Norway,,Trondheim,RM Midt-Norge utstyrsfritt
3245,nsf/3167,NSF,9/1/2015,Norway,,Bergen,Klubbstevne
3246,nsf/3169,NSF,9/5/2015,Norway,,Sandehallen,Syd-norsk benkpress utstyrsfritt
3247,nsf/317,NSF,6/22/2002,Norway,,Sande,Klubbmesterskap
3248,nsf/3170,NSF,9/5/2015,Norway,,Sandehallen,Syd-norsk benkpress
3249,nsf/3172,NSF,9/5/2015,Norway,,Ås,Klubbstevne
3250,nsf/3174,NSF,9/12/2015,Norway,,Askim,Klubbstevne
3251,nsf/3176,NSF,9/19/2015,Norway,,Brumunddal,Seriestevne
3252,nsf/3177,NSF,9/19/2015,Norway,,Melhus,Midt-Norsk Styrkeløft 2015
3253,nsf/3178,NSF,9/19/2015,Norway,,Melhus,Midt-Norsk Benkpress 2015
3254,nsf/3179,NSF,9/19/2015,Norway,,Rosendal idrettshall,RM benkpress utstyrsfritt
3255,nsf/318,NSF,6/28/2002,Norway,,Fredrikstad,Seriestevne
3256,nsf/3180,NSF,9/19/2015,Norway,,Saltdal,Klubbstevne
3257,nsf/3181,NSF,9/23/2015,Norway,,Halden,Seriestevne
3258,nsf/3182,NSF,9/24/2015,Norway,,Sandnes,Klubbstevne
3259,nsf/3184,NSF,9/24/2015,Norway,,,Åpent stevne
3260,nsf/3186,NSF,9/26/2015,Norway,,Odderneshallen,Klubbstevne
3261,nsf/3188,NSF,9/27/2015,Norway,,Studentidretten Kraft,Åpent stevne
3262,nsf/319,NSF,7/7/2002,Norway,,Ganddal,Seriestevne
3263,nsf/3191,NSF,10/3/2015,Norway,,Nesna,Åpent stevne
3264,nsf/3192,NSF,10/3/2015,Norway,,Stavanger,Klubbstevne
3265,nsf/3193,NSF,10/3/2015,Norway,,Spikkestad Grendehus,RM Benkpress
3266,nsf/3196,NSF,9/30/2015,Norway,,Hommersåk Atetklubb,Klubbstevne
3267,nsf/3197,NSF,10/3/2015,Norway,,Oslo,Klubbstevne
3268,nsf/3199,NSF,10/6/2015,Norway,,Bergen SK studio,Klubbstevne
3269,nsf/32,NSF,3/18/2000,Norway,,Sande,Kretsstevne
3270,nsf/320,NSF,7/16/2002,Norway,,Lørenskog,Klubbstevne
3271,nsf/3217,NSF,10/10/2015,Norway,,Odinhallen,Åpent stevne
3272,nsf/3218,NSF,10/10/2015,Norway,,Ganddal,Klubbstevne
3273,nsf/322,NSF,7/20/2002,Norway,,Sundbyfoss,Klubbmesterskap
3274,nsf/3220,NSF,10/9/2015,Norway,,Gruva,Klubbstevne
3275,nsf/3221,NSF,10/7/2015,Norway,,Gressvik,Åpent stevne
3276,nsf/3222,NSF,10/10/2015,Norway,,Askim Treningssenter,RM utstyrsfritt
3277,nsf/3228,NSF,10/23/2015,Norway,,Klubblokalet,Klubbmesterskap
3278,nsf/3229,NSF,10/24/2015,Norway,,Spikkestad Grendehus,Klubbmesterskap
3279,nsf/323,NSF,7/27/2002,Norway,,,Klubbstevne
3280,nsf/3233,NSF,10/31/2015,Norway,,Bergen,Klubbstevne benkpress
3281,nsf/3235,NSF,11/1/2015,Norway,,Bergen SK studio,Klubbstevne styrkeløft
3282,nsf/3237,NSF,10/30/2015,Norway,,Haukelandshallen,Åpent stevne
3283,nsf/324,NSF,7/29/2002,Norway,,Kjeller,Klubbstevne
3284,nsf/3244,NSF,11/3/2015,Norway,,Bergen,Åpent stevne benkpress/styrkeløft
3285,nsf/3248,NSF,11/4/2015,Norway,,Brumunddal,Klubbstevne
3286,nsf/3250,NSF,11/7/2015,Norway,,Elnesvågen,RM Benkpress Midt-Norge
3287,nsf/3259,NSF,11/19/2015,Norway,,Lurahallen,NM Styrkeløft Ungdom / Junior / Veteran
3288,nsf/3260,NSF,11/21/2015,Norway,,Moss,Klubbstevne
3289,nsf/3261,NSF,11/21/2015,Norway,,Odderneshallen,Klubbstevne benkpress/styrkeløft
3290,nsf/3262,NSF,11/23/2015,Norway,,Frogner,Klubbstevne
3291,nsf/3264,NSF,12/1/2015,Norway,,Bergen,Klubbstevne benkpress/styrkeløft
3292,nsf/3265,NSF,11/28/2015,Norway,,Rana,RM Utstyrsfritt Nordland
3293,nsf/3268,NSF,12/4/2015,Norway,,Elnesvågen,Åpent stevne benkpress
3294,nsf/327,NSF,8/31/2002,Norway,,Florø,NM Benkpress
3295,nsf/3270,NSF,12/5/2015,Norway,,Spikkestad,Benkpress-cup
3296,nsf/3271,NSF,12/5/2015,Norway,,Haukelandshallen,Klubbstevne
3297,nsf/3273,NSF,12/5/2015,Norway,,Oslo,Klubbstevne
3298,nsf/3275,NSF,12/6/2015,Norway,,Verket Røros,Klubbstevne
3299,nsf/3276,NSF,12/9/2015,Norway,,Halden,Åpent stevne
3300,nsf/328,NSF,9/7/2002,Norway,,Brumunddal,Seriestevne
3301,nsf/3283,NSF,12/12/2015,Norway,,Odinhallen,Åpent stevne
3302,nsf/329,NSF,9/7/2002,Norway,,,Nordisk damer
3303,nsf/33,NSF,3/25/2000,Norway,,Florø,Kretsmesterskap
3304,nsf/3309,NSF,12/12/2015,Norway,,Hommersåk Atetklubb,Klubbstevne
3305,nsf/331,NSF,9/13/2002,Norway,,Fredrikstad,Seriestevne
3306,nsf/3311,NSF,12/12/2015,Norway,,klubblokale,Klubbstevne
3307,nsf/3312,NSF,12/12/2015,Norway,,Remyra,Klubbstevne
3308,nsf/3317,NSF,12/19/2015,Norway,,Klubblokalet,Åpent stevne
3309,nsf/3318,NSF,12/19/2015,Norway,,Sandnessjøen,Klubbstevne
3310,nsf/332,NSF,9/21/2002,Norway,,Bergen,Seriestevne
3311,nsf/3321,NSF,12/12/2015,Norway,,Trondheim Atletklubbss klubblokaler,Åpent stevne
3312,nsf/3322,NSF,12/12/2015,Norway,,Gruva,Styrkeløft/Benkpress
3313,nsf/3323,NSF,12/6/2015,Norway,,Brumunddal,Klubbmesterskap
3314,nsf/3324,NSF,12/12/2015,Norway,,Ganddal,Klubbstevne
3315,nsf/3325,NSF,12/19/2015,Norway,,Sandnes,Åpent stevne
3316,nsf/3327,NSF,12/12/2015,Norway,,Haugaland Atletklubb,Klubbstevne
3317,nsf/3328,NSF,12/12/2015,Norway,,Oslo,Åpent stevne
3318,nsf/3329,NSF,12/19/2015,Norway,,Spikkestad Grendehus,Benkpress stevne
3319,nsf/333,NSF,9/21/2002,Norway,,Sande,Benkcup/Kretsstevne
3320,nsf/3331,NSF,12/19/2015,Norway,,Askim,Klubbstevne
3321,nsf/3332,NSF,12/12/2015,Norway,,Sandehallen,klubbmesterskap
3322,nsf/3333,NSF,12/12/2015,Norway,,Stavanger,Åpent stevne
3323,nsf/3334,NSF,12/19/2015,Norway,,Alta,Åpent stevne
3324,nsf/3336,NSF,12/24/2015,Norway,,Bergen,Benkpresstevne
3325,nsf/3337,NSF,11/22/1997,Norway,,Gruben,Klubbstevne
3326,nsf/3338,NSF,10/25/1997,Norway,,Steinkjer,Klubbstevne
3327,nsf/3339,NSF,9/13/1997,Norway,,Sandnes,Klubbstevne
3328,nsf/334,NSF,9/28/2002,Norway,,Mo i Rana,Seriestevne
3329,nsf/3340,NSF,12/19/2015,Norway,,Rana,Klubbstevne
3330,nsf/3342,NSF,12/30/2015,Norway,,Elnesvågen Treningssenter AS,Klubbstevne i benkpress
3331,nsf/3346,NSF,1/12/2016,Norway,,Bergen,Klubbstevne benkpress
3332,nsf/3347,NSF,1/15/2016,Norway,,Elnesvågen,Klubbstevne i benkpress
3333,nsf/3348,NSF,1/16/2016,Norway,,Sande,Åpent stevne
3334,nsf/3349,NSF,1/16/2016,Norway,,Sande,Benk-cup
3335,nsf/335,NSF,9/28/2002,Norway,,Kristiansand,Regionsmesterskap
3336,nsf/3355,NSF,1/15/2016,Norway,,Kristiansand,Klubbstevne
3337,nsf/3357,NSF,1/23/2016,Norway,,Oslo,Benkpress-stevne
3338,nsf/336,NSF,10/3/2002,Norway,,Sandefjord,Nordisk Politimesterskap
3339,nsf/3360,NSF,1/30/2016,Norway,,Ganddal,Åpent stevne
3340,nsf/3361,NSF,1/30/2016,Norway,,Oslo,RM Øst
3341,nsf/3362,NSF,1/30/2016,Norway,,Bodø,RM Nordland
3342,nsf/3363,NSF,2/2/2016,Norway,,Halden,Klubbstevne
3343,nsf/3369,NSF,2/5/2016,Norway,,Elnesvågen,Åpent stevne
3344,nsf/337,NSF,10/8/2002,Norway,,Sundbyfoss,Klubbstevne
3345,nsf/3370,NSF,2/2/2016,Norway,,Bergen,Klubbstevne
3346,nsf/3373,NSF,2/6/2016,Norway,,Haugesund,RM Sør Vest utstyrsfritt
3347,nsf/3376,NSF,2/6/2016,Norway,,Haugesund,RM Sør Vest
3348,nsf/3380,NSF,2/14/2016,Norway,,Sande,RM Østafjell
3349,nsf/3381,NSF,2/14/2016,Norway,,Sande,RM utstyrsfritt
3350,nsf/3382,NSF,2/14/2016,Norway,,Bergen,RM Vest utstyrsfritt
3351,nsf/3387,NSF,2/19/2016,Norway,,Elnesvågen,Åpent stevne i styrkeløft og benkpress
3352,nsf/3388,NSF,2/20/2016,Norway,,Remyra,Klubbstevne
3353,nsf/3389,NSF,2/20/2016,Norway,,Skedsmokorset,Klubbstevne
3354,nsf/339,NSF,10/12/2002,Norway,,Skogn,Regionsmesterskap
3355,nsf/3394,NSF,2/20/2016,Norway,,Gruva,Klubbstevne benk og styrkeløft
3356,nsf/34,NSF,3/26/2000,Norway,,Sundbyfoss,Klubbstevne
3357,nsf/340,NSF,10/12/2002,Norway,,Brumunddal,Seriestevne
3358,nsf/3402,NSF,2/24/2016,Norway,,Hommersåk,Klubbstevne
3359,nsf/3404,NSF,2/27/2016,Norway,,Askim,Åpent stevne
3360,nsf/3405,NSF,2/26/2016,Norway,,Fredrikstad,Klubbstevne
3361,nsf/3406,NSF,2/27/2016,Norway,,Brumunddal,Regionsmesterskap Hedmark/Oppland
3362,nsf/3409,NSF,2/26/2016,Norway,,Alta,Åpent stevne
3363,nsf/341,NSF,10/16/2002,Norway,,Sande,Klubbstevne
3364,nsf/3412,NSF,3/1/2016,Norway,,Bergen,Klubbstevne benkpress
3365,nsf/3413,NSF,3/1/2016,Norway,,Bergen,Åpent stevne
3366,nsf/3414,NSF,3/2/2016,Norway,,Halden,Klubbmesterskap
3367,nsf/342,NSF,10/19/2002,Norway,,Holmestrand,Kretsmesterskap -Lag
3368,nsf/343,NSF,10/19/2002,Norway,,Hommersåk,Syd-Norsk
3369,nsf/3435,NSF,3/5/2016,Norway,,Oslo,Åpent stevne
3370,nsf/3436,NSF,3/5/2016,Norway,,Rana,Åpent Stevne
3371,nsf/3438,NSF,3/5/2016,Norway,,Selsbakk,Klubbstevne
3372,nsf/344,NSF,10/23/2002,Norway,,Oslo,Seriestevne
3373,nsf/3442,NSF,3/10/2016,Norway,,Trondheim,Åpent stevne
3374,nsf/3446,NSF,3/12/2016,Norway,,Røros,Klubbstevne
3375,nsf/3447,NSF,3/12/2016,Norway,,Bergen,Åpent stevne styrkeløft utstyrsfritt
3376,nsf/3448,NSF,3/12/2016,Norway,,Sandnessjøen,Klubbstevne
3377,nsf/345,NSF,10/25/2002,Norway,,Fredrikstad,Seriestevne
3378,nsf/3450,NSF,3/12/2016,Norway,,Stavanger,NM Benkpress 2016
3379,nsf/3456,NSF,3/15/2016,Norway,,Tromsø,Klubbstevne
3380,nsf/3457,NSF,3/16/2016,Norway,,Brumunddal,Klubbstevne
3381,nsf/346,NSF,10/25/2002,Norway,,Steinkjer,Klubbstevne
3382,nsf/3462,NSF,4/1/2016,Norway,,Odderneshallen,Klubbstevne
3383,nsf/3463,NSF,4/5/2016,Norway,,Bergen,Klubbstevne
3384,nsf/3465,NSF,4/7/2016,Norway,,Kraft Studentidrettssenter,Klubbstevne
3385,nsf/347,NSF,10/26/2002,Norway,,Mo i Rana,Seriestevne
3386,nsf/3471,NSF,4/9/2016,Norway,,Oslo,Klubbstevne
3387,nsf/3472,NSF,4/9/2016,Norway,,Bergen,Regionsmesterskap Region Vest
3388,nsf/3473,NSF,4/9/2016,Norway,,Bergen,RM benkpress
3389,nsf/3474,NSF,4/9/2016,Norway,,Sande,Åpent stevne
3390,nsf/3475,NSF,4/10/2016,Norway,,Oslo,Åpent stevne
3391,nsf/3479,NSF,4/11/2016,Norway,,Elnesvågen,Klubbstevne i styrkeløft og benkpress
3392,nsf/348,NSF,10/26/2002,Norway,,Askim,Seriestevne/Benk-Cup
3393,nsf/3483,NSF,4/9/2016,Norway,,Stavanger,Klubbstevne
3394,nsf/3484,NSF,4/16/2016,Norway,,Saltdal,Åpent stevne
3395,nsf/3485,NSF,4/2/2016,Norway,,Brumunddal,Åpent stevne
3396,nsf/3486,NSF,4/16/2016,Norway,,Ganddal,Klubbstevne
3397,nsf/3487,NSF,4/19/2016,Norway,,Bergen,Åpent stevne
3398,nsf/3489,NSF,2/17/1990,Norway,,Rakkestad,NM Junior herrer
3399,nsf/349,NSF,10/28/2002,Norway,,Sandnes,Seriestevne
3400,nsf/3491,NSF,4/20/2016,Norway,,Hommersåk Atletklubb,Klubbstevne
3401,nsf/3493,NSF,4/23/2016,Norway,,Haukelandshallen.,Åpent stevne
3402,nsf/3496,NSF,5/3/2016,Norway,,Bergen,Klubbstevne
3403,nsf/3499,NSF,4/29/2016,Norway,,Fredrikstad,NM Ungdom/Junior/Veteran Utstyrsfritt
3404,nsf/350,NSF,10/28/2002,Norway,,Kjeller,Klubbstevne
3405,nsf/3500,NSF,5/7/2016,Norway,,Brumunddal,RM Utstyrsfritt Hedmark/Oppland
3406,nsf/3501,NSF,5/7/2016,Norway,,Haraldshallen,klubbstevne
3407,nsf/3503,NSF,5/5/2016,Norway,,Trondheim,Åpent stevne
3408,nsf/3505,NSF,5/7/2016,Norway,,Skien,Benkpress cup runde 2
3409,nsf/3506,NSF,5/14/2016,Norway,,Rana,Åpent stevne
3410,nsf/351,NSF,10/28/2002,Norway,,Halden,Seriestevne
3411,nsf/3512,NSF,5/27/2016,Norway,,Elnesvågen,Klubbstevne
3412,nsf/3516,NSF,5/27/2016,Norway,,Gressvik,Åpent stevne
3413,nsf/3517,NSF,5/28/2016,Norway,,Klubblokalet,Klubbstevne
3414,nsf/3518,NSF,5/28/2016,Norway,,Steinkjer,Klubbstevne
3415,nsf/3519,NSF,6/1/2016,Norway,,Halden,Åpent stevne
3416,nsf/352,NSF,11/9/2002,Norway,,Brumunddal,Klubbstevne
3417,nsf/3521,NSF,6/3/2016,Norway,,Elnesvågen,Styrkeløft og benkpress utstyrsfritt
3418,nsf/3523,NSF,6/7/2016,Norway,,Bergen SK studio,Åpent stevne benkpress/styrkeløft
3419,nsf/3524,NSF,6/11/2016,Norway,,Stavanger,Åpent stevne
3420,nsf/3525,NSF,6/11/2016,Norway,,Sandnes,Åpent stevne
3421,nsf/3526,NSF,6/11/2016,Norway,,Sande,Åpent stevne
3422,nsf/3527,NSF,6/11/2016,Norway,,Ganddal,Åpent stevne
3423,nsf/3528,NSF,6/11/2016,Norway,,Oslo,Åpent stevne markløft utstyrsfritt
3424,nsf/3531,NSF,6/13/2016,Norway,,Elnesvågen,Klubbstevne
3425,nsf/3533,NSF,6/16/2016,Norway,,Haukelandshallen.,Åpent stevne
3426,nsf/3535,NSF,6/18/2016,Norway,,Brumunddal,Seriestevne
3427,nsf/3536,NSF,6/25/2016,Norway,,Askim,Klubbmesterskap
3428,nsf/3539,NSF,6/29/2016,Norway,,Årdalshallen,Åpent stevne
3429,nsf/354,NSF,11/23/2002,Norway,,Sande,Benk-Cup
3430,nsf/3540,NSF,6/25/2016,Norway,,Nidarøhallen,RM Utstyrsfritt Region Midt
3431,nsf/3544,NSF,7/5/2016,Norway,,Bergen,Åpent stevne
3432,nsf/3547,NSF,7/20/2016,Norway,,Sandvika,Åpent stevne
3433,nsf/3549,NSF,8/2/2016,Norway,,Bergen,Klubbstevne benkpress
3434,nsf/355,NSF,11/23/2002,Norway,,Halden,KM benkpress
3435,nsf/3550,NSF,8/8/2016,Norway,,Haraldshallen,Klubbstevne
3436,nsf/3552,NSF,8/12/2016,Norway,,Elnesvågen,Åpent stevne
3437,nsf/3553,NSF,8/14/2016,Norway,,,Åpent stevne
3438,nsf/3555,NSF,8/16/2016,Norway,,Bergen,Åpent stevne
3439,nsf/356,NSF,11/23/2002,Norway,,Fræna,Klubbstevne
3440,nsf/3562,NSF,8/20/2016,Norway,,Drammen,Klubbmesterskap
3441,nsf/3563,NSF,8/20/2016,Norway,,Saltdal,Åpent stevne
3442,nsf/3564,NSF,8/21/2016,Norway,,Klubblokalet,Klubbstevne
3443,nsf/3565,NSF,8/18/2016,Norway,,Elnesvågen,Klubbstevne i styrkeløft og benkpress
3444,nsf/3566,NSF,8/21/2016,Norway,,Askim,Klubbstevne
3445,nsf/357,NSF,11/24/2002,Norway,,Sundbyfoss,Klubbstevne
3446,nsf/3580,NSF,8/13/2016,Norway,,Steinkjer Styrkeløftklubb,Martnamarken - Kun markløft
3447,nsf/3581,NSF,8/20/2016,Norway,,Brumunddal,Klubbstevne
3448,nsf/3582,NSF,8/24/2016,Norway,,Hommersåk Atletklubb,Klubbstevne
3449,nsf/3584,NSF,8/27/2016,Norway,,Gruva,Klubbstevne benk og styrkeløft
3450,nsf/3585,NSF,8/27/2016,Norway,,Laksevåg,Åpent stevne
3451,nsf/3586,NSF,8/27/2016,Norway,,Bjølsenhallen,RM Utstyrsfritt Region ØST
3452,nsf/359,NSF,11/30/2002,Norway,,Kristiansand,Kretsstevne
3453,nsf/3591,NSF,9/3/2016,Norway,,Sandehallen,Åpent stevne
3454,nsf/3593,NSF,9/3/2016,Norway,,Mo i Rana,Åpent Stevne
3455,nsf/3594,NSF,9/3/2016,Norway,,Skedsmokorset,Klubbmesterskap
3456,nsf/3598,NSF,9/10/2016,Norway,,Haukelandshallen,Regionmesterskap Utstyrsfritt benkpress
3457,nsf/3599,NSF,9/10/2016,Norway,,Sandnes,Rogalandsmesterskap utstyrsfritt
3458,nsf/36,NSF,4/5/2000,Norway,,Stavanger,Seriestevne
3459,nsf/360,NSF,12/6/2002,Norway,,Fredrikstad,Seriestevne
3460,nsf/3600,NSF,9/10/2016,Norway,,Sandnes,Rogalandsmesterskap
3461,nsf/3604,NSF,9/23/2016,Norway,,Odderneshallen,Klubbstevne
3462,nsf/3608,NSF,9/24/2016,Norway,,Brumunddal,Klubbstevne
3463,nsf/3609,NSF,9/21/2016,Norway,,Halden,Åpent stevne
3464,nsf/361,NSF,12/7/2002,Norway,,Bergen,Klubbstevne
3465,nsf/3616,NSF,10/1/2016,Norway,,Spikkestad,RM Benkpress Utstyrsfritt
3466,nsf/3617,NSF,10/1/2016,Norway,,Spikkestad,RM Benkpress
3467,nsf/3618,NSF,9/30/2016,Norway,,Elnesvågen,Klubbstevne i Benkpress
3468,nsf/3619,NSF,10/4/2016,Norway,,Elnesvågen,Åpent utstyrsfritt stevne
3469,nsf/362,NSF,12/7/2002,Norway,,Oslo,Lag NM
3470,nsf/3620,NSF,10/1/2016,Norway,,Mo i Rana,Klubbstevne
3471,nsf/3623,NSF,10/6/2016,Norway,,Trondheim,Åpent stevne
3472,nsf/3628,NSF,10/7/2016,Norway,,Klubblokalet,Klubbmesterskap
3473,nsf/363,NSF,12/7/2002,Norway,,Florø,Julestevne
3474,nsf/3634,NSF,10/8/2016,Norway,,Tromsø,Klubbstevne
3475,nsf/365,NSF,12/11/2002,Norway,,Oslo,Julestevne
3476,nsf/366,NSF,12/14/2002,Norway,,Melhus,KM Benkpress
3477,nsf/367,NSF,12/14/2002,Norway,,Bergen,Seriestevne
3478,nsf/368,NSF,12/14/2002,Norway,,Aktiviteten Tr.senter,Julestevne
3479,nsf/369,NSF,12/14/2002,Norway,,Stavanger,Julestevne
3480,nsf/370,NSF,12/14/2002,Norway,,,Klubbstevne
3481,nsf/371,NSF,12/21/2002,Norway,,Ålesund,Klubbstevne
3482,nsf/372,NSF,12/29/2002,Norway,,Sundbyfoss,Klubbstevne
3483,nsf/373,NSF,8/16/2002,Norway,,Brumunddal,Seriestevne
3484,nsf/374,NSF,1/4/2003,Norway,,Odderneshallen,Kretsstevne
3485,nsf/3741,NSF,1/7/2017,Norway,,Brumunddal,Klubbstevne
3486,nsf/3742,NSF,1/14/2017,Norway,,Sandehallen,RM styrkeløft utstyrsfritt
3487,nsf/3744,NSF,1/14/2017,Norway,,Oslo,Klubbstevne i Benkpress
3488,nsf/3746,NSF,1/18/2017,Norway,,Halden,Klubbmesterskap i benkpress
3489,nsf/3748,NSF,1/20/2017,Norway,,Elnesvågen,Klubbstevne
3490,nsf/375,NSF,1/11/2003,Norway,,Sandehallen,Kretsstevne
3491,nsf/3750,NSF,1/23/2017,Norway,,Bergen,Åpent stevne styrkeløft
3492,nsf/3751,NSF,1/28/2017,Norway,,Drammen,Benkpress-Cup 1. runde
3493,nsf/3753,NSF,1/27/2017,Norway,,Gimse,Åpent stevne
3494,nsf/3755,NSF,2/6/2017,Norway,,Bergen,Klubbstevne benkpress
3495,nsf/3756,NSF,2/4/2017,Norway,,Askim,Regionmesterskap region Øst
3496,nsf/3759,NSF,2/7/2017,Norway,,Skedsmokorset,Åpent stevne
3497,nsf/376,NSF,1/18/2003,Norway,,,Kretsstevne
3498,nsf/3760,NSF,2/11/2017,Norway,,Alta,Åpent stevne
3499,nsf/3764,NSF,2/11/2017,Norway,,Bergen,Regionmesterskap utstyrsfritt region Vest
3500,nsf/3765,NSF,2/10/2017,Norway,,Elnesvågen,Klubbstevne
3501,nsf/3766,NSF,2/10/2017,Norway,,Kristiansand,Klubbstevne
3502,nsf/3767,NSF,2/11/2017,Norway,,Oslo,Åpent stevne
3503,nsf/377,NSF,1/18/2003,Norway,,Brumunddal,Klubbmesterskap
3504,nsf/3770,NSF,2/18/2017,Norway,,Bergen,Styrkeløft/benkpress utstyrsfritt
3505,nsf/3771,NSF,2/18/2017,Norway,,Trondheim,Åpent stevne
3506,nsf/3773,NSF,2/18/2017,Norway,,Melhus,Klubbstevne benk og styrkeløft
3507,nsf/3774,NSF,2/18/2017,Norway,,Sandnessjøen,Regionmesterskap Styrkeløft Region Nordland
3508,nsf/3775,NSF,2/18/2017,Norway,,Sandnes,Regionmesterskap utstyrsfritt Region SørVest
3509,nsf/3776,NSF,2/19/2017,Norway,,Sandnes,Regionmesterskap Region SørVest
3510,nsf/3779,NSF,2/25/2017,Norway,,Remyra,Klubbstevne
3511,nsf/378,NSF,1/20/2003,Norway,,Lurahallen,Seriestevne
3512,nsf/3780,NSF,2/24/2017,Norway,,Treningslokalet,Åpent stevne
3513,nsf/3781,NSF,3/4/2017,Norway,,Trondheim,Åpent stevne
3514,nsf/3783,NSF,3/6/2017,Norway,,Bergen,Klubbstevne
3515,nsf/3786,NSF,3/10/2017,Norway,,Haukelandshallen.,Åpent stevne
3516,nsf/3787,NSF,3/10/2017,Norway,,Elnesvågen,Klubbstevne
3517,nsf/3789,NSF,3/11/2017,Norway,,Stavanger,Klubbstevne
3518,nsf/379,NSF,1/29/2003,Norway,,Askim,Seriestevne
3519,nsf/3791,NSF,3/11/2017,Norway,,Brumunddal,Åpent stevne
3520,nsf/3793,NSF,3/12/2017,Norway,,Tromsø,Klubbstevne
3521,nsf/3795,NSF,3/15/2017,Norway,,Frogner,Klubbstevne
3522,nsf/3797,NSF,3/15/2017,Norway,,Elnesvågen,Klubbstevne i benkpress
3523,nsf/38,NSF,4/12/2000,Norway,,trondheim,Benkstevne
3524,nsf/380,NSF,1/31/2003,Norway,,Florø,Klubbstevne
3525,nsf/3801,NSF,3/18/2017,Norway,,Oslo,Åpent stevne
3526,nsf/3802,NSF,3/17/2017,Norway,,Fredrikstad,Åpent stevne
3527,nsf/3804,NSF,3/18/2017,Norway,,Saltdal,Åpent stevne
3528,nsf/3805,NSF,3/25/2017,Norway,,Frogner,NM Benkpress 2017
3529,nsf/3806,NSF,3/27/2017,Norway,,Drammen,Klubbstevne
3530,nsf/3807,NSF,4/1/2017,Norway,,Oslo,Åpent stevne
3531,nsf/381,NSF,2/7/2003,Norway,,Melhus,Klubbmesterskap
3532,nsf/3811,NSF,4/1/2017,Norway,,Røros,Klubbstevne
3533,nsf/3813,NSF,4/3/2017,Norway,,Bergen,Klubbstevne
3534,nsf/3815,NSF,4/4/2017,Norway,,Tromsø,Klubbstevne i benkpress
3535,nsf/3816,NSF,4/3/2017,Norway,,Halden,Åpent stevne
3536,nsf/3818,NSF,4/8/2017,Norway,,Ganddal,Klubbstevne
3537,nsf/3819,NSF,4/8/2017,Norway,,Mo i Rana,Åpent stevne
3538,nsf/382,NSF,2/8/2003,Norway,,Ulefoss,Benkpress-Cup
3539,nsf/3820,NSF,4/8/2017,Norway,,Brumunddal,Åpent stevne
3540,nsf/3822,NSF,4/17/2017,Norway,,Askim,Klubbstevne benkpress
3541,nsf/3829,NSF,4/21/2017,Norway,,Trondheim,Klubbstevne
3542,nsf/383,NSF,2/8/2003,Norway,,Brumunddal,Seriestevne
3543,nsf/3832,NSF,4/22/2017,Norway,,Tromsø,Klubbstevne
3544,nsf/3834,NSF,4/22/2017,Norway,,Oslo,Klubbstevne
3545,nsf/3835,NSF,4/28/2017,Norway,,Bergen,NM Styrkeløft Ungdom/Junior/Veteran utstyrsfritt
3546,nsf/3838,NSF,5/6/2017,Norway,,Gruva,Klubbstevne benk og styrkeløft
3547,nsf/3839,NSF,5/5/2017,Norway,,Elnesvågen,Klubbstevne i benkpress og styrkeløft
3548,nsf/384,NSF,2/8/2003,Norway,,Ganddal,Klubbstevne
3549,nsf/3841,NSF,5/6/2017,Norway,,Gimse,Klubbmesterskap
3550,nsf/3844,NSF,5/13/2017,Norway,,Rana,Åpent stevne
3551,nsf/3845,NSF,5/13/2017,Norway,,Haugesund,Klubbstevne
3552,nsf/3846,NSF,5/20/2017,Norway,,Sandnessjøen,Klubbstevne
3553,nsf/3847,NSF,5/20/2017,Norway,,Skien,Styrkeløftregion Østafjells Benk-Cup Runde 2
3554,nsf/385,NSF,2/10/2003,Norway,,Halden,Klubbmesterskap
3555,nsf/3853,NSF,5/27/2017,Norway,,Stryn,Åpent stevne
3556,nsf/3854,NSF,6/3/2017,Norway,,Alta,Klubbstevne
3557,nsf/386,NSF,2/15/2003,Norway,,Skoger,Klubbstevne
3558,nsf/3861,NSF,6/5/2017,Norway,,Bergen,Klubbstevne
3559,nsf/3862,NSF,6/10/2017,Norway,,Stavanger,Åpent stevne
3560,nsf/3865,NSF,6/10/2017,Norway,,Ganddal,Åpent stevne
3561,nsf/3866,NSF,6/10/2017,Norway,,Remyra,Klubbstevne
3562,nsf/3868,NSF,6/10/2017,Norway,,Sande,Åpent stevne
3563,nsf/3869,NSF,6/10/2017,Norway,,Bergen,Åpent Stevne
3564,nsf/387,NSF,2/15/2003,Norway,,Fræna,Klubbstevne
3565,nsf/3874,NSF,6/17/2017,Norway,,Drammen,Klubbstevne
3566,nsf/3875,NSF,6/17/2017,Norway,,Askim,Åpent stevne
3567,nsf/3877,NSF,6/10/2017,Norway,,Odderneshallen,Klubbstevne
3568,nsf/3878,NSF,6/14/2017,Norway,,Saltdal,Klubbstevne
3569,nsf/3879,NSF,6/16/2017,Norway,,Elnesvågen,Klubbmesterskap
3570,nsf/388,NSF,2/15/2003,Norway,,Haukelandshallen,Benkpress-Cup
3571,nsf/3880,NSF,6/17/2017,Norway,,Tiller,Klubbstevne
3572,nsf/3882,NSF,6/17/2017,Norway,,Fredrikstad,Klubbmesterskap benkpress
3573,nsf/3883,NSF,6/17/2017,Norway,,Sandnes,Åpent stevne
3574,nsf/3885,NSF,6/23/2017,Norway,,Oslo,Åpent stevne
3575,nsf/3887,NSF,6/17/2017,Norway,,Brumunddal,Klubbstevne
3576,nsf/389,NSF,2/20/2003,Norway,,Stavanger,Lagserien
3577,nsf/3890,NSF,6/24/2017,Norway,,Bodø,Klubbstevne
3578,nsf/3891,NSF,6/24/2017,Norway,,Trondheim,Åpent stevne
3579,nsf/3892,NSF,6/24/2017,Norway,,Oslo,Åpent stevne
3580,nsf/390,NSF,2/21/2003,Norway,,Steinkjer,Klubbstevne
3581,nsf/3907,NSF,8/12/2017,Norway,,Bergen,Åpent stevne benkpress
3582,nsf/391,NSF,2/22/2003,Norway,,Gruben,Klubbstevne
3583,nsf/3910,NSF,8/19/2017,Norway,,Sandnessjøen,Åpent stevne
3584,nsf/3912,NSF,8/18/2017,Norway,,Elnesvågen Treningssenter,Klubbstevne
3585,nsf/392,NSF,2/22/2003,Norway,,Bergen,NM Veteran
3586,nsf/393,NSF,2/23/2003,Norway,,Haukelandshallen,B-NM
3587,nsf/394,NSF,2/24/2003,Norway,,Frogner,Seriestevne
3588,nsf/3944,NSF,9/16/2017,Norway,,Sande,Åpent stevne
3589,nsf/3948,NSF,9/16/2017,Norway,,Fræna,Nordisk ungdom og junior styrkeløft
3590,nsf/3949,NSF,9/16/2017,Norway,,Fræna,Nordisk ungdom og junior benkpress utstyrsfritt
3591,nsf/395,NSF,2/24/2003,Norway,,Lurahallen,Seriestevne
3592,nsf/3950,NSF,9/16/2017,Norway,,Fræna,Nordisk ungdom og junior benkpress
3593,nsf/3951,NSF,9/18/2017,Norway,,Halden,Klubbstevne
3594,nsf/3953,NSF,9/20/2017,Norway,,Saltdal,Klubbstevne
3595,nsf/3957,NSF,9/23/2017,Norway,,Oslo,Åpent stevne
3596,nsf/3958,NSF,9/23/2017,Norway,,Haugesund,Rogalandsmesterskap
3597,nsf/3959,NSF,9/23/2017,Norway,,Drammen,Regionmesterskap i styrkeløft
3598,nsf/396,NSF,2/26/2003,Norway,,Sandehallen,Kretsstevne
3599,nsf/3960,NSF,9/30/2017,Norway,,Spikkestad,RM Benkpress utstyrsfritt
3600,nsf/3961,NSF,9/30/2017,Norway,,Spikkestad,RM Østafjells benkpress
3601,nsf/3962,NSF,9/22/2017,Norway,,Elnesvågen,Åpent stevne
3602,nsf/3963,NSF,9/22/2017,Norway,,Kristiansand,Klubbstevne
3603,nsf/3964,NSF,10/2/2017,Norway,,Bergen,Klubbstevne
3604,nsf/3968,NSF,10/7/2017,Norway,,Treningslokalet,Klubbmesterskap styrkeløft
3605,nsf/3969,NSF,10/7/2017,Norway,,Brumunddal,Klubbstevne
3606,nsf/397,NSF,2/27/2003,Norway,,Lurahallen,Seriestevne
3607,nsf/3971,NSF,10/7/2017,Norway,,Trondheim,Åpent stevne
3608,nsf/3972,NSF,10/7/2017,Norway,,Rana,Åpent stevne
3609,nsf/398,NSF,2/27/2003,Norway,,Halden,Seriestevne
3610,nsf/399,NSF,2/27/2003,Norway,,Sundbyfoss,Klubbstevne
3611,nsf/400,NSF,2/28/2003,Norway,,Seiersten skole,Seriestevne
3612,nsf/401,NSF,3/8/2003,Norway,,Brumunddal,Seriestevne
3613,nsf/402,NSF,3/8/2003,Norway,,Skoger,Kretstevne
3614,nsf/403,NSF,3/29/2003,Norway,,Ganddal,Klubbstevne
3615,nsf/405,NSF,4/4/2003,Norway,,Seiersten skole,Seriestevne
3616,nsf/406,NSF,4/5/2003,Norway,,Haukelandshallen,Benkstevne
3617,nsf/407,NSF,4/5/2003,Norway,,Klubblokalet,Kretsstevne
3618,nsf/408,NSF,4/7/2003,Norway,,Halden,Seriestevne
3619,nsf/409,NSF,4/9/2003,Norway,,Oslo,Seriestevne
3620,nsf/41,NSF,4/29/2000,Norway,,,Seriestevne
3621,nsf/410,NSF,4/10/2003,Norway,,Stavanger,Benkpress
3622,nsf/412,NSF,4/12/2003,Norway,,Fræna,Seriestevne
3623,nsf/413,NSF,4/14/2003,Norway,,Askim,Seriestevne
3624,nsf/415,NSF,4/26/2003,Norway,,Brumunddal,Seriestevne
3625,nsf/416,NSF,4/26/2003,Norway,,Gruben,Klubbstevne
3626,nsf/418,NSF,4/28/2003,Norway,,Lurahallen,Seriestevne
3627,nsf/419,NSF,4/28/2003,Norway,,Frogner,Seriestevne
3628,nsf/42,NSF,4/29/2000,Norway,,Mo i Rana,Seriestevne
3629,nsf/420,NSF,4/30/2003,Norway,,Sandehallen,Klubbstevne
3630,nsf/421,NSF,5/3/2003,Norway,,Sundbyfoss,Benkcup-Krets
3631,nsf/422,NSF,5/3/2003,Norway,,Odderneshallen,Kretsmesterskap
3632,nsf/423,NSF,5/3/2003,Norway,,Jørpeland,KM Benk
3633,nsf/426,NSF,5/10/2003,Norway,,Haukelandshallen,Kretsmesterskap
3634,nsf/427,NSF,5/14/2003,Norway,,Nidelv,Benkstevne
3635,nsf/428,NSF,5/24/2003,Norway,,Haukelandshallen,Nasjonalt stevne
3636,nsf/429,NSF,5/24/2003,Norway,,Sande,Kretsmesterskap
3637,nsf/43,NSF,4/29/2000,Norway,,Brumunddal,Seriestevne
3638,nsf/430,NSF,5/24/2003,Norway,,Oslo,Kretsmesterskap
3639,nsf/431,NSF,5/24/2003,Norway,,Melhus,Kretsmesterskap
3640,nsf/432,NSF,5/24/2003,Norway,,Askim,Kretsmesterskap
3641,nsf/433,NSF,5/24/2003,Norway,,Brumunddal,Kretsmesterskap
3642,nsf/434,NSF,5/24/2003,Norway,,Florø,Kretsmesterskap
3643,nsf/435,NSF,5/24/2003,Norway,,Fræna,Kretsmesterskap
3644,nsf/436,NSF,5/24/2003,Norway,,Fræna,KM Benkpress
3645,nsf/437,NSF,5/31/2003,Norway,,Saudahallen,Kretsmesterskap
3646,nsf/438,NSF,5/31/2003,Norway,,Gruben,Kretsmesterskap
3647,nsf/439,NSF,6/6/2003,Norway,,Skoger,Kretsstevne
3648,nsf/44,NSF,4/29/2000,Norway,,Sande,Kretsstevne
3649,nsf/440,NSF,6/7/2003,Norway,,Sande,Klubbmesterskap
3650,nsf/443,NSF,6/16/2003,Norway,,Halden,Seriestevne
3651,nsf/444,NSF,6/17/2003,Norway,,Lurahallen,Seriestevne
3652,nsf/445,NSF,6/21/2003,Norway,,Brumunddal,KM Benkpress
3653,nsf/446,NSF,6/21/2003,Norway,,Lurahallen,Lag-NM
3654,nsf/447,NSF,6/22/2003,Norway,,Sundbyfoss,Klubbstevne
3655,nsf/45,NSF,4/29/2000,Norway,,Oslo,Benkstevne
3656,nsf/450,NSF,7/27/2003,Norway,,Sundbyfoss,Klubbstevne
3657,nsf/451,NSF,7/28/2003,Norway,,Frogner,Seriestevne
3658,nsf/452,NSF,8/2/2003,Norway,,Ganddal,Klubbstevne
3659,nsf/453,NSF,8/6/2003,Norway,,Sotra,Kretsmesterskap
3660,nsf/454,NSF,8/6/2003,Norway,,,Benkstevne
3661,nsf/455,NSF,8/16/2003,Norway,,Melhus,Midtnorsk
3662,nsf/456,NSF,8/18/2003,Norway,,Lurahallen,Lagserien
3663,nsf/458,NSF,8/30/2003,Norway,,Fredrikstad,NM Benkpress
3664,nsf/459,NSF,9/6/2003,Norway,,Sandehallen,Nordisk
3665,nsf/46,NSF,5/5/2000,Norway,,Hommersåk,Seriestevne
3666,nsf/461,NSF,9/13/2003,Norway,,Holmestrand,Benkpress stevne
3667,nsf/462,NSF,9/13/2003,Norway,,Skogn,KM Benkpress
3668,nsf/463,NSF,9/18/2003,Norway,,Lurahallen,Seriestevne
3669,nsf/464,NSF,9/19/2003,Norway,,Seiersten skole,Seriestevne
3670,nsf/465,NSF,9/20/2003,Norway,,Brumunddal,Seriestevne
3671,nsf/466,NSF,9/20/2003,Norway,,Sandehallen,Kretsstevne
3672,nsf/467,NSF,9/24/2003,Norway,,Oslo,Seriestevne
3673,nsf/468,NSF,9/27/2003,Norway,,Odderneshallen,Regionmesterskap
3674,nsf/469,NSF,9/27/2003,Norway,,Ålesund,Klubbstevne
3675,nsf/47,NSF,5/6/2000,Norway,,Hammerfest,Kretsmesterskap
3676,nsf/470,NSF,9/27/2003,Norway,,Gruben,Seriestevne
3677,nsf/471,NSF,9/29/2003,Norway,,Frogner,Klubbstevne
3678,nsf/472,NSF,10/4/2003,Norway,,Skoger,Kretsstevne
3679,nsf/473,NSF,10/4/2003,Norway,,Bergen,Benkstevne
3680,nsf/475,NSF,10/11/2003,Norway,,Skognhallen,Regionmesterskap
3681,nsf/476,NSF,10/18/2003,Norway,,Haukelandshallen,Kretscup
3682,nsf/477,NSF,10/18/2003,Norway,,Sandehallen,KM Lag
3683,nsf/478,NSF,10/18/2003,Norway,,Brumunddal,Seriestevne
3684,nsf/479,NSF,10/18/2003,Norway,,Hommersåk,Syd-Norsk
3685,nsf/48,NSF,5/6/2000,Norway,,Bergen,Nordisk Benkpress
3686,nsf/480,NSF,10/19/2003,Norway,,Ålesund,Klubbstevne
3687,nsf/481,NSF,10/20/2003,Norway,,Halden,Seriestevne
3688,nsf/483,NSF,10/20/2003,Norway,,Oslo,Serie Cup
3689,nsf/484,NSF,10/22/2003,Norway,,Askim,Seriestevne
3690,nsf/485,NSF,10/23/2003,Norway,,Lurahallen,Seriestevne
3691,nsf/486,NSF,10/24/2003,Norway,,Seiersten skole,Seriestevne
3692,nsf/487,NSF,10/25/2003,Norway,,Skogn,Klubbstevne
3693,nsf/488,NSF,10/27/2003,Norway,,Frogner,Seriestevne
3694,nsf/489,NSF,10/29/2003,Norway,,,Klubbstevne
3695,nsf/49,NSF,5/12/2000,Norway,,Bergen,Kretsmesterskap
3696,nsf/490,NSF,10/30/2003,Norway,,Sundbyfoss,Klubbstevne
3697,nsf/492,NSF,11/5/2003,Norway,,Ganddal,Klubbstevne
3698,nsf/493,NSF,11/8/2003,Norway,,Halden,KM Benkpress
3699,nsf/494,NSF,11/15/2003,Norway,,Hammerfest,Regionmesterskap
3700,nsf/495,NSF,11/22/2003,Norway,,,NM Ungdom/Junior
3701,nsf/497,NSF,11/29/2003,Norway,,Sande,Benkstevne
3702,nsf/498,NSF,11/29/2003,Norway,,Odderneshallen,Kretsstevne
3703,nsf/5,NSF,1/27/2000,Norway,,Trondheim,Seriestevne
3704,nsf/50,NSF,5/13/2000,Norway,,Holmestrand,Kretsmesterskap
3705,nsf/500,NSF,12/6/2003,Norway,,Melhus,KM benkpress
3706,nsf/501,NSF,12/6/2003,Norway,,Frogner,Cupfinale
3707,nsf/502,NSF,12/13/2003,Norway,,Oslo,Julestevne
3708,nsf/503,NSF,12/13/2003,Norway,,,Julestevne
3709,nsf/504,NSF,12/13/2003,Norway,,Røros,Julestevne
3710,nsf/505,NSF,12/13/2003,Norway,,Haukelandshallen,Klubbstevne
3711,nsf/506,NSF,12/13/2003,Norway,,,Julestevne
3712,nsf/507,NSF,12/19/2003,Norway,,Seiersten skole,Julestevne
3713,nsf/508,NSF,12/19/2003,Norway,,Steinkjer,Julestevne
3714,nsf/509,NSF,12/21/2003,Norway,,Ålesund,Klubbstevne
3715,nsf/51,NSF,5/13/2000,Norway,,Holmestrand,Kretsmesterskap Benk
3716,nsf/510,NSF,1/20/2004,Norway,,Kjeller,Klubbstevne
3717,nsf/511,NSF,1/22/2004,Norway,,Oslo,Seriestevne
3718,nsf/513,NSF,1/10/2003,Norway,,Odderneshallen,Åpent stevne
3719,nsf/514,NSF,1/3/2004,Norway,,Brumunddal,Seriestevne
3720,nsf/515,NSF,1/12/2004,Norway,,Frogner,Klubbstevne
3721,nsf/516,NSF,1/14/2004,Norway,,Askim,Seriestevne
3722,nsf/517,NSF,1/17/2004,Norway,,Brumunddal,Klubbmesterskap
3723,nsf/518,NSF,1/17/2004,Norway,,Sande,Klubbstevne
3724,nsf/519,NSF,1/21/2004,Norway,,Oslo,Seriestevne
3725,nsf/52,NSF,5/13/2000,Norway,,Kristiansand,Kretsmesterskap
3726,nsf/520,NSF,1/23/2004,Norway,,Seiersborg skole,Seriestevne
3727,nsf/521,NSF,1/24/2004,Norway,,,Seriestevne
3728,nsf/522,NSF,1/24/2004,Norway,,,Klubbstevne
3729,nsf/523,NSF,1/31/2004,Norway,,Florø,KM
3730,nsf/524,NSF,1/31/2004,Norway,,Haukelandshallen,Åpent stevne
3731,nsf/525,NSF,2/7/2004,Norway,,Haukelandshallen,Benk-Cup
3732,nsf/526,NSF,2/7/2004,Norway,,Brumunddal,Seriestevne
3733,nsf/527,NSF,2/7/2004,Norway,,Melhus,Midt-Norsk
3734,nsf/528,NSF,2/7/2004,Norway,,Skoger,Kretsstevne
3735,nsf/529,NSF,2/7/2004,Norway,,Alta,Finnmarkmesterskapet
3736,nsf/53,NSF,5/13/2000,Norway,,Kristiansand,Kretsmesterskap Benk
3737,nsf/530,NSF,2/9/2004,Norway,,Frogner,Seriestevne
3738,nsf/531,NSF,2/9/2004,Norway,,Halden,Seriestevne
3739,nsf/532,NSF,2/14/2004,Norway,,Odderneshallen,KM
3740,nsf/533,NSF,2/15/2004,Norway,,Sundbyfoss,Klubbstevne
3741,nsf/534,NSF,2/21/2004,Norway,,Elnesvågen,Benkpress stevne
3742,nsf/535,NSF,2/21/2004,Norway,,Sande,Veteran NM
3743,nsf/536,NSF,2/23/2004,Norway,,Oslo,Kretsstevne
3744,nsf/537,NSF,2/26/2004,Norway,,Lurahallen,Seriestevne
3745,nsf/538,NSF,2/28/2004,Norway,,,Seriestevne
3746,nsf/539,NSF,3/6/2004,Norway,,Sundbyfoss,Benk-cup
3747,nsf/54,NSF,5/13/2000,Norway,,Halden,Kretsmesterskap
3748,nsf/540,NSF,3/6/2004,Norway,,Brumunddal,Seriestevne
3749,nsf/541,NSF,3/8/2004,Norway,,Halden,Klubbmesterskap
3750,nsf/542,NSF,3/13/2004,Norway,,Fræna,Seriestevne
3751,nsf/543,NSF,3/13/2004,Norway,,Haukelandshallen,Seriestevne
3752,nsf/544,NSF,3/13/2004,Norway,,Skoger,Kretsstevne
3753,nsf/546,NSF,3/26/2004,Norway,,Seiersten,Seriestevne
3754,nsf/547,NSF,3/27/2004,Norway,,,Seriestevne
3755,nsf/548,NSF,3/27/2004,Norway,,Skogn,Klubbstevne
3756,nsf/549,NSF,3/31/2004,Norway,,Haukelandshallen,Klubbstevne
3757,nsf/55,NSF,5/13/2000,Norway,,Sykkylven,Kretsmesterskap
3758,nsf/550,NSF,3/31/2004,Norway,,Ganddal,Seriestevne
3759,nsf/551,NSF,4/1/2004,Norway,,Sundbyfoss,Klubbstevne
3760,nsf/552,NSF,4/2/2004,Norway,,Røros,Seriestevne
3761,nsf/553,NSF,4/2/2004,Norway,,Melhus,Klubbmesterskap
3762,nsf/554,NSF,4/3/2004,Norway,,Fræna,Seriestevne
3763,nsf/555,NSF,4/7/2004,Norway,,Askim,Seriestevne
3764,nsf/558,NSF,4/17/2004,Norway,,Brumunddal,Seriestevne
3765,nsf/559,NSF,4/21/2004,Norway,,Sande,Seriestevne
3766,nsf/56,NSF,5/20/2000,Norway,,Spikkestad,Benkcup
3767,nsf/560,NSF,4/24/2004,Norway,,Rana,Seriestevne
3768,nsf/561,NSF,4/26/2004,Norway,,Frogner,Klubbstevne
3769,nsf/562,NSF,4/26/2004,Norway,,Lurahallen,Seriestevne
3770,nsf/563,NSF,4/27/2004,Norway,,Skoger,Klubbstevne
3771,nsf/564,NSF,4/29/2004,Norway,,Lurahallen,Seriestevne
3772,nsf/565,NSF,4/30/2004,Norway,,Halden,Seriestevne
3773,nsf/567,NSF,5/8/2004,Norway,,Haukelandshallen,KM
3774,nsf/568,NSF,5/8/2004,Norway,,Alta,Seriestevne
3775,nsf/569,NSF,5/8/2004,Norway,,Jørpeland,RM Benkpress
3776,nsf/57,NSF,5/24/2000,Norway,,Trondheim,Benkstevne
3777,nsf/570,NSF,5/15/2004,Norway,,Brumunddal,KM
3778,nsf/572,NSF,5/15/2004,Norway,,Ålesund,KM
3779,nsf/573,NSF,5/15/2004,Norway,,Sande,KM
3780,nsf/574,NSF,5/22/2004,Norway,,Lørenskoghallen,KM
3781,nsf/575,NSF,5/22/2004,Norway,,Lurahallen,KM
3782,nsf/576,NSF,5/22/2004,Norway,,Melhus,KM
3783,nsf/577,NSF,5/23/2004,Norway,,Holmestrand,Benk-cup
3784,nsf/578,NSF,5/29/2004,Norway,,Eikefjord,KM
3785,nsf/579,NSF,6/5/2004,Norway,,Skogn,Klubbstevne
3786,nsf/580,NSF,6/5/2004,Norway,,Skoger,Klubbstevne
3787,nsf/582,NSF,6/9/2004,Norway,,Oslo,Seriestevne
3788,nsf/583,NSF,6/10/2004,Norway,,Halden,Seriestevne
3789,nsf/584,NSF,6/12/2004,Norway,,Fræna,Seriestevne
3790,nsf/585,NSF,6/12/2004,Norway,,Askim,NM Lag 2004
3791,nsf/586,NSF,6/13/2004,Norway,,Sundbyfoss,Klubbstevne
3792,nsf/587,NSF,6/14/2004,Norway,,Fredrikstad,Klubbstevne
3793,nsf/588,NSF,6/16/2004,Norway,,Ganddal,Seriestevne
3794,nsf/589,NSF,6/16/2004,Norway,,Askim,Seriestevne
3795,nsf/59,NSF,5/27/2000,Norway,,Skogn,Kretsmesterskap
3796,nsf/591,NSF,6/19/2004,Norway,,Sande,Klubbmesterskap
3797,nsf/592,NSF,6/19/2004,Norway,,Gruben,Klubbstevne
3798,nsf/593,NSF,6/21/2004,Norway,,Melhus,Klubbmesterskap
3799,nsf/595,NSF,6/26/2004,Norway,,Brumunddal,KM Benkpress
3800,nsf/596,NSF,6/28/2004,Norway,,Frogner,Seriestevne
3801,nsf/597,NSF,6/30/2004,Norway,,Steinkjer,Klubbstevne
3802,nsf/599,NSF,7/29/2004,Norway,,Lurahallen,Seriestevne
3803,nsf/6,NSF,1/29/2000,Norway,,Alta,Nord-Norsk Mesterskap
3804,nsf/60,NSF,5/27/2000,Norway,,Brumunddal,Kretsmesterskap
3805,nsf/600,NSF,7/31/2004,Norway,,Sundbyfoss,Klubbstevne
3806,nsf/601,NSF,7/31/2004,Norway,,Gruben,Seriestvne
3807,nsf/602,NSF,8/7/2004,Norway,,Fræna,Seriestevne
3808,nsf/603,NSF,8/9/2004,Norway,,Grorud,Klubbstevne
3809,nsf/604,NSF,8/14/2004,Norway,,Brumunddal,Seriestevne
3810,nsf/605,NSF,8/21/2004,Norway,,Haukelandshallen,Klubbstevne
3811,nsf/607,NSF,8/28/2004,Norway,,Oslo,NM Benkpress
3812,nsf/608,NSF,9/4/2004,Norway,,Sande,Seriestevne
3813,nsf/61,NSF,5/27/2000,Norway,,Førde,Kretsmesterskap
3814,nsf/610,NSF,9/11/2004,Norway,,Skogn,Klubbstevne
3815,nsf/611,NSF,9/11/2004,Norway,,Brumunddal,Seriestevne
3816,nsf/613,NSF,9/13/2004,Norway,,Seiersten,Klubbstevne
3817,nsf/614,NSF,9/18/2004,Norway,,Sande,Benkstevne
3818,nsf/615,NSF,9/18/2004,Norway,,Bergen,KM benkpress
3819,nsf/616,NSF,9/25/2004,Norway,,Odderneshallen,Regionmesterskap
3820,nsf/617,NSF,9/26/2004,Norway,,Sundbyfoss,Kretsstevne
3821,nsf/618,NSF,9/27/2004,Norway,,Oslo,Seriestevne
3822,nsf/62,NSF,5/28/2000,Norway,,Oslo,Kretsmesterskap
3823,nsf/620,NSF,10/9/2004,Norway,,,Kalott mesterskap
3824,nsf/621,NSF,10/9/2004,Norway,,Fræna,Åpent stevne
3825,nsf/622,NSF,10/16/2004,Norway,,Oslo,Klubbmesterskap
3826,nsf/623,NSF,10/16/2004,Norway,,Ganddal,Åpent stevne
3827,nsf/624,NSF,10/16/2004,Norway,,Brumunddal,Seriestevne
3828,nsf/625,NSF,10/18/2004,Norway,,Halden,Seriestevne
3829,nsf/626,NSF,10/20/2004,Norway,,Askim,Seriestevne
3830,nsf/627,NSF,10/23/2004,Norway,,Sundbyfoss,KM-Lag
3831,nsf/628,NSF,10/23/2004,Norway,,Røros,RM
3832,nsf/629,NSF,10/25/2004,Norway,,Frogner,Seriestevne
3833,nsf/63,NSF,6/3/2000,Norway,,Halden,Benkcup
3834,nsf/630,NSF,10/25/2004,Norway,,Fredrikstad,Klubbstevne
3835,nsf/631,NSF,10/28/2004,Norway,,Lurahallen,Seriestevne
3836,nsf/632,NSF,10/30/2004,Norway,,Grubhei,Klubbstevne
3837,nsf/633,NSF,11/6/2004,Norway,,Brumunddal,Seriestevne
3838,nsf/634,NSF,11/6/2004,Norway,,Sande,Benkpress cup
3839,nsf/635,NSF,11/13/2004,Norway,,Kristiansand,Klubbstevne
3840,nsf/637,NSF,11/19/2004,Norway,,Fræna,Klubbstevne
3841,nsf/638,NSF,11/20/2004,Norway,,Oslo,NM Ungdom-Junior
3842,nsf/639,NSF,11/27/2004,Norway,,Halden,KM Benkpress
3843,nsf/64,NSF,6/3/2000,Norway,,Karmøy,Kretsmesterskap
3844,nsf/640,NSF,11/27/2004,Norway,,Florø,Julestevne
3845,nsf/641,NSF,11/27/2004,Norway,,Hammerfest,RM
3846,nsf/643,NSF,12/4/2004,Norway,,,Seriestevne
3847,nsf/645,NSF,12/11/2004,Norway,,Oslo,Julestevne
3848,nsf/646,NSF,12/11/2004,Norway,,Sande,Julestevne
3849,nsf/647,NSF,12/11/2004,Norway,,Rana,Julestevne
3850,nsf/648,NSF,12/11/2004,Norway,,Skogn,Klubbstevne
3851,nsf/649,NSF,12/18/2004,Norway,,Sandnes,Seriestevne
3852,nsf/65,NSF,6/3/2000,Norway,,Mo i Rana,Kretsmesterskap
3853,nsf/650,NSF,12/18/2004,Norway,,Fræna,Åpent stevne
3854,nsf/651,NSF,12/18/2004,Norway,,Skoger,Kretsstevne
3855,nsf/652,NSF,12/18/2004,Norway,,Melhus,KM-Benkpress
3856,nsf/653,NSF,12/22/2004,Norway,,Fredrikstad,Klubbstevne
3857,nsf/654,NSF,12/30/2004,Norway,,Ålesund,Åpent stevne
3858,nsf/655,NSF,1/7/2005,Norway,,Halden,Klubbmesterskap
3859,nsf/656,NSF,1/8/2005,Norway,,Skoger,Seriestevne
3860,nsf/657,NSF,1/15/2005,Norway,,Brumunddal,KM
3861,nsf/658,NSF,1/22/2005,Norway,,Sande,Cupfinale Styrkeløft-Cup
3862,nsf/659,NSF,1/27/2005,Norway,,Oddernes,Klubbstevne
3863,nsf/66,NSF,6/5/2000,Norway,,Kjeller,Seriestevne
3864,nsf/660,NSF,1/27/2005,Norway,,Sandnes,Seriestevne
3865,nsf/661,NSF,1/29/2005,Norway,,Askim,KM
3866,nsf/662,NSF,1/29/2005,Norway,,Haukelandshallen,KM
3867,nsf/663,NSF,1/29/2005,Norway,,Sande,KM Vestfold
3868,nsf/664,NSF,2/5/2005,Norway,,Melhus,Midt-norsk
3869,nsf/665,NSF,2/5/2005,Norway,,Alta,Finnmarksmesterskapet
3870,nsf/666,NSF,2/8/2005,Norway,,Lurahallen,Seriestevne
3871,nsf/667,NSF,2/12/2005,Norway,,Ganddal,Seriestevne
3872,nsf/669,NSF,2/18/2005,Norway,,Steinkjer,Åpent stevne
3873,nsf/67,NSF,6/7/2000,Norway,,Oslo,Klubbstevne
3874,nsf/670,NSF,2/19/2005,Norway,,Sande,Seriestevne
3875,nsf/671,NSF,2/21/2005,Norway,,Frogner,Klubbstevne
3876,nsf/672,NSF,2/21/2005,Norway,,Seiersten,Seriestevne
3877,nsf/673,NSF,2/22/2005,Norway,,Lørenskog,Seriestevne
3878,nsf/674,NSF,2/24/2005,Norway,,,Seriestevne
3879,nsf/675,NSF,2/25/2005,Norway,,Fræna,Åpent stevne
3880,nsf/676,NSF,2/26/2005,Norway,,,Klubbstevne
3881,nsf/677,NSF,2/26/2005,Norway,,,ER Open benkpress
3882,nsf/678,NSF,2/28/2005,Norway,,Halden,Klubbmesterskap
3883,nsf/679,NSF,3/5/2005,Norway,,,Klubbstevne
3884,nsf/68,NSF,6/9/2000,Norway,,Fredrikstad,Seriestevne
3885,nsf/680,NSF,3/5/2005,Norway,,Sande,Benk-cup
3886,nsf/682,NSF,3/26/2005,Norway,,Fræna,KM
3887,nsf/683,NSF,3/30/2005,Norway,,Ganddal,Seriestevne
3888,nsf/684,NSF,4/2/2005,Norway,,Brumunddal,Seriestevne
3889,nsf/685,NSF,4/8/2005,Norway,,Fræna,Klubbstevne
3890,nsf/686,NSF,4/9/2005,Norway,,Drammen,Seriestevne
3891,nsf/687,NSF,4/13/2005,Norway,,Askim,Seriestevne
3892,nsf/688,NSF,4/16/2005,Norway,,Sande,Nordisk ung/Jr.
3893,nsf/689,NSF,4/16/2005,Norway,,,Islandske mesterskap
3894,nsf/69,NSF,6/10/2000,Norway,,Sande,Klubbmesterskap
3895,nsf/690,NSF,4/18/2005,Norway,,Lurahallen,Klubbstevne
3896,nsf/691,NSF,4/18/2005,Norway,,Seiersten,Seriestevne
3897,nsf/692,NSF,4/19/2005,Norway,,Lørenskoghallen,Seriestevne
3898,nsf/693,NSF,4/21/2005,Norway,,Halden,Seriestevne
3899,nsf/694,NSF,4/23/2005,Norway,,Gruben,Klubbstevne
3900,nsf/696,NSF,4/23/2005,Norway,,Skogn,RM
3901,nsf/697,NSF,4/25/2005,Norway,,Frogner,Seriestevne
3902,nsf/699,NSF,4/30/2005,Norway,,Sande,Klubbstevne
3903,nsf/7,NSF,1/29/2000,Norway,,Sande,Kretsstevne
3904,nsf/700,NSF,5/7/2005,Norway,,,KM benkpress
3905,nsf/702,NSF,5/7/2005,Norway,,Odderneshallen,Klubbmesterskap
3906,nsf/703,NSF,5/7/2005,Norway,,Florø,Klubbstevne
3907,nsf/704,NSF,5/14/2005,Norway,,Ålesund,Åpent stevne
3908,nsf/705,NSF,5/14/2005,Norway,,Kirkenes,Kretsmesterskap
3909,nsf/706,NSF,5/20/2005,Norway,,Årnes,Klubbstevne
3910,nsf/707,NSF,5/20/2005,Norway,,Melhus,Klubbmesterskap
3911,nsf/708,NSF,5/20/2005,Norway,,Melhus,Klubbmesterskap
3912,nsf/709,NSF,5/20/2005,Norway,,Melhus,Klubbmesterskap
3913,nsf/71,NSF,6/17/2000,Norway,,Dokka,KM Benkpress
3914,nsf/710,NSF,5/28/2005,Norway,,Brumunddal,KM benkpress
3915,nsf/711,NSF,5/28/2005,Norway,,Gruben,Klubbstevne
3916,nsf/713,NSF,5/28/2005,Norway,,Holmestrand,Benk-Cup
3917,nsf/714,NSF,5/30/2005,Norway,,Halden,Seriestevne
3918,nsf/715,NSF,6/6/2005,Norway,,Oslo,Klubbstevne
3919,nsf/716,NSF,6/10/2005,Norway,,Fræna,NM Benkpress
3920,nsf/717,NSF,6/17/2005,Norway,,Steinkjer,Åpent stevne
3921,nsf/718,NSF,6/18/2005,Norway,,Sande,Klubbmesterskap
3922,nsf/719,NSF,6/18/2005,Norway,,Gruben,KM
3923,nsf/72,NSF,6/22/2000,Norway,,Sundbyfoss,Kretsstevne
3924,nsf/721,NSF,6/20/2005,Norway,,Frogner,Klubbstevne
3925,nsf/722,NSF,6/20/2005,Norway,,Seiersten,Seriestevne
3926,nsf/723,NSF,6/21/2005,Norway,,Halden,Seriestevne
3927,nsf/724,NSF,6/22/2005,Norway,,Askim,Seriestevne
3928,nsf/725,NSF,6/25/2005,Norway,,Skoger,Seriestevne
3929,nsf/726,NSF,6/25/2005,Norway,,Brumunddal,Seriestevne
3930,nsf/727,NSF,7/1/2005,Norway,,Fræna,Seriestevne
3931,nsf/73,NSF,6/26/2000,Norway,,Ulefoss,Markløftstevne
3932,nsf/731,NSF,7/28/2005,Norway,,Lurahallen,Klubbstevne
3933,nsf/733,NSF,8/6/2005,Norway,,Skoger,Seriestevne
3934,nsf/734,NSF,8/12/2005,Norway,,Ganddal,seriestevne
3935,nsf/735,NSF,8/13/2005,Norway,,Ganddal,Seriestevne
3936,nsf/736,NSF,8/20/2005,Norway,,Odderneshallen,Klubbstevne
3937,nsf/737,NSF,8/20/2005,Norway,,Brumunddal,Seriestevne
3938,nsf/738,NSF,9/3/2005,Norway,,Bergen,Klubbstevne
3939,nsf/74,NSF,6/29/2000,Norway,,Florø,KM Benkpress
3940,nsf/740,NSF,9/10/2005,Norway,,Sande,Seriestevne
3941,nsf/741,NSF,9/15/2005,Norway,,Hommersåk,Klubbstevne
3942,nsf/742,NSF,9/17/2005,Norway,,Fræna,Klubbstevne
3943,nsf/743,NSF,9/18/2005,Norway,,Haukelandshallen,Kretsstevne
3944,nsf/744,NSF,9/22/2005,Norway,,Ganddal,Seriestevne
3945,nsf/745,NSF,9/24/2005,Norway,,Oslo,Klubbmesterskap
3946,nsf/746,NSF,9/24/2005,Norway,,Brumunddal,Seriestevne
3947,nsf/747,NSF,9/24/2005,Norway,,Sande,Benk-cup
3948,nsf/748,NSF,9/26/2005,Norway,,Frogner,Klubbmesterskap
3949,nsf/749,NSF,10/3/2005,Norway,,Seiersten,Seriestevne
3950,nsf/75,NSF,6/30/2000,Norway,,Hommersåk,Seriestevne
3951,nsf/750,NSF,10/7/2005,Norway,,Steinkjer,Klubbstevne
3952,nsf/751,NSF,10/7/2005,Norway,,Fræna,Klubbstevne
3953,nsf/752,NSF,10/8/2005,Norway,,Skoger,Seriestevne
3954,nsf/754,NSF,10/12/2005,Norway,,Førde,Klubbstevne
3955,nsf/755,NSF,10/15/2005,Norway,,Sandnes,RM
3956,nsf/756,NSF,10/21/2005,Norway,,Seiersten,Seriestevne
3957,nsf/757,NSF,10/24/2005,Norway,,Lørenskog,Seriestevne
3958,nsf/758,NSF,10/24/2005,Norway,,Halden,Seriestevne
3959,nsf/759,NSF,10/26/2005,Norway,,Askim,Klubbstevne
3960,nsf/760,NSF,10/29/2005,Norway,,Hammerfest,RM
3961,nsf/761,NSF,10/29/2005,Norway,,Sande,Seriestevne
3962,nsf/763,NSF,11/11/2005,Norway,,Bergen,Ung/Jr og Veteran NM
3963,nsf/765,NSF,11/19/2005,Norway,,Odderneshallen,Klubbstevne
3964,nsf/766,NSF,11/19/2005,Norway,,Grubhei,Seriestevne
3965,nsf/767,NSF,11/19/2005,Norway,,Gruva,Klubbmesterskap
3966,nsf/768,NSF,11/21/2005,Norway,,Grorud,Seriestevne
3967,nsf/77,NSF,7/15/2000,Norway,,Ålesund,Klubbstevne
3968,nsf/770,NSF,11/25/2005,Norway,,Elnesvågen,Seriestevne
3969,nsf/771,NSF,11/25/2005,Norway,,Trondheim,Klubbstevne
3970,nsf/772,NSF,11/26/2005,Norway,,,Mestermøtet
3971,nsf/773,NSF,11/26/2005,Norway,,Sande,Benk-cup
3972,nsf/774,NSF,11/26/2005,Norway,,Brumunddal,Klubbmesterskap
3973,nsf/775,NSF,11/26/2005,Norway,,Askim,KM Benkpress
3974,nsf/777,NSF,12/8/2005,Norway,,Fræna,Seriestevne
3975,nsf/778,NSF,12/10/2005,Norway,,Gruben,Julestevne
3976,nsf/779,NSF,12/10/2005,Norway,,Stavanger,Julestevne
3977,nsf/78,NSF,7/21/2000,Norway,,Trondheim,Seriestevne Benk
3978,nsf/780,NSF,12/10/2005,Norway,,Hommersåk,Klubbstevne
3979,nsf/781,NSF,12/10/2005,Norway,,Frogner,NM Lag 2005
3980,nsf/782,NSF,12/10/2005,Norway,,Bergen,Julestevne
3981,nsf/783,NSF,12/10/2005,Norway,,Sande,Julestevne
3982,nsf/784,NSF,12/17/2005,Norway,,Skogn,Klubbstevne
3983,nsf/785,NSF,12/17/2005,Norway,,Varhol,Seriestevne
3984,nsf/786,NSF,12/17/2005,Norway,,Røros,Julestevne
3985,nsf/787,NSF,12/28/2005,Norway,,Seiersten,Julestevne
3986,nsf/790,NSF,1/14/2006,Norway,,Odderneshallen,Klubbstevne
3987,nsf/791,NSF,1/16/2006,Norway,,Seiersten,Seriestevne
3988,nsf/792,NSF,1/18/2006,Norway,,Askim,Seriestevne
3989,nsf/793,NSF,1/18/2006,Norway,,Askim,Benkstevne
3990,nsf/794,NSF,1/18/2006,Norway,,Ganddal,Seriestevne
3991,nsf/795,NSF,1/19/2006,Norway,,Halden,Seriestevne
3992,nsf/796,NSF,1/20/2006,Norway,,Varhol,Klubbstevne
3993,nsf/797,NSF,1/20/2006,Norway,,Steinkjer,Klubbstevne
3994,nsf/798,NSF,1/21/2006,Norway,,Bergen,Åpent stevne
3995,nsf/799,NSF,1/28/2006,Norway,,Skoger,Seriestevne
3996,nsf/8,NSF,2/5/2000,Norway,,Sundbyfoss,Kretsstevne
3997,nsf/80,NSF,8/11/2000,Norway,,Trondheim,Benkstevne
3998,nsf/800,NSF,1/28/2006,Norway,,Brumunddal,Klubbmesterskap
3999,nsf/801,NSF,2/4/2006,Norway,,Sande,KM
4000,nsf/802,NSF,2/4/2006,Norway,,Sande,KM benkpress
4001,nsf/803,NSF,2/4/2006,Norway,,Bergen,Klubbstevne
4002,nsf/804,NSF,2/7/2006,Norway,,Lørenskog,Seriestevne
4003,nsf/805,NSF,2/15/2006,Norway,,Brumunddal,Benkpresstevne
4004,nsf/806,NSF,2/16/2006,Norway,,Fræna,Benkpresstevne
4005,nsf/807,NSF,2/21/2006,Norway,,Alta,Finnmarkmesterskapet
4006,nsf/809,NSF,2/24/2006,Norway,,,ER-Equipment open
4007,nsf/81,NSF,8/12/2000,Norway,,Brumunddal,Seriestevne
4008,nsf/810,NSF,2/28/2006,Norway,,Gresvik,Seriestevne
4009,nsf/811,NSF,3/3/2006,Norway,,Varhol,Seriestevne
4010,nsf/812,NSF,3/8/2006,Norway,,Hommersåk,Klubbstevne
4011,nsf/813,NSF,3/11/2006,Norway,,Fræna,KM benkpress
4012,nsf/814,NSF,3/11/2006,Norway,,Sande,Benk-cup
4013,nsf/815,NSF,3/16/2006,Norway,,Halden,Klubbmesterskap
4014,nsf/816,NSF,3/20/2006,Norway,,Gresvik,Seriestevne
4015,nsf/817,NSF,3/22/2006,Norway,,Brumunddal,Benkpresstevne
4016,nsf/818,NSF,3/22/2006,Norway,,Brumunddal,Seriestevne
4017,nsf/819,NSF,3/25/2006,Norway,,,KM styrkeløft
4018,nsf/821,NSF,4/7/2006,Norway,,Fræna,Benkpresstevne
4019,nsf/822,NSF,4/12/2006,Norway,,,Seriestevne
4020,nsf/823,NSF,4/12/2006,Norway,,,Benkstevne
4021,nsf/824,NSF,4/14/2006,Norway,,Varhol,Benkpresstevne
4022,nsf/825,NSF,4/17/2006,Norway,,Lurahallen,Seriestevne
4023,nsf/827,NSF,4/22/2006,Norway,,Skogn,RM
4024,nsf/829,NSF,4/24/2006,Norway,,Frogner,Seriestevne
4025,nsf/83,NSF,8/26/2000,Norway,,Hof,NM Benkpress
4026,nsf/830,NSF,4/24/2006,Norway,,Gresvik,Seriestevne
4027,nsf/831,NSF,4/26/2006,Norway,,Brumunddal,Seriestevne
4028,nsf/832,NSF,4/26/2006,Norway,,Brumunddal,Benkpresstevne
4029,nsf/833,NSF,4/27/2006,Norway,,Halden,Seriestevne
4030,nsf/834,NSF,4/29/2006,Norway,,Skoger,Seriestevne
4031,nsf/835,NSF,4/29/2006,Norway,,Oddernes,Klubbstevne
4032,nsf/838,NSF,5/3/2006,Norway,,Hommersåk,Klubbstevne
4033,nsf/839,NSF,5/6/2006,Norway,,Bergen,Nordisk benkpress
4034,nsf/84,NSF,9/2/2000,Norway,,Ulefoss,Benk Cup
4035,nsf/841,NSF,5/10/2006,Norway,,,VM funksjonshemmede
4036,nsf/842,NSF,5/13/2006,Norway,,Holmestrand,Benk-cup
4037,nsf/843,NSF,5/13/2006,Norway,,Ålesund,KM
4038,nsf/844,NSF,5/19/2006,Norway,,Gruva,Klubbmesterskap
4039,nsf/845,NSF,5/20/2006,Norway,,Fræna,Benkstevne
4040,nsf/846,NSF,5/20/2006,Norway,,Brumunddal,KM
4041,nsf/847,NSF,5/20/2006,Norway,,Kirkenes,Kretsmesterskap
4042,nsf/849,NSF,6/1/2006,Norway,,Halden,Seriestevne
4043,nsf/85,NSF,9/4/2000,Norway,,Kjeller,Seriestevne
4044,nsf/850,NSF,6/3/2006,Norway,,Fagernes,KM benkpress
4045,nsf/851,NSF,6/3/2006,Norway,,Ganddal,Åpent stevne
4046,nsf/852,NSF,6/5/2006,Norway,,Lurahallen,Seriestevne
4047,nsf/854,NSF,6/10/2006,Norway,,Haukelandshallen,KM benkpress
4048,nsf/855,NSF,6/12/2006,Norway,,Gresvik,Seriestevne
4049,nsf/857,NSF,6/16/2006,Norway,,Stenkjer,Åpent stevne
4050,nsf/859,NSF,6/21/2006,Norway,,,Seriestevne
4051,nsf/860,NSF,6/23/2006,Norway,,Varhol,Åpent
4052,nsf/861,NSF,6/24/2006,Norway,,Frogner,Åpent stevne
4053,nsf/862,NSF,6/24/2006,Norway,,Brumunddal,Nasjonalt U/JR
4054,nsf/863,NSF,7/1/2006,Norway,,Skoger,Kretsstevne
4055,nsf/864,NSF,7/3/2006,Norway,,Lurahallen,Lagserie
4056,nsf/866,NSF,7/19/2006,Norway,,Brumunddal,Klubbstevne
4057,nsf/868,NSF,8/5/2006,Norway,,Skogn,Klubbstevne
4058,nsf/869,NSF,8/9/2006,Norway,,Brumunddal,Benkpresstevne
4059,nsf/87,NSF,9/13/2000,Norway,,Stavanger,Seriestevne
4060,nsf/871,NSF,8/12/2006,Norway,,Ulefoss,Seriestevne
4061,nsf/872,NSF,8/12/2006,Norway,,Ganddal,Klubbstevne
4062,nsf/873,NSF,8/19/2006,Norway,,Melhus,Klubbmesterskap
4063,nsf/874,NSF,8/26/2006,Norway,,Moss,NM benkpress
4064,nsf/875,NSF,9/9/2006,Norway,,Sande,Seriestevne
4065,nsf/878,NSF,9/13/2006,Norway,,Brumunddal,Seriestevne
4066,nsf/879,NSF,9/16/2006,Norway,,Trondheim,KM Trønderlag
4067,nsf/880,NSF,9/16/2006,Norway,,Haukelandshallen,Åpent Stevne
4068,nsf/881,NSF,9/18/2006,Norway,,Gressvik,Seriestevne
4069,nsf/882,NSF,9/23/2006,Norway,,Spikkestad,Benkpress-cup
4070,nsf/884,NSF,9/25/2006,Norway,,Frogner,Klubbmesterskap
4071,nsf/885,NSF,9/30/2006,Norway,,Gruben,Klubbstevne
4072,nsf/886,NSF,9/30/2006,Norway,,Oddernes,Klubbstevne
4073,nsf/887,NSF,10/2/2006,Norway,,Varhol,Åpent Stevne
4074,nsf/888,NSF,10/4/2006,Norway,,Oslo,Seriestevne
4075,nsf/89,NSF,9/16/2000,Norway,,Bergen,Seriestevne
4076,nsf/890,NSF,10/14/2006,Norway,,Bergen,Åpent stevne
4077,nsf/891,NSF,10/14/2006,Norway,,Brumunddal,Seriestevne
4078,nsf/892,NSF,10/14/2006,Norway,,Brumunddal,Benkpresstevne
4079,nsf/893,NSF,10/14/2006,Norway,,Reem,Klubbstevne
4080,nsf/894,NSF,10/18/2006,Norway,,Ganddal,Klubbstevne
4081,nsf/895,NSF,10/20/2006,Norway,,Fræna,Klubbmesterskap benkpress
4082,nsf/896,NSF,10/21/2006,Norway,,Sande,Syd-Norsk
4083,nsf/897,NSF,10/22/2006,Norway,,Sande,Syd-Norsk benkpress
4084,nsf/898,NSF,10/22/2006,Norway,,Varhol,Klubbstevne
4085,nsf/899,NSF,10/23/2006,Norway,,Lura,Klubbstevne
4086,nsf/9,NSF,2/6/2000,Norway,,Oslo,Landskamp
4087,nsf/90,NSF,9/16/2000,Norway,,Brumunddal,Seriestevne
4088,nsf/900,NSF,10/24/2006,Norway,,Lørenskog,Klubbmesterskap
4089,nsf/901,NSF,10/25/2006,Norway,,,Seriestevne
4090,nsf/902,NSF,10/26/2006,Norway,,Halden,Seriestevne
4091,nsf/903,NSF,10/28/2006,Norway,,Gruben,Klubbstevne
4092,nsf/904,NSF,10/28/2006,Norway,,Skoger,Kretsstevne
4093,nsf/905,NSF,10/31/2006,Norway,,Sande,Seriestevne
4094,nsf/907,NSF,11/16/2006,Norway,,Fræna,Klubbstevne
4095,nsf/908,NSF,11/18/2006,Norway,,Frogner,KM benkpress
4096,nsf/909,NSF,11/24/2006,Norway,,Molde,NM U/J/Vet.
4097,nsf/91,NSF,9/17/2000,Norway,,Sundbyfoss,Kretsstevne
4098,nsf/911,NSF,11/25/2006,Norway,,Odderneshallen,Klubbstevne
4099,nsf/912,NSF,11/27/2006,Norway,,Gresvik,Seriestevne
4100,nsf/913,NSF,12/1/2006,Norway,,Trondheim,Klubbstevne
4101,nsf/914,NSF,12/2/2006,Norway,,Sande,Benk-Cup
4102,nsf/915,NSF,12/2/2006,Norway,,Hommersåk,Seriestevne
4103,nsf/916,NSF,12/9/2006,Norway,,Haukelandshallen,Klubbstevne
4104,nsf/917,NSF,12/9/2006,Norway,,,Julestevne
4105,nsf/918,NSF,12/16/2006,Norway,,Grubhei,Julestevne
4106,nsf/919,NSF,12/16/2006,Norway,,Oslo,Nasjonalt julestevne
4107,nsf/92,NSF,9/22/2000,Norway,,Fredrikstad,Seriestevne
4108,nsf/920,NSF,12/16/2006,Norway,,Reemyra Skogn,Klubbstevne
4109,nsf/921,NSF,12/16/2006,Norway,,Aktiviteten,Klubbstevne
4110,nsf/922,NSF,12/20/2006,Norway,,,Klubbstevne
4111,nsf/923,NSF,12/22/2006,Norway,,Varhol,Seriestevne
4112,nsf/924,NSF,12/27/2006,Norway,,,Klubbstevne
4113,nsf/925,NSF,11/25/2006,Norway,,Grubhei,Klubbstevne
4114,nsf/927,NSF,1/13/2007,Norway,,Melhus,Midt-norsk
4115,nsf/928,NSF,1/13/2007,Norway,,Sande,Seriestevne
4116,nsf/929,NSF,1/16/2007,Norway,,Fræna,Seriestevne
4117,nsf/93,NSF,9/23/2000,Norway,,Sande,Kretsstevne
4118,nsf/930,NSF,1/20/2007,Norway,,Frogner,KM benkpress
4119,nsf/931,NSF,1/20/2007,Norway,,Frogner,KM
4120,nsf/932,NSF,1/20/2007,Norway,,Brumunddal,Klubbmesterskap
4121,nsf/933,NSF,1/20/2007,Norway,,Ganddal,Seriestevne
4122,nsf/934,NSF,1/27/2007,Norway,,,Åpent stevne
4123,nsf/935,NSF,1/30/2007,Norway,,Halden,Klubbmesterskap
4124,nsf/936,NSF,2/9/2007,Norway,,Hommersåk,Klubbstevne
4125,nsf/937,NSF,2/10/2007,Norway,,Sande,KM
4126,nsf/938,NSF,2/10/2007,Norway,,,Klubbstevne
4127,nsf/939,NSF,2/14/2007,Norway,,Sandnes,Lagserie
4128,nsf/94,NSF,9/30/2000,Norway,,Kristiansand,Regionsmesterskap
4129,nsf/940,NSF,2/17/2007,Norway,,Steinkjer,Klubbstevne
4130,nsf/941,NSF,2/20/2007,Norway,,Lørenskoghallen,Seriestevne
4131,nsf/942,NSF,2/20/2007,Norway,,Halden,Klubbmesterskap
4132,nsf/943,NSF,2/21/2007,Norway,,Brumunddal,Klubbstevne
4133,nsf/944,NSF,2/24/2007,Norway,,Spikkestad,Kretsstevne
4134,nsf/945,NSF,2/24/2007,Norway,,Rana,Klubbstevne
4135,nsf/946,NSF,2/27/2007,Norway,,Alta,Seriestevne
4136,nsf/947,NSF,2/28/2007,Norway,,Melhus,Klubbmesterskap
4137,nsf/949,NSF,3/8/2007,Norway,,Fræna,Klubbmesterskap
4138,nsf/95,NSF,10/14/2000,Norway,,Skogn,Regionsmesterskap
4139,nsf/950,NSF,3/17/2007,Norway,,Ørskog,KM
4140,nsf/951,NSF,3/17/2007,Norway,,Røros,Klubbstevne
4141,nsf/952,NSF,3/23/2007,Norway,,Rana,Klubbstevne
4142,nsf/953,NSF,3/24/2007,Norway,,Sande,Benk-cup
4143,nsf/954,NSF,3/24/2007,Norway,,Bergen,KM
4144,nsf/955,NSF,3/26/2007,Norway,,Frogner,Seriestevne
4145,nsf/956,NSF,3/28/2007,Norway,,Brumunddal,Seriestevne
4146,nsf/957,NSF,3/31/2007,Norway,,Ganddal,Seriestevne
4147,nsf/958,NSF,4/6/2007,Norway,,Varhol,Åpent stevne
4148,nsf/959,NSF,4/9/2007,Norway,,Fræna,Klubbstevne
4149,nsf/96,NSF,10/14/2000,Norway,,Stavanger,Klubbmesterskap
4150,nsf/960,NSF,4/11/2007,Norway,,Askim,Seriestevne
4151,nsf/961,NSF,4/13/2007,Norway,,Melhus,Klubbmesterskap
4152,nsf/962,NSF,4/14/2007,Norway,,Steinkjer,Klubbstevne
4153,nsf/963,NSF,4/14/2007,Norway,,Haukelandshallen,Åpent stevne
4154,nsf/964,NSF,4/21/2007,Norway,,Fræna,Åpent stevne
4155,nsf/966,NSF,4/21/2007,Norway,,Sande,Seriestevne
4156,nsf/967,NSF,4/21/2007,Norway,,Trondheim,Klubbstevne
4157,nsf/968,NSF,4/23/2007,Norway,,Alta,Serietevne
4158,nsf/969,NSF,4/23/2007,Norway,,Gressvik,Seriestevne
4159,nsf/970,NSF,4/24/2007,Norway,,Lørenskoghallen,Seriestevne
4160,nsf/971,NSF,4/26/2007,Norway,,Halden,Seriestevne
4161,nsf/972,NSF,4/28/2007,Norway,,Spikkestad,Seriestevne
4162,nsf/973,NSF,4/28/2007,Norway,,Hommersåk,Klubbstevne
4163,nsf/974,NSF,4/28/2007,Norway,,Grubhei,Klubbstevne
4164,nsf/975,NSF,4/28/2007,Norway,,Brumunddal,KM benkpress
4165,nsf/977,NSF,5/11/2007,Norway,,Fræna,Klubbstevne
4166,nsf/979,NSF,5/12/2007,Norway,,Varhol,Åpent stevne
4167,nsf/98,NSF,10/21/2000,Norway,,Hammerfest,Regionsmesterskap
4168,nsf/980,NSF,5/16/2007,Norway,,Førde,Åpent stevne
4169,nsf/981,NSF,5/19/2007,Norway,,Grubbhei,Seriestevne
4170,nsf/982,NSF,5/19/2007,Norway,,Ulefoss,Seriestevne/Benk-cup
4171,nsf/983,NSF,5/19/2007,Norway,,Brumunddal,Seriestevne
4172,nsf/984,NSF,5/21/2007,Norway,,Frogner,Seriestevne
4173,nsf/986,NSF,6/2/2007,Norway,,Brumunddal,Nasjonalt Ung og Jr
4174,nsf/987,NSF,6/6/2007,Norway,,Oslo,Seriestevne
4175,nsf/988,NSF,6/9/2007,Norway,,Hommersåk,RM
4176,nsf/989,NSF,6/9/2007,Norway,,Spikkestad,Åpent stevne
4177,nsf/99,NSF,10/21/2000,Norway,,Spikkestad,Kretsmesterskap for lag
4178,nsf/990,NSF,6/11/2007,Norway,,Bergen,Åpent stevne
4179,nsf/992,NSF,6/14/2007,Norway,,,EM Funksjonshemmede
4180,nsf/994,NSF,6/20/2007,Norway,,Askim,Seriestevne
4181,nsf/995,NSF,6/16/2007,Norway,,Grubhei,KM Benkpress
4182,nsf/996,NSF,6/12/2007,Norway,,Fræna,Klubbstevne
4183,nsf/997,NSF,6/16/2007,Norway,,Sande,Klubbmesterskap
4184,nsf/998,NSF,4/28/2007,Norway,,Odderneshallen,Klubbmesterskap
4185,nsf/999,NSF,5/19/2007,Norway,,Borås AK,Seriestevne
4186,nzpf/0301,NZPF,2/15/2003,New Zealand,WKO,Te Awamutu,Waikato/BOP Icebreaker
4187,nzpf/0501,NZPF,9/17/2005,New Zealand,WGN,Wellington,New Zealand Bench Press Champs
4188,nzpf/0601,NZPF,1/1/2006,New Zealand,NTL,Kerikeri,Northland Powerlifting Championships
4189,nzpf/0701,NZPF,7/1/2007,New Zealand,AKL,Auckland,Auckland Benchpress Champs
4190,nzpf/0702,NZPF,2/24/2007,New Zealand,NTL,Kerikeri,Qualifying contest
4191,nzpf/0703,NZPF,2/24/2007,New Zealand,WGN,Wellington,Powerhouse Novice Competition
4192,nzpf/0704,NZPF,3/10/2007,New Zealand,OTA,Dunedin,Otago Powerlifting Club Lift
4193,nzpf/0705,NZPF,4/28/2007,New Zealand,OTA,Dunedin,Otago Champs
4194,nzpf/0706,NZPF,1/1/2007,New Zealand,,,Central Districts Powerlifting Championships
4195,nzpf/0707,NZPF,4/21/2007,New Zealand,CAN,Timaru,New Zealand International Bench Press Selection
4196,nzpf/0708,NZPF,5/12/2007,New Zealand,NTL,Dargaville,Northland Bench Press Championships
4197,nzpf/0709,NZPF,10/27/2007,New Zealand,,,New Zealand Bench Press Champs
4198,nzpf/0710,NZPF,9/6/2007,New Zealand,WKO,Hamilton,WBOP Benchpress Champs
4199,nzpf/0711,NZPF,3/10/2007,New Zealand,CAN,Ashburton,Canterbury Bench Press Champs
4200,nzpf/0712,NZPF,4/7/2007,New Zealand,CAN,Christchurch,Canterbury 3 lift
4201,nzpf/0713,NZPF,4/28/2007,New Zealand,BOP,Tauranga,WBOP Champs
4202,nzpf/0714,NZPF,1/1/2007,New Zealand,,,South Island Championships
4203,nzpf/0801,NZPF,7/1/2008,New Zealand,AKL,Auckland,Auckland Benchpress Champs
4204,nzpf/0802,NZPF,5/3/2008,New Zealand,OTA,Dunedin,Otago Powerlifting Championships
4205,nzpf/0803,NZPF,5/17/2008,New Zealand,WKO,Hamilton,Waikato/BOP Benchpress Champs
4206,nzpf/0804,NZPF,4/26/2008,New Zealand,BOP,Tauranga,Waikato/BOP Champs
4207,nzpf/0805,NZPF,6/21/2008,New Zealand,BOP,Tauranga,North Island Champs
4208,nzpf/0806,NZPF,6/14/2008,New Zealand,OTA,Dunedin,South Island Powerlifting Championships
4209,nzpf/0807,NZPF,5/3/2008,New Zealand,OTA,Dunedin,Otago Powerlifting & Olympic Lifting Championships
4210,nzpf/0808,NZPF,5/17/2008,New Zealand,NTL,Kerikeri,Northland Bench Press Championships
4211,nzpf/0809,NZPF,3/29/2008,New Zealand,NTL,Dargaville,Northland Powerlifting Championships
4212,nzpf/0810,NZPF,1/1/2008,New Zealand,,,Central Districts Benchpress Championship
4213,nzpf/0811,NZPF,4/26/2008,New Zealand,,,Central Districts Championships
4214,nzpf/0812,NZPF,1/1/2008,New Zealand,CAN,,Canterbury Powerlifting Championships
4215,nzpf/0901,NZPF,5/1/2009,New Zealand,AKL,Auckland,Auckland 3-Lift Championships
4216,nzpf/0902,NZPF,6/1/2009,New Zealand,AKL,Auckland,Auckland/North Island Bench Champs
4217,nzpf/0903,NZPF,7/4/2009,New Zealand,OTA,Dunedin,Otago Southland Special Olympian Qualifier
4218,nzpf/0904,NZPF,5/2/2009,New Zealand,OTA,Dunedin,Otago Powerlifting Championships
4219,nzpf/0905,NZPF,3/23/2009,New Zealand,NTL,Kerikeri,Northland Powerlifting Championships
4220,nzpf/0906,NZPF,10/17/2009,New Zealand,CAN,Christchurch,National Bench Press Championship
4221,nzpf/1001,NZPF,3/7/2010,New Zealand,AKL,Auckland,Auckland Novice Champs
4222,nzpf/1002,NZPF,5/1/2010,New Zealand,AKL,Auckland,Auckland 3-Lift Championships
4223,nzpf/1003,NZPF,7/3/2010,New Zealand,AKL,Auckland,Auckland Benchpress Championships
4224,nzpf/1004,NZPF,7/25/2010,New Zealand,AKL,Auckland,Auckland Novice Championships
4225,nzpf/1005,NZPF,8/28/2010,New Zealand,AKL,Auckland,Auckland University Novice Championship
4226,nzpf/1006,NZPF,11/10/2010,New Zealand,WKO,,WBOP Novice Contest
4227,nzpf/1007,NZPF,7/3/2010,New Zealand,OTA,Dunedin,Special Olympian Otago Championships
4228,nzpf/1008,NZPF,11/13/2010,New Zealand,OTA,Dunedin,OAWLA Push-n-Pull
4229,nzpf/1009,NZPF,9/18/2010,New Zealand,OTA,Dunedin,Otago Amateur Weightlifting Association Club Bench Press
4230,nzpf/1010,NZPF,7/17/2010,New Zealand,OTA,Dunedin,Otago Amateur Weightlifting Association Club Bench Press
4231,nzpf/1011,NZPF,5/15/2010,New Zealand,BOP,Tauranga,WBOP 3 Lift Championship
4232,nzpf/1012,NZPF,3/20/2010,New Zealand,CAN,Canterbury,Canterbury Bench Press Championship
4233,nzpf/1013,NZPF,10/16/2010,New Zealand,NTL,Whangarei,National Bench Press Championships
4234,nzpf/1101,NZPF,3/5/2011,New Zealand,AKL,Auckland,Auckland 3-Lift Novice Championship
4235,nzpf/1102,NZPF,5/6/2011,New Zealand,AKL,Auckland,Auckland Powerlifting Championships
4236,nzpf/1103,NZPF,7/2/2011,New Zealand,AKL,Auckland,Auckland Benchpress Championships
4237,nzpf/1104,NZPF,7/23/2011,New Zealand,AKL,Auckland,Auckland 3-Lift & Benchpress Novice Competition
4238,nzpf/1105,NZPF,11/5/2011,New Zealand,AKL,Auckland,Auckland 3-Lift Novice Competition
4239,nzpf/1107,NZPF,2/5/2011,New Zealand,BOP,Mt Mauganui,2011 Ice Breaker
4240,nzpf/1108,NZPF,9/18/2011,New Zealand,WKO,Te Awamutu,Push Pull
4241,nzpf/1109,NZPF,5/28/2011,New Zealand,WKO,Hamilton,WBOP Benchpress Champs
4242,nzpf/1110,NZPF,4/16/2011,New Zealand,BOP,Tauranga,WBOP Champs
4243,nzpf/1111,NZPF,7/2/2011,New Zealand,OTA,Dunedin,Otago Special Olympic Powerlifting Championships
4244,nzpf/1112,NZPF,7/9/2011,New Zealand,OTA,Dunedin,Otago Weightlifting Club Bench Press -Special Olympic Athletes
4245,nzpf/1113,NZPF,9/3/2011,New Zealand,OTA,Dunedin,Otago Weightlifting Club Bench Press -Special Olympic Athletes
4246,nzpf/1114,NZPF,3/7/2011,New Zealand,OTA,Dunedin,Otago Powerlifting & Bench Press Championships
4247,nzpf/1115,NZPF,11/19/2011,New Zealand,STL,Balclutha,Southern Weightlifting Push-n-Pull
4248,nzpf/1116,NZPF,7/9/2011,New Zealand,OTA,Dunedin,Otago Amateur Weightlifting Association Bench Press Competition
4249,nzpf/1117,NZPF,1/29/2011,New Zealand,OTA,Dunedin,Otago Amateur Weightlifting Association Club Novice Bench Press
4250,nzpf/1118,NZPF,2/12/2011,New Zealand,STL,Invercargill,Invercargill City Powerlifting 3 lift
4251,nzpf/1119,NZPF,9/3/2011,New Zealand,OTA,Dunedin,Club Bench Press
4252,nzpf/1120,NZPF,3/19/2011,New Zealand,OTA,Dunedin,Club 3 Lift
4253,nzpf/1121,NZPF,10/29/2011,New Zealand,OTA,Dunedin,National Bench Press Championships
4254,nzpf/1201,NZPF,3/3/2012,New Zealand,AKL,Auckland,Auckland Raw Novice 3-Lift Competition
4255,nzpf/1202,NZPF,3/31/2012,New Zealand,AKL,Auckland,Auckland 3-Lift Powerlifting Championships
4256,nzpf/1203,NZPF,6/23/2012,New Zealand,AKL,Auckland,Auckland Benchpress Championships
4257,nzpf/1204,NZPF,7/14/2012,New Zealand,AKL,Auckland,South Auckland Novice Competition
4258,nzpf/1205,NZPF,11/17/2012,New Zealand,AKL,Auckland,South Auckland Novice 3- Lift & Benchpress Competition
4259,nzpf/1206,NZPF,11/3/2012,New Zealand,BOP,Taurange,2012 Classic Cup
4260,nzpf/1207,NZPF,2/27/2012,New Zealand,BOP,Tauranga,2012 Icebreaker
4261,nzpf/1208,NZPF,4/15/2012,New Zealand,BOP,Tauranga,WBOP Champs
4262,nzpf/1209,NZPF,5/12/2012,New Zealand,BOP,Hamilton,Waikato/BOP Benchpress Champs
4263,nzpf/1210,NZPF,9/22/2012,New Zealand,WKO,,WBOP Classic Champs
4264,nzpf/1211,NZPF,7/7/2012,New Zealand,OTA,Dunedin,Southern Weightlifting Special Olympic Powerlifting Championships
4265,nzpf/1212,NZPF,12/1/2012,New Zealand,OTA,Dunedin,Special Olympics Regional Summer Games
4266,nzpf/1213,NZPF,4/14/2012,New Zealand,OTA,Dunedin,Southern Weightlifting Provincial Championships
4267,nzpf/1214,NZPF,2/4/2012,New Zealand,OTA,Dunedin,New Zealand Masters Games
4268,nzpf/1215,NZPF,9/8/2012,New Zealand,OTA,Dunedin,Southern Weightlifting Gym Challenge
4269,nzpf/1216,NZPF,2/4/2012,New Zealand,OTA,Dunedin,Southern Weightlifting Club Lift
4270,nzpf/1217,NZPF,10/27/2012,New Zealand,WGN,Wellington,National Bench Press Championship
4271,nzpf/1301,NZPF,3/2/2013,New Zealand,AKL,Auckland,Auckland 3-Lift Novice Powerlifting Competition
4272,nzpf/1302,NZPF,4/13/2013,New Zealand,AKL,Auckland,Auckland 3-Lift Powerlifting Championships
4273,nzpf/1303,NZPF,6/8/2013,New Zealand,AKL,Auckland,Auckland Benchpress Championships
4274,nzpf/1304,NZPF,8/31/2013,New Zealand,AKL,Auckland,Auckland 3- Lift Powerlifting & Benchpress Competition
4275,nzpf/1305,NZPF,2/16/2013,New Zealand,BOP,Tauranga,2013 Ice Breaker and Benchpress Contest
4276,nzpf/1306,NZPF,5/18/2013,New Zealand,BOP,Tauranga,2013 Waikato BOP Benchpress Champs
4277,nzpf/1307,NZPF,4/20/2013,New Zealand,BOP,Tauranga,2013 Waikato/BOP Powerlifting Champs
4278,nzpf/1308,NZPF,10/13/2013,New Zealand,WKO,Te Awamutu,2013 W/BOP Powerlifting Classic Cup
4279,nzpf/1309,NZPF,6/7/2013,New Zealand,OTA,Dunedin,2013 Southern Weightlifting Special Olympic Provincial Powerlifting Championships
4280,nzpf/1310,NZPF,4/27/2013,New Zealand,OTA,Dunedin,2013 Southern Weightlifting Provincial Powerlifting Championships
4281,nzpf/1311,NZPF,4/27/2013,New Zealand,OTA,Dunedin,2013 Southern Weightlifting Provincial Bench Press Championships
4282,nzpf/1312,NZPF,8/31/2013,New Zealand,OTA,Dunedin,Southern Weightlifting Club Lift
4283,nzpf/1313,NZPF,3/9/2013,New Zealand,OTA,Dunedin,Southern Weightlifting Club Classic Lift
4284,nzpf/1314,NZPF,3/9/2013,New Zealand,CAN,Christchurch,New Zealand Bench Press Championships
4285,nzpf/1401,NZPF,3/1/2014,New Zealand,AKL,Auckland,Auckland 3- Lift Powerlifting & Benchpress Competition
4286,nzpf/1402,NZPF,4/5/2014,New Zealand,AKL,Auckland,Auckland Powerlifting Championships
4287,nzpf/1403,NZPF,5/24/2014,New Zealand,AKL,Auckland,Auckland Benchpress Championships
4288,nzpf/1404,NZPF,6/26/2014,New Zealand,AKL,Auckland,Auckland 3- Lift Powerlifting & Benchpress Novice Competition
4289,nzpf/1405,NZPF,11/8/2014,New Zealand,AKL,Auckland,Auckland 3-Lift & Benchpress Novice Competition
4290,nzpf/1406,NZPF,11/11/2014,New Zealand,WKO,Te Awamutu,WBOP Classic Cup
4291,nzpf/1407,NZPF,2/15/2014,New Zealand,BOP,Mount Maunganui,WBOP Ice Breaker
4292,nzpf/1408,NZPF,5/20/2014,New Zealand,WKO,Hamilton,WBOP Benchpress Champs
4293,nzpf/1409,NZPF,4/14/2014,New Zealand,WKO,Hamilton,WBOP Champs
4294,nzpf/1410,NZPF,7/19/2014,New Zealand,WGN,Hamilton,WBOP Powerlifting Novice Comp
4295,nzpf/1411,NZPF,4/26/2014,New Zealand,OTA,Dunedin,Southern Weightlifting Provincial Powerlifting Championships
4296,nzpf/1412,NZPF,4/26/2014,New Zealand,OTA,Dunedin,Southern Weightlifting Provincial Bench Press Championships
4297,nzpf/1413,NZPF,9/20/2014,New Zealand,OTA,Dunedin,Southern Weightlifting Club Lift
4298,nzpf/1414,NZPF,3/8/2014,New Zealand,OTA,Dunedin,Southern Weightlifting Club Lift
4299,nzpf/1415,NZPF,11/15/2014,New Zealand,OTA,Dunedin,Southern Weightlifting Club Lift
4300,nzpf/1416,NZPF,9/27/2014,New Zealand,AKL,Auckland,New Zealand Benchpress Championships
4301,nzpf/1501,NZPF,11/28/2015,New Zealand,CAN,Christchurch,Canterbury Raw Cup
4302,nzpf/1502,NZPF,3/7/2015,New Zealand,AKL,Auckland,Auckland 3- Lift Powerlifting & Benchpress Novice Competition
4303,nzpf/1503,NZPF,4/11/2015,New Zealand,AKL,Auckland,Auckland Powerlifting Championships
4304,nzpf/1504,NZPF,5/23/2014,New Zealand,AKL,Auckland,Auckland Benchpress Championships
4305,nzpf/1505,NZPF,7/25/2015,New Zealand,AKL,Auckland,Auckland 3- Lift Powerlifting & Benchpress Novice Competition
4306,nzpf/1506,NZPF,11/7/2015,New Zealand,AKL,Auckland,Auckland 3- Lift Powerlifting Club Competition
4307,nzpf/1507,NZPF,11/7/2015,New Zealand,AKL,Auckland,Auckland Record Breakers Championships
4308,nzpf/1508,NZPF,2/5/2015,New Zealand,BOP,Mt Maunganui,Icebreaker 2015
4309,nzpf/1509,NZPF,6/20/2015,New Zealand,WKO,Hamilton,WBOP Powerlifting Novice Comp
4310,nzpf/1510,NZPF,9/14/2015,New Zealand,BOP,Rotorua,Rotorua Novice Comp
4311,nzpf/1511,NZPF,1/1/2015,New Zealand,WKO,,WBOP Classic Cup
4312,nzpf/1512,NZPF,3/28/2015,New Zealand,,,WBOP Champs
4313,nzpf/1513,NZPF,6/27/2015,New Zealand,OTA,Dunedin,Special Olympics Ribbon Day Special
4314,nzpf/1514,NZPF,9/12/2015,New Zealand,STL,Invercargill,Special Olympics Ribbon Day Special
4315,nzpf/1515,NZPF,11/14/2015,New Zealand,OTA,Dunedin,Otago Weightlifting Push/Pull
4316,nzpf/1516,NZPF,2/14/2015,New Zealand,OTA,Dunedin,Southern Weightlifting Bench Press Championships
4317,nzpf/1517,NZPF,8/22/2015,New Zealand,OTA,Dunedin,Otago Weightlifting Club and Novice Lift
4318,nzpf/1518,NZPF,4/1/2015,New Zealand,OTA,Dunedin,Provincial Powerlifting Championships
4319,nzpf/1519,NZPF,9/26/2015,New Zealand,OTA,Dunedin,National Bench Press Championships
4320,nzpf/1601,NZPF,7/23/2016,New Zealand,OTA,Dunedin,Southern Powerlifting Club and Novice Bench Press Competition
4321,nzpf/1602,NZPF,7/23/2016,New Zealand,OTA,Dunedin,Southern Powerlifting Club and Novice Bench Press Competition
4322,nzpf/1603,NZPF,2/13/2016,New Zealand,OTA,Dunedin,Otago Weightlifting Club and Novice Lift
4323,nzpf/1604,NZPF,4/30/2016,New Zealand,OTA,Dunedin,Southern Powerlifting Provincial Championships
4324,nzpf/1605,NZPF,11/19/2016,New Zealand,OTA,Dunedin,Club/Novice Push-Pull
4325,nzpf/1606,NZPF,8/17/2016,New Zealand,CAN,Christchurch,NZPF National Champs
4326,nzpf/1607,NZPF,4/9/2016,New Zealand,CAN,Christchurch,Canterbury Powerlifting Championships
4327,nzpf/1608,NZPF,3/6/2016,New Zealand,AKL,Auckland,Auckland Powerlifting Club Competition
4328,nzpf/1609,NZPF,4/1/2016,New Zealand,AKL,Auckland,Auckland Powerlifting Championships
4329,nzpf/1610,NZPF,6/23/2016,New Zealand,AKL,Auckland,Auckland Benchpress Championships
4330,nzpf/1611,NZPF,7/23/2016,New Zealand,AKL,Auckland,Auckland 3- Lift Club Competition
4331,nzpf/1612,NZPF,11/5/2016,New Zealand,AKL,Auckland,Auckland Powerlifting Club Competition Competition
4332,nzpf/1613,NZPF,11/6/2016,New Zealand,AKL,Auckland,Auckland Powerlifting Record Breakers Competition
4333,nzpf/1614,NZPF,6/18/2016,New Zealand,,Whangarei,North Island 3 lift champs
4334,nzpf/1615,NZPF,3/22/2016,New Zealand,WKO,,Bench Wars
4335,nzpf/1616,NZPF,11/12/2016,New Zealand,WKO,Te Awamutu,Classic Cup
4336,nzpf/1617,NZPF,6/25/2016,New Zealand,WKO,Te Aroha,Te Aroha Novice Comp
4337,nzpf/1618,NZPF,2/13/2016,New Zealand,WKO,Taupo,Taupo Novice Comp
4338,nzpf/1619,NZPF,9/4/2016,New Zealand,BOP,Rotorua,WBOP Powerlifting 3-lift Champs
4339,nzpf/1620,NZPF,4/6/2016,New Zealand,WKO,Te Aroha,WBOP Benchpress Champs
4340,nzpf/1701,NZPF,4/8/2017,New Zealand,CAN,Christchurch,Canterbury Provincial Bench Champs
4341,nzpf/1702,NZPF,9/30/2017,New Zealand,CAN,Christchurch,Canterbury Raw Cup
4342,nzpf/1703,NZPF,4/8/2017,New Zealand,CAN,Christchurch,Canterbury Raw Championships
4343,nzpf/1704,NZPF,11/5/2017,New Zealand,AKL,Auckland,Auckland Powerlifting & Benchpress Club Competition
4344,nzpf/1705,NZPF,4/7/2017,New Zealand,AKL,Auckland,Auckland Powerlifting Championships
4345,nzpf/1706,NZPF,7/22/2017,New Zealand,AKL,Auckland,Auckland Benchpress Championships
4346,nzpf/1707,NZPF,11/5/2017,New Zealand,AKL,Auckland,Auckland Powerlifting Record Breakers
4347,nzpf/1708,NZPF,10/29/2017,New Zealand,AKL,Auckland,National Equipped Powerlifting Championships
4348,nzpf/1709,NZPF,10/29/2017,New Zealand,AKL,Auckland,NZ Record Breakers
4349,nzpf/1710,NZPF,2/18/2017,New Zealand,WKO,Te Aroha,Ice Breaker
4350,nzpf/1711,NZPF,5/28/2017,New Zealand,WKO,Te Aroha,WBOP Provincial Benchpress Champs
4351,nzpf/1712,NZPF,4/9/2017,New Zealand,BOP,Rotorua,WBOP 3 Lift Champs
4352,nzpf/1713,NZPF,6/10/2017,New Zealand,AKL,Auckland,North Island Powerlifting Championships
4353,nzpf/1714,NZPF,11/17/2017,New Zealand,WGN,Wellington,Bledisbro Powerhouse Open
4354,nzpf/1715,NZPF,4/29/2017,New Zealand,OTA,Dunedin,Southern Powerlifting Provincial Championships
4355,nzpf/1716,NZPF,11/18/2017,New Zealand,OTA,Dunedin,Southern Powerlifting Club and Novice Competition
4356,nzpf/1717,NZPF,9/9/2017,New Zealand,STL,Queenstown,Club and Novice 3-lift
4357,nzpf/1718,NZPF,3/11/2017,New Zealand,OTA,Dunedin,Southern Powerlifting Provincial Bench Press Championships
4358,nzpf/1719,NZPF,7/22/2017,New Zealand,OTA,Dunedin,Club and Novice Bench Press Competition
4359,nzpf/1720,NZPF,10/7/2017,New Zealand,NTL,Whangarei,New Zealand Benchpress Championships
4360,nzpf/9201,NZPF,12/6/1992,New Zealand,WKO,Hamilton,Waikato Championship
4361,nzpf/9301,NZPF,2/7/1993,New Zealand,MWT,Levin,Levin Bench Press Contest
4362,nzpf/9302,NZPF,3/6/1993,New Zealand,NTL,Kamo,Northland Championship
4363,nzpf/9303,NZPF,3/13/1993,New Zealand,OTA,Dunedin,Otago Championships
4364,nzpf/9304,NZPF,3/14/1993,New Zealand,CAN,,South Island Sports Day
4365,oceaniapf/1601,OceaniaPF,4/30/2016,Australia,VIC,Melbourne,Pacific Invitational I
4366,oceaniapf/1602,OceaniaPF,12/5/2016,New Zealand,,Christchurch,Asia & Oceania Equipped Womens Powerlifting Championships 2016
4367,oceaniapf/1603,OceaniaPF,12/8/2016,New Zealand,,Christchurch,Asia & Oceania Classic Mens Powerlifting Championships 2016
4368,oceaniapf/1604,OceaniaPF,12/6/2016,New Zealand,,Christchurch,Asia & Oceania Classic Womens Powerlifting Championships 2016
4369,oceaniapf/1605,OceaniaPF,12/6/2016,New Zealand,,Christchurch,Asia & Oceania Womens Benchpress Championships 2016
4370,oceaniapf/1606,OceaniaPF,12/6/2016,New Zealand,,Christchurch,Asia & Oceania Classic Men's Benchpress Championships 2016
4371,oceaniapf/1607,OceaniaPF,12/5/2016,New Zealand,,Christchurch,Asia & Oceania Equipped Men's Powerlifting Championships 2016
4372,oceaniapf/1701,OceaniaPF,12/9/2017,Singapore,,,Oceania Championships & Pacific Invitationals
4373,pa/0301,PA,3/1/2003,Australia,WA,Perth,WA Qualifying
4374,pa/0302,PA,3/29/2003,Australia,TAS,Hobart,Tasmania Qualifying
4375,pa/0303,PA,5/3/2003,Australia,WA,Perth,WA Titles
4376,pa/0304,PA,6/30/2003,Australia,VIC,Melbourne,Con v Con
4377,pa/0305,PA,10/25/2003,Australia,WA,Perth,WA Local Comp
4378,pa/0401,PA,2/21/2004,Australia,VIC,Melbourne,Southern Zone Open
4379,pa/0402,PA,4/26/2004,Australia,VIC,Melbourne,Flanders Championships
4380,pa/0403,PA,7/1/2004,Australia,VIC,Melbourne,Sharkey-Giffin Qualifier
4381,pa/0404,PA,7/17/2004,Australia,TAS,Launceston,Tasmanian Regional Launceston
4382,pa/0405,PA,9/18/2004,Australia,NSW,Sydney,Wynyard Invitational
4383,pa/0406,PA,1/1/2004,Australia,WA,Perth,WA Qualifier
4384,pa/0407,PA,1/1/2004,Australia,WA,Perth,WA State Championships
4385,pa/0701,PA,5/19/2007,Australia,TAS,Wynyard,Wynyard Open
4386,pa/0702,PA,11/24/2007,Australia,TAS,Wynyard,2007 Wynyard Cup
4387,pa/0703,PA,10/6/2007,Australia,WA,Cannington,Western Australia Open
4388,pa/0704,PA,4/15/2007,Australia,WA,,WA Qualifier
4389,pa/0705,PA,12/1/2007,Australia,VIC,Melbourne,2007 Victorian Extravaganza
4390,pa/0706,PA,3/10/2007,Australia,VIC,Mildura,Victorian-South Australian PL and BP Open and Murray River Challenge
4391,pa/0707,PA,8/25/2007,Australia,QLD,,UQ Powerlifting and Weightlifting Novice Competition
4392,pa/0708,PA,2/10/2007,Australia,QLD,,University of Queensland Powerlifting and Weightlifting Club Inc Novice Competition
4393,pa/0709,PA,8/25/2007,Australia,TAS,Launceston,Tasmanian Open
4394,pa/0710,PA,6/2/2007,Australia,NSW,Singleton,Singleton Strength Triathlon and Hunter Valley Bench Comp
4395,pa/0711,PA,7/28/2007,Australia,QLD,Brisbane,2007 Australian Open and Invitational Powerlifting Championships
4396,pa/0712,PA,4/28/2007,Australia,NSW,Homebush,2007 National Juniors and Masters and NSW Open and Blind Championships
4397,pa/0713,PA,6/9/2007,Australia,VIC,Broadmeadows,Battler's Open
4398,pa/0714,PA,4/22/2007,Australia,NSW,Sydney,Bring It On Youth Bench Press Competition
4399,pa/0801,PA,11/15/2008,Australia,TAS,Wynyard,Wynyard Open
4400,pa/0802,PA,6/14/2008,Australia,TAS,Wynyard,Wynyard Cup
4401,pa/0803,PA,10/25/2008,Australia,WA,Perth,2008 Wild West Challenge
4402,pa/0804,PA,5/31/2008,Australia,SA,Whyalla,Whyalla Challenge
4403,pa/0805,PA,11/29/2008,Australia,VIC,Colac,2008 Victorian Extravaganza
4404,pa/0806,PA,8/23/2008,Australia,QLD,Brisbane,2008 UQ Novice Competition
4405,pa/0807,PA,2/9/2008,Australia,QLD,,2008 QLD Masters & Juniors Competition
4406,pa/0808,PA,9/28/2008,Australia,QLD,Townsville,2008 Townsville Open
4407,pa/0809,PA,2/17/2008,Australia,NSW,Sydney,Sydney Open Powerlifting and Bench Press
4408,pa/0810,PA,10/19/2008,Australia,NSW,North Sydney,Sydney Grading Competition
4409,pa/0811,PA,4/14/2008,Australia,QLD,Townsville,2008 Suncorp Games
4410,pa/0812,PA,10/11/2008,Australia,SA,Mannum,South Australian Open
4411,pa/0813,PA,4/12/2008,Australia,SA,Port Pirie,South Australian Masters Games
4412,pa/0814,PA,5/17/2008,Australia,NSW,Singleton,2008 Singleton Strength Triathlon
4413,pa/0815,PA,11/30/2008,Australia,QLD,St. Lucia,2008 South East Challenge
4414,pa/0816,PA,4/26/2008,Australia,QLD,Brisbane,2008 Queensland Open
4415,pa/0817,PA,2/23/2008,Australia,SA,Port Pirie,Port Pirie Masters Come and Try Comp and Port Pirie Open
4416,pa/0818,PA,4/12/2008,Australia,WA,Perth,Perth Open
4417,pa/0819,PA,9/6/2008,Australia,NSW,Toronto,NSW Bench Press Open & Lake Macquarie Open
4418,pa/0820,PA,3/8/2008,Australia,NSW,,NSW Open Juniors & Masters Bench Press and Disabled Competition
4419,pa/0821,PA,2/16/2008,Australia,VIC,Melbourne,Melbourne Summer Bash
4420,pa/0822,PA,6/14/2008,Australia,VIC,Melbourne,Melbourne Novice Competition
4421,pa/0823,PA,11/23/2008,Australia,NSW,North Sydney,2008 Matti Tikka Open Powerlifting & Bench Press Championships
4422,pa/0824,PA,8/23/2008,Australia,TAS,Launceston,2008 Launceston Open
4423,pa/0825,PA,9/13/2008,Australia,VIC,Melbourne,Broadmeadows Novice Competition
4424,pa/0826,PA,4/13/2008,Australia,,,Bring It On Challenge
4425,pa/0827,PA,7/26/2008,Australia,NSW,Newcastle,2008 National Open and Blind Championships and Powerfest Classic
4426,pa/0828,PA,8/19/2008,Australia,VIC,Melbourne,2008 Australian Juniors Masters Intervarsity and ABSF Championships and Victorian Open
4427,pa/0829,PA,7/27/2008,Australia,NSW,Newcastle,2008 Australian Open Bench Press Championships and Benchfest Classic
4428,pa/0901,PA,10/3/2009,Australia,WA,Cannington,Wild West Challenge
4429,pa/0902,PA,6/20/2009,Australia,WA,Perth,Western Australia Open
4430,pa/0903,PA,4/18/2009,Australia,WA,Perth,2009 WA Qualifier
4431,pa/0904,PA,12/5/2009,Australia,WA,Cannington,WA Push Pull Challenge
4432,pa/0905,PA,8/13/2009,Australia,QLD,St. Lucia,UQ Novice Competition II
4433,pa/0906,PA,1/31/2009,Australia,QLD,St. Lucia,UQ Novice Championships
4434,pa/0907,PA,10/10/2009,Australia,TAS,Ulverstone,Ulverstone Open
4435,pa/0908,PA,3/29/2009,Australia,QLD,Townsville,Townsville Open
4436,pa/0909,PA,5/16/2009,Australia,TAS,Wynyard,Tasmanian Open
4437,pa/0910,PA,10/18/2009,Australia,NSW,Sydney,Sydney Bench Press Open
4438,pa/0911,PA,5/30/2009,Australia,SA,Mannum,South Australian Open
4439,pa/0912,PA,5/16/2009,Australia,NSW,Singleton,Singleton Strength Triathlon
4440,pa/0913,PA,11/28/2009,Australia,QLD,Beenleigh,SE Challenge
4441,pa/0914,PA,4/4/2009,Australia,VIC,Melbourne,2009 Australian Junior Championships and Intervarsity Championships and Melbourne Open
4442,pa/0915,PA,2/28/2009,Australia,VIC,Geelong,2009 Australian Masters Games and Masters Championships and Geelong Open
4443,pa/0916,PA,7/18/2009,Australia,NSW,Sydney,2009 Australian PL and BP Championships and Sydney PL and BP Classic
4444,pa/0917,PA,6/19/2009,Australia,QLD,Acacia Park,Acacia Park Novice Competition
4445,pa/0918,PA,2/21/2009,Australia,SA,Mannum,Country Open
4446,pa/0919,PA,2/15/2009,Australia,NSW,Sydney,February Might and Power
4447,pa/0920,PA,9/19/2009,Australia,VIC,Campbellfield,Global One Battler's Open
4448,pa/0921,PA,6/13/2009,Australia,VIC,Campbellfield,Global One Challenge
4449,pa/0922,PA,10/11/2009,Australia,SA,Mannum,Riverland Challenge
4450,pa/0923,PA,3/28/2009,Australia,QLD,Brisbane,2009 Queensland Open
4451,pa/0924,PA,3/7/2009,Australia,NSW,Toronto,NSW Open Juniors and Masters
4452,pa/0925,PA,11/21/2009,Australia,NSW,Sydney,Matti Tikka Challenge
4453,pa/0926,PA,2/14/2009,Australia,TAS,Launceston,Launceston Challenge
4454,pa/0927,PA,9/5/2009,Australia,NSW,Toronto,Lake Macquarie Open
4455,pa/0928,PA,9/27/2009,Australia,QLD,Townsville,John Hill Cup
4456,pa/0929,PA,12/12/2009,Australia,TAS,Hobart,Hobart Open
4457,pa/0930,PA,11/28/2009,Australia,VIC,Campbellfield,Global One Victorian Extravaganza
4458,pa/1001,PA,10/2/2010,Australia,WA,Perth,Wild West Challenge
4459,pa/1002,PA,12/4/2010,Australia,TAS,Launceston,Tassie Final Show of Strength
4460,pa/1003,PA,8/15/2010,Australia,QLD,St Lucia,Winter UQ Novice Competition
4461,pa/1004,PA,4/17/2010,Australia,WA,Cannington,Western Australia Open
4462,pa/1005,PA,4/11/2010,Australia,VIC,Hawthorn,Victorian Open
4463,pa/1006,PA,11/28/2010,Australia,VIC,Hawthorn,Victorian Extravaganza
4464,pa/1007,PA,6/12/2010,Australia,TAS,Wynyard,Tasmanian Open
4465,pa/1008,PA,2/28/2010,Australia,NSW,North Sydney,Sydney Powerlifting and Bench Press Open
4466,pa/1009,PA,1/30/2010,Australia,QLD,St Lucia,Summer UQ Novice Competition
4467,pa/1010,PA,9/19/2010,Australia,VIC,Hawthorn,Starting Strength Challenge
4468,pa/1011,PA,5/22/2010,Australia,NSW,Singleton,Singleton Strength Triathlon
4469,pa/1012,PA,10/27/2010,Australia,QLD,St Lucia,SE Challenge
4470,pa/1013,PA,10/9/2010,Australia,SA,Mannum,Riverland Challenge
4471,pa/1014,PA,3/27/2010,Australia,QLD,Brisbane,2010 Queensland Open
4472,pa/1015,PA,6/12/2010,Australia,WA,Karratha,Pilbara Powerfest
4473,pa/1016,PA,10/17/2010,Australia,NSW,North Sydney,North Sydney Bench Press Competition
4474,pa/1017,PA,2/20/2010,Australia,VIC,Campbellfield,Melbourne Summer Bash
4475,pa/1018,PA,12/4/2010,Australia,NSW,Bondi,Matti Tikka Challenge
4476,pa/1019,PA,3/20/2010,Australia,TAS,Launceston,Launceston Open
4477,pa/1020,PA,9/11/2010,Australia,TAS,Launceston,Launceston Novice Comp
4478,pa/1021,PA,9/4/2010,Australia,NSW,Toronto,Lake Macquarie Open
4479,pa/1022,PA,9/17/2010,Australia,QLD,Townsville,John Hill Cup
4480,pa/1023,PA,6/27/2010,Australia,VIC,Hawthorn,Hawk Novice Comp
4481,pa/1024,PA,3/27/2010,Australia,NSW,Toronto,Bristow Open
4482,pa/1025,PA,6/6/2010,Australia,NSW,Sydney,Bondi Beach Lift
4483,pa/1026,PA,3/14/2010,Australia,SA,Adelaide,Adelaide Classic
4484,pa/1027,PA,6/12/2010,Australia,QLD,St Lucia,Acacia Park Novice Comp
4485,pa/1028,PA,4/17/2010,Australia,QLD,Townsville,2010 Suncorp North Queensland Games International
4486,pa/1029,PA,4/11/2010,Australia,QLD,Townsville,2010 Suncorp North Queensland Games
4487,pa/1030,PA,7/24/2010,Australia,VIC,Melbourne,2010 Australian Open Powerlifting and Bench Press Championships and Intervarsity Championships
4488,pa/1031,PA,5/8/2010,Australia,SA,Mannum,2010 Australian Juniors and Masters Powerlifting and Bench Press Championships and ABSF Championships and South Australian Powerlifting and Bench Press Open
4489,pa/1101,PA,9/18/2011,Australia,VIC,Hawthorn,Starting Strength Challenge
4490,pa/1102,PA,2/27/2011,Australia,VIC,North Sydney,Sydney Open
4491,pa/1103,PA,3/27/2011,Australia,VIC,Hawthorn,Melbourne Powerlifting and Bench Press Open
4492,pa/1104,PA,9/24/2011,Australia,TAS,Launceston,Tassie Tough Cup
4493,pa/1105,PA,7/17/2011,Australia,NSW,Sydney,Hercules of the West RAW Championships
4494,pa/1106,PA,9/8/2011,New Caledonia,,Nouméa,2011 Pacific Games
4495,pa/1107,PA,3/26/2011,Australia,VIC,Melbourne,2011 Australian Raw Powerlifting and Bench Press Championships
4496,pa/1108,PA,4/30/2011,Australia,QLD,Townsville,Australian Juniors and Masters Powerlifting and Bench Press Championships and Art of Strength Raw Championships
4497,pa/1109,PA,10/15/2011,Australia,SA,Adelaide,2011 Australian Masters Games
4498,pa/1110,PA,7/20/2011,Australia,VIC,Melbourne,2011 Australian Powerlifting and Bench Press Championships and Pacific Invitational
4499,pa/1111,PA,8/14/2011,Australia,QLD,Brisbane,Acacia Park Winter Novice Powerlifting and Bench Press Competition
4500,pa/1112,PA,6/12/2011,Australia,QLD,Brisbane,Acacia Park Novice Powerlifting and Bench Press Competition
4501,pa/1113,PA,10/16/2011,Australia,QLD,Brisbane,Autumn UQ Novice Comp
4502,pa/1114,PA,2/26/2011,Australia,QLD,Townsville,The Powerlifting Contender
4503,pa/1115,PA,2/13/2011,Australia,VIC,Melbourne,Melbourne Summer Bash
4504,pa/1116,PA,10/8/2011,Australia,WA,Belmont,Wild West Challenge
4505,pa/1117,PA,3/19/2011,Australia,NSW,Caves Beach,Bristow Open and Lack Macquarie Master Games
4506,pa/1118,PA,6/4/2011,Australia,SA,Mannum,City vs Country
4507,pa/1119,PA,3/5/2011,Australia,SA,Adelaide,Fortus Classic
4508,pa/1120,PA,6/26/2011,Australia,VIC,Melbourne,Hawk Challenge
4509,pa/1121,PA,9/10/2011,Australia,QLD,Townsville,John Hill Cup
4510,pa/1122,PA,12/3/2011,Australia,NSW,North Sydney,Matti Tikka Challenge
4511,pa/1123,PA,9/30/2011,Australia,NSW,North Sydney,North Sydney Bench Press Comp
4512,pa/1124,PA,2/26/2011,Australia,WA,Karrartha,North West Challenge
4513,pa/1125,PA,3/27/2011,Australia,QLD,Jindalee,Queensland Powerlifting and Bench Press Open
4514,pa/1126,PA,11/27/2011,Australia,QLD,Brisbane,SE Challenge Powerlifting and Benchpress Championships
4515,pa/1127,PA,5/21/2011,Australia,NSW,Singleton,Raw Singleton Strength Triathlon
4516,pa/1128,PA,1/30/2011,Australia,QLD,Brisbane,Summer UQ Novice Comp
4517,pa/1129,PA,6/11/2011,Australia,TAS,Launceston,Tasmanian Open
4518,pa/1130,PA,9/3/2011,Australia,NSW,Toronto,Toronto Open
4519,pa/1131,PA,11/27/2011,Australia,VIC,Melbourne,Victorian Extravaganza
4520,pa/1132,PA,5/21/2011,Australia,WA,Belmont,WA Open
4521,pa/1133,PA,4/17/2011,Australia,NSW,Sydney,Western Sydney Hardcore Challenge
4522,pa/1201,PA,10/14/2012,Australia,QLD,Townsville,Townsville Open
4523,pa/1202,PA,4/1/2012,Australia,VIC,Melbourne,2012 Raw Pacific Invitational
4524,pa/1203,PA,9/16/2012,Australia,VIC,Hawthorn,Starting Strength Challenge
4525,pa/1204,PA,11/24/2012,Australia,QLD,Brisbane,Matti Tikka Challenge
4526,pa/1205,PA,10/13/2012,Australia,SA,Mannum,South Australian Open
4527,pa/1206,PA,10/13/2012,Australia,WA,Port Kennedy,Crossfit Armed Open
4528,pa/1207,PA,6/10/2012,Australia,VIC,Hawthorn,Hawk Challenge
4529,pa/1208,PA,3/24/2012,Australia,QLD,Fortitude Valley,Queensland Open
4530,pa/1209,PA,6/16/2012,Australia,SA,Monnum,City Vs Country
4531,pa/1210,PA,7/15/2012,Australia,NSW,West Sydney,Western Sydney Hardcore Challenge
4532,pa/1211,PA,4/29/2012,Australia,WA,Perth,WA Open
4533,pa/1212,PA,11/25/2012,Australia,VIC,Melbourne,Victorian Extravaganza
4534,pa/1213,PA,8/19/2012,Australia,NSW,Sydney,Total Strength Elite Max
4535,pa/1214,PA,10/18/2012,Australia,NSW,North Sydney,Sydney Heavy Metal Challenge
4536,pa/1215,PA,1/29/2012,Australia,QLD,Brisbane,2012 Summer UQ Novice Comp
4537,pa/1216,PA,6/2/2012,Australia,NSW,Newcastle,Strength Republic Open
4538,pa/1217,PA,7/7/2012,Australia,WA,Mt Hawthorn,Strength Club Open 2012
4539,pa/1218,PA,11/24/2012,Australia,WA,Mt Hawthorn,Strength Club Classic
4540,pa/1219,PA,4/22/2012,Australia,NSW,North Sydney,Performance Sports Open
4541,pa/1220,PA,5/19/2012,Australia,NSW,Singleton,Singleton Strength Triathlon
4542,pa/1221,PA,2/26/2012,Australia,NSW,North Sydney,North Sydney Open
4543,pa/1222,PA,10/21/2012,Australia,NSW,North Sydney,Monster Bench Press Competition
4544,pa/1223,PA,3/3/2012,Australia,VIC,Merbein,Mildura Open
4545,pa/1224,PA,2/12/2012,Australia,VIC,Melbourne,Melbourne Summer Bash
4546,pa/1225,PA,10/7/2012,Australia,NSW,West Sydney,Hercules of the West
4547,pa/1226,PA,3/17/2012,Australia,NSW,Caves Beach,Bristow Open
4548,pa/1227,PA,6/10/2012,Australia,QLD,Brisbane,Brisbane Cup
4549,pa/1228,PA,8/12/2012,Australia,QLD,Brisbane,Acacia Park Winter Novice Competition
4550,pa/1229,PA,10/14/2012,Australia,QLD,Brisbane,Acacia Park Autumn Novice Comp
4551,pa/1230,PA,6/24/2012,Australia,QLD,Townsville,2012 North Queensland Games
4552,pa/1231,PA,3/30/2012,Australia,VIC,Melbourne,2012 Australian Raw Powerlifting and Bench Press Championships and Australian Blind Championships
4553,pa/1232,PA,7/28/2012,Australia,NSW,Newcastle,2012 Australian Powerlifting and Bench Press Championships
4554,pa/1301,PA,3/23/2013,Australia,VIC,Melbourne,2013 Raw Pacific Invitational
4555,pa/1302,PA,9/14/2013,Australia,QLD,Gold Coast,Gold Coast Barbell Beach Bash
4556,pa/1303,PA,7/13/2013,Australia,QLD,Townsville,2013 Australian Equipped Powerlifting and Bench Press Championships
4557,pa/1304,PA,3/22/2013,Australia,VIC,Melbourne,2013 Australian Raw Powerlifting and Bench Press Championships and Blind Championships
4558,pa/1305,PA,10/12/2013,Australia,VIC,Geelong,2013 Australian Masters Games
4559,pa/1306,PA,10/20/2013,Australia,NSW,Sydney,HydroFit Open II Narellan
4560,pa/1307,PA,9/14/2013,Australia,NSW,Toronto,Toronto Open Championships
4561,pa/1308,PA,7/27/2013,Australia,WA,Mt Hawthorn,West Australian Open
4562,pa/1309,PA,4/20/2013,Australia,NSW,Sydney,Total Strength Elite Max II
4563,pa/1310,PA,5/18/2013,Australia,NSW,Singleton,Singleton Strength Triathlon
4564,pa/1311,PA,10/26/2013,Australia,WA,Rockingham,The Assassin Open
4565,pa/1312,PA,11/24/2013,Australia,NSW,Sydney,Matti Tikka Challenge
4566,pa/1313,PA,2/17/2013,Australia,VIC,Hawthorn,Melbourne Summer Bash
4567,pa/1314,PA,6/22/2013,Australia,SA,Mannum,South Australian Open
4568,pa/1315,PA,10/5/2013,Australia,QLD,Brisbane,Return of the Iron
4569,pa/1316,PA,11/16/2013,Australia,QLD,Townsville,Tropical Strength Challenge
4570,pa/1317,PA,3/10/2013,Australia,QLD,Gold Coast,Gold Coast Barbell Open
4571,pa/1318,PA,6/1/2013,Australia,NSW,Caves Beach,Newcastle Open
4572,pa/1319,PA,10/5/2013,Australia,VIC,Merbein,Murray River Challenge
4573,pa/1320,PA,2/9/2013,Australia,VIC,Mildura,Mildura Open
4574,pa/1321,PA,4/27/2013,Australia,QLD,Brisbane,Iron Fest Open
4575,pa/1322,PA,5/26/2013,Australia,VIC,Hawthorn,Hawk Challenge
4576,pa/1323,PA,12/1/2013,Australia,QLD,Brisbane,UQ Challenge
4577,pa/1324,PA,2/23/2013,Australia,QLD,Townsville,Tropical Frenzy
4578,pa/1325,PA,1/20/2013,Australia,QLD,Brisbane,Summer UQ Novice
4579,pa/1326,PA,8/10/2013,Australia,QLD,Brisbane,Strength Sports Challenge
4580,pa/1327,PA,4/27/2013,Australia,WA,Mt Hawthorn,Strength Club Open 2013
4581,pa/1328,PA,2/23/2013,Australia,NSW,Sydney,Southwest Strength Challenge
4582,pa/1329,PA,11/3/2013,Australia,ACT,Canberra,OneRepMax
4583,pa/1330,PA,7/14/2013,Australia,QLD,Townsville,North Queensland Challenge
4584,pa/1331,PA,8/25/2013,Australia,NSW,Penrith,His and Her's Power Challenge
4585,pa/1332,PA,6/30/2013,Australia,NSW,South Granville,Hercules of the West
4586,pa/1333,PA,10/12/2013,Australia,VIC,Geelong,Geelong Open
4587,pa/1334,PA,4/27/2013,Australia,ACT,Canberra,Capital Challenge
4588,pa/1335,PA,3/16/2013,Australia,NSW,Caves Beach,Bristow Open Caves Beach
4589,pa/1336,PA,6/2/2013,Australia,QLD,Brisbane,2013 UQ Brisbane Cup
4590,pa/1337,PA,8/18/2013,Australia,VIC,Hawthorn,Battler's Novice
4591,pa/1338,PA,12/1/2013,Australia,VIC,Hawthorn,Victorian Extravaganza
4592,pa/1401,PA,10/18/2014,Australia,NSW,Sydney,Pacific Challenge 2014
4593,pa/1402,PA,2/8/2014,Australia,VIC,Merbein,Mildura Open
4594,pa/1403,PA,2/16/2014,Australia,VIC,Hawthorn,Melbourne Summer Bash
4595,pa/1404,PA,2/16/2014,Australia,NSW,Narellan,Southwest Strength Challenge
4596,pa/1405,PA,4/4/2014,Australia,VIC,Melbourne,2014 Australian Raw Powerlifting Championships
4597,pa/1406,PA,4/5/2014,Australia,VIC,Melbourne,2014 Raw Pacific Invitational
4598,pa/1407,PA,2/22/2014,Australia,NSW,Bristow,Bristow Open
4599,pa/1408,PA,2/22/2014,Australia,QLD,St. Lucia,Summer UQ Novice
4600,pa/1409,PA,3/2/2014,Australia,NSW,Wollongong,Bergner Fitness Powerlifting Club Competition
4601,pa/1410,PA,3/22/2014,Australia,QLD,Brisbane,Strength Sports Gym Novice Powerlifting Challenge
4602,pa/1411,PA,3/23/2014,Australia,NSW,Kirrawee,Heavy Athletics Powerlifting
4603,pa/1412,PA,4/12/2014,Australia,WA,Perth,2014 Perth Open
4604,pa/1413,PA,4/27/2014,Australia,NSW,South Granville,Hercules of the West
4605,pa/1414,PA,4/27/2014,Australia,VIC,Melbourne,2014 Melbourne Easter Open
4606,pa/1415,PA,5/3/2014,Australia,VIC,Melbourne,Blind Powerlifting Workshop
4607,pa/1416,PA,5/3/2014,Australia,NSW,Caves Beach,Lake Macquarie Open
4608,pa/1417,PA,5/3/2014,Australia,QLD,Brisbane,UQ Challenge 2014
4609,pa/1418,PA,5/10/2014,Australia,SA,Adelaide,SA Open 2014
4610,pa/1419,PA,5/25/2014,Australia,VIC,Melbourne,Hawk Challenge
4611,pa/1420,PA,6/22/2014,Australia,NSW,Narellan,Hydrofit Open III
4612,pa/1421,PA,6/28/2014,Australia,NSW,Hamilton North,Newcastle Open
4613,pa/1422,PA,6/28/2014,Australia,QLD,Stafford,Queensland Cup
4614,pa/1423,PA,7/6/2014,Australia,VIC,Hawthorn,Winter Bash
4615,pa/1424,PA,7/19/2014,Australia,WA,Mount Hawthorn,Strength Club Classic
4616,pa/1425,PA,7/20/2014,Australia,NSW,Sydney,Australian Championship Qualifier
4617,pa/1426,PA,7/26/2014,Australia,VIC,Mildura,Australian Equipped Powerlifting and Bench Press Championships
4618,pa/1427,PA,8/11/2014,Australia,QLD,Albion,Iron Fest II
4619,pa/1428,PA,8/10/2014,Australia,ACT,Fyshwick,OneRepMax Challenge
4620,pa/1429,PA,8/17/2014,Australia,QLD,Rockhampton,Rockhampton Open
4621,pa/1430,PA,8/17/2014,Australia,NSW,Penrith,Xtreme Power Challenge
4622,pa/1431,PA,8/22/2014,Australia,VIC,Melbourne,Australian Raw Sub-Junior Junior Masters Powerlifting and BP Champinoships
4623,pa/1432,PA,8/22/2014,Australia,VIC,Melbourne,Melbourne Open
4624,pa/1433,PA,8/30/2014,Australia,NSW,Toronto,Toronto Open
4625,pa/1434,PA,9/20/2014,Australia,QLD,Brisbane,Strength Sports Powerlifting Challenge
4626,pa/1435,PA,9/21/2014,Australia,VIC,Hawthorn,Melbourne Spring Bash
4627,pa/1436,PA,9/28/2014,Australia,NSW,Wollongong,NSPC Raw Challenge
4628,pa/1437,PA,10/4/2014,Australia,VIC,Sunshine,RiseUp Challenge
4629,pa/1438,PA,10/11/2014,Australia,VIC,Swan Hill,Murray River Challenge
4630,pa/1439,PA,10/18/2014,Australia,NSW,Sydney,Matti Tikka Challenge
4631,pa/1440,PA,10/25/2014,Australia,WA,Perth,Clash of Clans
4632,pa/1441,PA,10/26/2014,Australia,QLD,Brisbane,Champions of Iron
4633,pa/1442,PA,11/29/2014,Australia,QLD,Brisbane,Summer UQ Novice II
4634,pa/1443,PA,11/22/2014,Australia,VIC,Keilor,Iron Revolution Cup
4635,pa/1444,PA,11/23/2014,Australia,VIC,Hawthorn,Strength and Fitness Australia Inter-University and Open Challenge
4636,pa/1445,PA,12/21/2014,Australia,NSW,Marrickville,Battle of the Titans and Southwest Strength Challenge
4637,pa/1501,PA,1/31/2015,Australia,WA,Perth,Barbarian Bash
4638,pa/1502,PA,1/31/2015,Australia,VIC,Mildura,Mildura Open
4639,pa/1503,PA,2/7/2015,Australia,QLD,Brisbane,Queensland Cup
4640,pa/1504,PA,2/8/2015,Australia,VIC,Sunshine North,2015 Rise Up Challenge
4641,pa/1505,PA,2/21/2015,Australia,NSW,Caves Beach,Bristow Open
4642,pa/1506,PA,2/22/2015,Australia,NSW,Redfern,Top Lifter
4643,pa/1507,PA,3/1/2015,Australia,NSW,Bulli,NSPC Mini Raw Open II
4644,pa/1508,PA,3/15/2015,Australia,VIC,Hawthorn,SFA Raw Talent Scout
4645,pa/1509,PA,3/21/2015,Australia,NSW,Penrith,Team Xtreme Viking Classic
4646,pa/1510,PA,3/22/2015,Australia,QLD,Brisbane,Iron Fest III
4647,pa/1511,PA,3/22/2015,Australia,QLD,Townsville,North Queensland Open
4648,pa/1512,PA,3/28/2015,Australia,SA,Adelaide,March Breakout
4649,pa/1513,PA,4/10/2015,Australia,VIC,Melbourne,2015 Australian Raw Powerlifting Championships
4650,pa/1514,PA,4/11/2015,Australia,VIC,Melbourne,Pacific Invitational
4651,pa/1515,PA,4/26/2015,Australia,VIC,Melbourne,ANZAC Cup
4652,pa/1516,PA,4/26/2015,Australia,NSW,Bulli,NSPC Mini Raw Open II
4653,pa/1517,PA,5/3/2015,Australia,NSW,Sydney,Top Lifter II
4654,pa/1518,PA,5/16/2015,Australia,VIC,Melbourne,Obsidian Open
4655,pa/1519,PA,5/16/2015,Australia,NSW,Toronto,Toronto Open
4656,pa/1520,PA,5/17/2015,Australia,QLD,Rockhampton,Victor Health Strength Classic
4657,pa/1521,PA,5/23/2015,Australia,VIC,Melbourne,Spartan's Cup Challenge
4658,pa/1522,PA,5/30/2015,Australia,QLD,Brisbane,Strength Sports Open
4659,pa/1523,PA,5/31/2015,Australia,WA,Perth,Perth Open
4660,pa/1524,PA,6/6/2015,Australia,NSW,Bulli,NSPC Night Challenge
4661,pa/1525,PA,6/7/2015,Australia,QLD,Brisbane,UQ Challenge
4662,pa/1526,PA,6/20/2015,Australia,SA,Adelaide,SA Open
4663,pa/1527,PA,6/21/2015,Australia,VIC,Melbourne,SFA Winter Open
4664,pa/1528,PA,6/21/2015,Australia,NSW,Redfern,Top Lifter III Day 1
4665,pa/1529,PA,6/27/2015,Australia,NSW,Bulli,NSPC Night Challenge II
4666,pa/1530,PA,6/28/2015,Australia,QLD,Cairns,NQ Open II
4667,pa/1531,PA,6/28/2015,Australia,NSW,Redfern,Top Lifter III Day 2
4668,pa/1532,PA,7/4/2015,Australia,QLD,Brisbane,Champions of Iron
4669,pa/1533,PA,7/18/2015,Australia,VIC,Melbourne,Obsidian Winter Night Open
4670,pa/1534,PA,7/25/2015,Australia,NSW,Newcastle,Australian Equipped National Championships
4671,pa/1535,PA,8/2/2015,Australia,QLD,Brisbane,UQ Strength Challenge
4672,pa/1536,PA,8/8/2015,Australia,NSW,Penrith,Odin's Trial
4673,pa/1537,PA,8/14/2015,Australia,VIC,Melbourne,Australian Bench Press Championships
4674,pa/1538,PA,8/14/2015,Australia,VIC,Carlton,Australian Junior Master Bench and Blind Championships
4675,pa/1539,PA,8/14/2015,Australia,VIC,Melbourne,Melbourne Open 2015
4676,pa/1540,PA,9/5/2015,Australia,QLD,Brisbane,Strength Sports Gym Powerlifting Challenge
4677,pa/1541,PA,9/6/2015,Australia,VIC,Melbourne,SFA Chan Challenge
4678,pa/1542,PA,9/6/2015,Australia,NSW,Redfern,Top Lifter IV
4679,pa/1543,PA,9/12/2015,Australia,QLD,Cairns,NQ Open 3
4680,pa/1544,PA,9/12/2015,Australia,WA,Perth,Pacific Invitational II
4681,pa/1545,PA,9/12/2015,Australia,WA,Perth,Perth Fitness and Health Expo Championships
4682,pa/1546,PA,9/19/2015,Australia,SA,Adelaide,SA Strength Classic
4683,pa/1547,PA,10/10/2015,Australia,SA,Adelaide,Australian Masters Games
4684,pa/1548,PA,10/11/2015,Australia,VIC,Melbourne,Obsidian Spring Open
4685,pa/1549,PA,10/16/2015,Australia,NSW,Sydney,Sydney Open
4686,pa/1550,PA,10/17/2015,Australia,NSW,Sydney,Pacific Invitational III
4687,pa/1551,PA,10/18/2015,Australia,QLD,Brisbane,UQ Spring Novice Challenge
4688,pa/1552,PA,10/24/2015,Australia,WA,Rockingham,Clash of Clans
4689,pa/1553,PA,10/24/2015,Australia,QLD,Brisbane,Brisbane Fitness and Health Expo
4690,pa/1554,PA,10/24/2015,Australia,QLD,Brisbane,Pacific Invitational IV
4691,pa/1555,PA,10/31/2015,Australia,ACT,Canberra,Capital Challenge
4692,pa/1556,PA,11/7/2015,Australia,QLD,Brisbane,BNB Barbell Bash
4693,pa/1557,PA,11/8/2015,Australia,NSW,Penrith,Matti Tikka Opal Challenge
4694,pa/1558,PA,11/22/2015,Australia,VIC,Melbourne,SFA 2nd Intervarsity and Open Powerlifting Championships
4695,pa/1559,PA,11/29/2015,Australia,QLD,Rockhampton,Vector Health Strength Classic III
4696,pa/1560,PA,12/5/2015,Australia,QLD,Cairns,NQ Open IV - Iron Strength
4697,pa/1561,PA,12/5/2015,Australia,QLD,Cairns,NQ Open IV - Iron Strength
4698,pa/1562,PA,12/5/2015,Australia,NSW,Fairy Meadow,NSPC End of Year Challenge
4699,pa/1563,PA,12/12/2015,Australia,QLD,Brisbane,Iron Underground - Rage Against Steel
4700,pa/1564,PA,12/12/2015,Australia,WA,Perth,Lifter's Den Open
4701,pa/1565,PA,12/20/2015,Australia,VIC,Melbourne,SFA Lift for Life Charity Challenge
4702,pa/1566,PA,12/27/2015,Australia,VIC,Melbourne,Obsidian Holiday Open
4703,pa/1601,PA,2/6/2016,Australia,WA,Rockingham,Gates of Valhalla
4704,pa/1602,PA,2/7/2016,Australia,VIC,Melbourne,That SFA Comp
4705,pa/1603,PA,2/7/2016,Australia,QLD,Brisbane,Crush the Iron
4706,pa/1604,PA,2/20/2016,Australia,NSW,Newcastle,Bristow Open
4707,pa/1605,PA,2/27/2016,Australia,VIC,Mildura,Mildura Open
4708,pa/1606,PA,4/23/2016,Australia,SA,Adelaide,Adelaide Open
4709,pa/1607,PA,9/18/2016,Australia,VIC,Melbourne,SFA Open
4710,pa/1608,PA,5/29/2016,Australia,NT,Darwin,Croc Classic
4711,pa/1609,PA,8/20/2016,Australia,NSW,Newcastle,Newcastle Open
4712,pa/1610,PA,8/5/2016,Australia,VIC,Melbourne,Melbourne Open 2016
4713,pa/1611,PA,7/24/2016,Australia,NSW,Sydney,Battle of the Titans
4714,pa/1612,PA,8/27/2016,Australia,QLD,Brisbane,BNB Blast II
4715,pa/1613,PA,7/10/2016,Australia,NSW,Sydney,Top Lifter III
4716,pa/1614,PA,4/30/2016,Australia,VIC,Melbourne,Melbourne Open 2016
4717,pa/1615,PA,7/23/2016,Australia,SA,Adelaide,Hostile Barbell Classic
4718,pa/1616,PA,8/13/2016,Australia,NSW,Bulli,NSPC Open II
4719,pa/1617,PA,3/13/2016,Australia,VIC,Melbourne,Obsidian Classic IV
4720,pa/1618,PA,6/5/2016,Australia,QLD,Brisbane,Iron Fest IV
4721,pa/1619,PA,6/18/2016,Australia,NSW,Penrith,Strength Nation Classic
4722,pa/1620,PA,8/20/2016,Australia,WA,Perth,Perth Open Championships
4723,pa/1621,PA,8/20/2016,Australia,WA,Perth,Pacific Invitational
4724,pa/1622,PA,5/22/2016,Australia,QLD,Brisbane,UQ Strength Challenge
4725,pa/1623,PA,3/6/2016,Australia,NSW,Sydney,Clean Health Cup
4726,pa/1624,PA,7/31/2016,Australia,NT,Darwin,Next Level Cup
4727,pa/1625,PA,7/23/2016,Australia,QLD,Brisbane,SSG Powerlifting Showdown
4728,pa/1626,PA,7/2/2016,Australia,NSW,Wollongong,Definition Strength Challenge
4729,pa/1627,PA,2/21/2016,Australia,NSW,Sydney,Top Lifter VI
4730,pa/1628,PA,4/24/2016,Australia,NSW,Sydney,Top Lifter II 2016
4731,pa/1629,PA,2/28/2016,Australia,NT,Darwin,Cyclone Challenge
4732,pa/1630,PA,3/5/2016,Australia,QLD,Townsville,North Queensland Open
4733,pa/1631,PA,3/12/2016,Australia,QLD,Brisbane,SSG Powerlifting Challenge
4734,pa/1632,PA,3/19/2016,Australia,ACT,Canberra,GymQuip Power Challenge
4735,pa/1633,PA,3/27/2016,Australia,QLD,Brisbane,UQ Challenge 2016
4736,pa/1634,PA,4/2/2016,Australia,NSW,Wollongong,NSPC Open
4737,pa/1635,PA,4/3/2016,Australia,NSW,Sydney,ACU Barbell Challenge
4738,pa/1636,PA,4/9/2016,Australia,WA,Joondalup,Lifters Labyrinth
4739,pa/1637,PA,4/16/2016,Australia,QLD,Cairns,BNB Blast
4740,pa/1638,PA,4/23/2016,Australia,QLD,Rockhampton,Live Strong - Remember the Anzacs
4741,pa/1639,PA,5/7/2016,Australia,NSW,Perth,Nordic Nightmare II
4742,pa/1640,PA,5/22/2016,Australia,VIC,Melbourne,Obsidian Strength V
4743,pa/1641,PA,5/22/2016,Australia,NSW,Sydney,Hercules of the Hills
4744,pa/1642,PA,5/28/2016,Australia,WA,Cockburn,ROAR'S RAMPAGE
4745,pa/1643,PA,6/4/2016,Australia,NSW,Wollongong,The Lab Test
4746,pa/1644,PA,6/25/2016,Australia,QLD,Cairns,NQ Open II
4747,pa/1645,PA,6/26/2016,Australia,VIC,Melbourne,SFA Lift for Life
4748,pa/1646,PA,8/5/2016,Australia,VIC,Melbourne,Australian Bench Press Championships 2016
4749,pa/1647,PA,8/5/2016,Australia,VIC,Melbourne,Australian Equipped Bench Press Championships 2016
4750,pa/1648,PA,8/5/2016,Australia,VIC,Melbourne,Australian Equipped Powerlifting Championships 2016
4751,pa/1649,PA,8/5/2016,Australia,VIC,Melbourne,Australian Juniors-Masters Championships 2016
4752,pa/1650,PA,8/28/2016,Australia,NSW,Penrith,Strength Nation Classic II
4753,pa/1651,PA,9/3/2016,Australia,QLD,Townsville,NQ Open III
4754,pa/1652,PA,9/11/2016,Australia,NSW,Sydney,Top Lifter IV
4755,pa/1653,PA,9/11/2016,Australia,QLD,Brisbane,UQ Open
4756,pa/1654,PA,9/3/2016,Australia,QLD,Townsville,NQ Open III
4757,pa/1655,PA,9/25/2016,Australia,NSW,Sydney,Hercules of the Hills II
4758,pa/1656,PA,10/2/2016,Australia,NT,Darwin,2016 Territory Open
4759,pa/1657,PA,10/1/2016,Australia,NSW,Sydney,ACU Barbell Club Challenge II
4760,pa/1658,PA,10/8/2016,Australia,WA,Perth,True Raw at Onyx
4761,pa/1659,PA,10/21/2016,Australia,QLD,Brisbane,2016 Australian Open Championships
4762,pa/1660,PA,12/4/2016,Australia,NSW,Sydney,City Strength Open 2016
4763,pa/1661,PA,11/12/2016,Australia,QLD,Brisbane,SSG Open
4764,pa/1662,PA,11/19/2016,Australia,NSW,Sydney,2016 Matti Tikka Powerlifting Championships
4765,pa/1663,PA,11/20/2016,Australia,VIC,Melbourne,SFA Intervarsity Challenge
4766,pa/1664,PA,12/11/2016,Australia,NSW,Wollongong,NSPC Open III
4767,pa/1665,PA,12/4/2016,Australia,QLD,Cairns,NQ Open IV
4768,pa/1666,PA,11/26/2016,Australia,TAS,Hobart,Raw Strength Open
4769,pa/1667,PA,11/19/2016,Australia,NSW,Sydney,2016 Matti Tikka Powerlifting Championships
4770,pa/1668,PA,11/19/2016,Australia,SA,Adelaide,Adelaide Open III
4771,pa/1669,PA,12/17/2016,Australia,QLD,Brisbane,Unchain the Iron
4772,pa/1670,PA,12/4/2016,Australia,NSW,Sydney,City Strength Open 2016
4773,pa/1671,PA,12/18/2016,Australia,NSW,Penrith,Team XP Xmas Comp
4774,pa/1672,PA,12/17/2016,Australia,ACT,Canberra,Capital Christmas Challenge
4775,pa/1673,PA,12/17/2016,Australia,WA,Perth,Lifters Labyrinth II
4776,pa/1674,PA,11/27/2016,Australia,NSW,Sydney,Top Lifter V
4777,pa/1675,PA,12/18/2016,Australia,VIC,Melbourne,Obsidian Xmas Showdown
4778,pa/1701,PA,2/4/2017,Australia,QLD,Brisbane,BNB Blast III
4779,pa/1702,PA,2/5/2017,Australia,VIC,Melbourne,New Year Strength Challenge
4780,pa/1703,PA,2/5/2017,Australia,NSW,Sydney,Top Lifter I
4781,pa/1704,PA,2/11/2017,Australia,NSW,Sydney,Viking Night Raid
4782,pa/1705,PA,2/26/2017,Australia,NSW,Sydney,City Strength HQ Open II
4783,pa/1706,PA,2/26/2017,Australia,NT,Darwin,Cyclone Challenge 2017
4784,pa/1707,PA,2/26/2017,Australia,VIC,Melbourne,Obsidian Showdown Open Day Challenge 2017
4785,pa/1708,PA,2/5/2017,Australia,VIC,Melbourne,New Year Strength Challenge
4786,pa/1709,PA,2/26/2017,Australia,VIC,Melbourne,Obsidian Showdown Open Day Challenge 2017
4787,pa/1710,PA,2/26/2017,Australia,QLD,Brisbane,UQ Open 1
4788,pa/1711,PA,3/4/2017,Australia,NSW,Newcastle,Bristow Open
4789,pa/1712,PA,3/4/2017,Australia,QLD,Townsville,NQ Open 1
4790,pa/1713,PA,2/26/2017,Australia,VIC,Melbourne,Obsidian Showdown Open Day Challenge 2017
4791,pa/1714,PA,3/11/2017,Australia,NSW,Wollongong,NSPC Open 1
4792,pa/1715,PA,3/18/2017,Australia,ACT,Canberra,Capital Challenge
4793,pa/1716,PA,3/18/2017,Australia,WA,Perth,Barbarian Conquest
4794,pa/1717,PA,4/2/2017,Australia,NSW,Penrith,Matti Tikka 2017
4795,pa/1718,PA,4/1/2017,Australia,TAS,Hobart,Hobart Open
4796,pa/1719,PA,4/1/2017,Australia,QLD,Brisbane,SSG Open
4797,pa/1720,PA,3/19/2017,Australia,VIC,Melbourne,Obsidian Showdown II
4798,pa/1721,PA,4/23/2017,Australia,NT,Darwin,Southern Steel Showdown
4799,pa/1722,PA,4/22/2017,Australia,VIC,Melbourne,JPS Open
4800,pa/1724,PA,4/22/2017,Australia,QLD,Brisbane,Iron Fest V
4801,pa/1725,PA,4/2/2017,Australia,VIC,Melbourne,Chan Challenge
4802,pa/1726,PA,4/29/2017,Australia,NSW,Sydney,2017 Pacific Invitational
4803,pa/1727,PA,4/30/2017,Australia,NSW,Sydney,2017 Pacific Invitational Bench Press
4804,pa/1728,PA,4/30/2017,Australia,NSW,Sydney,2017 Pro Deadlift
4805,pa/1729,PA,4/28/2017,Australia,NSW,Sydney,Sydney Open
4806,pa/1730,PA,5/20/2017,Australia,QLD,Brisbane,BNB Bash III
4807,pa/1731,PA,5/21/2017,Australia,VIC,Melbourne,Obsidian Showdown III
4808,pa/1732,PA,5/6/2017,Australia,WA,Perth,True Raw II
4809,pa/1733,PA,6/4/2017,Australia,VIC,Melbourne,The Strength Fortress Open
4810,pa/1734,PA,5/14/2017,Australia,NSW,Syndey,Top Lifter II
4811,pa/1735,PA,5/21/2017,Australia,NSW,Sydney,Top Lifter III
4812,pa/1736,PA,6/11/2017,Australia,NSW,Sydney,Power Elite Open
4813,pa/1737,PA,5/27/2017,Australia,QLD,Rockhampton,Lionheart Barbell Club Open
4814,pa/1738,PA,6/25/2017,Australia,NSW,Sydney,Odin's Trial
4815,pa/1739,PA,6/24/2017,Australia,QLD,Brisbane,BNB Blast IV
4816,pa/1740,PA,7/1/2017,Australia,QLD,Cairns,NQ Open II
4817,pa/1741,PA,6/18/2017,Australia,VIC,Melbourne,SFA Lift for Life Charity Challenge
4818,pa/1742,PA,7/2/2017,Australia,NSW,Sydney,City Strength HQ Open III
4819,pa/1743,PA,6/18/2017,Australia,VIC,Melbourne,Lift for Life Charity Challenge
4820,pa/1744,PA,7/9/2017,Australia,VIC,Melbourne,Avia Performance Winter Challenge
4821,pa/1745,PA,7/15/2017,Australia,NSW,Wollongong,NSPC Open II
4822,pa/1746,PA,7/23/2017,Australia,QLD,Brisbane,UQ Open II
4823,pa/1747,PA,7/22/2017,Australia,WA,Perth,Barbarian Invasion
4824,pa/1748,PA,8/4/2017,Australia,VIC,Melbourne,Melbourne Open
4825,pa/1749,PA,7/30/2017,Australia,NSW,Sydney,Top Lifter IV
4826,pa/1750,PA,8/12/2017,Australia,QLD,Brisbane,Return of the Iron
4827,pa/1751,PA,8/12/2017,Australia,QLD,Brisbane,Equipped National Championships 2017
4828,pa/1752,PA,8/12/2017,Australia,QLD,Brisbane,Equipped National Bench Press Championships 2017
4829,pa/1753,PA,8/4/2017,Australia,VIC,Melbourne,Australian Junior / Masters Championships
4830,pa/1754,PA,8/4/2017,Australia,VIC,Melbourne,Australian Bench Press Championships 2017
4831,pa/1755,PA,8/20/2017,Australia,NSW,Sydney,Power Elite Open II
4832,pa/1756,PA,8/27/2017,Australia,VIC,Melbourne,Strength Fortress Open II
4833,pa/1757,PA,9/3/2017,Australia,QLD,Brisbane,UQ Open III
4834,pa/1758,PA,9/10/2017,Australia,NT,Darwin,Territory Open
4835,pa/1759,PA,9/24/2017,Australia,VIC,Melbourne,Chan Challenge II
4836,pa/1760,PA,9/24/2017,Australia,NSW,Sydney,Hercules of the West
4837,pa/1761,PA,9/23/2017,Australia,QLD,Brisbane,BNB Bash IV
4838,pa/1762,PA,9/9/2017,Australia,QLD,Townsville,Iron Redemption
4839,pa/1763,PA,9/16/2017,Australia,ACT,Canberra,Capital Spring Challenge
4840,pa/1764,PA,9/10/2017,Australia,NSW,Sydney,Top Lifter V
4841,pa/1765,PA,10/8/2017,Australia,NSW,Sydney,Viking Solstice
4842,pa/1766,PA,10/13/2017,Australia,VIC,Melbourne,2017 Australia National Open Championships
4843,pa/1767,PA,10/1/2017,Australia,NSW,Sydney,City Strength HQ Open IV
4844,pa/1768,PA,10/21/2017,Australia,QLD,Brisbane,Brisbane Open
4845,pa/1769,PA,10/21/2017,Australia,WA,Perth,Intrepidus Showdown
4846,pa/1770,PA,10/29/2017,Australia,NSW,Sydney,Power Elite Open
4847,pa/1771,PA,11/5/2017,Australia,NT,Darwin,Next Level Cup
4848,pa/1772,PA,10/27/2017,Australia,TAS,Ulverstone,Australian Masters Games
4849,pa/1773,PA,11/5/2017,Australia,VIC,Melbourne,Obsidian Strength Showdown IV
4850,pa/1774,PA,11/18/2017,Australia,NSW,Newcastle,NSN High Performance Open
4851,pa/1775,PA,11/18/2017,Australia,QLD,Brisbane,SSG Open II
4852,pa/1776,PA,11/19/2017,Australia,VIC,Melbourne,Avia Performance Spring Open
4853,pa/1777,PA,11/19/2017,Australia,VIC,Melbourne,SFA 4th Intervarsity Competition
4854,pa/1778,PA,11/26/2017,Australia,NSW,Sydney,City Strength Open V
4855,pa/1779,PA,12/9/2017,Australia,QLD,Cairns,Deep North Challenge
4856,pa/1780,PA,12/9/2017,Australia,QLD,Brisbane,Xmas Iron Throwdown
4857,pa/1781,PA,12/3/2017,Australia,VIC,Melbourne,JPS Open II
4858,pa/1782,PA,12/9/2017,Australia,ACT,Canberra,The Strength Syndicate End of Year Bash
4859,pa/1783,PA,12/10/2017,Australia,TAS,Hobart,Raw Strength Championships
4860,pa/1784,PA,12/2/2017,Australia,WA,Perth,True Raw II
4861,pa/1785,PA,12/17/2017,Australia,VIC,Melbourne,The Strength Fortress End of Year Challenge
4862,pa/1786,PA,12/17/2017,Australia,NSW,Sydney,Viking Yule Challenge
4863,pa/1787,PA,12/10/2017,Australia,VIC,Melbourne,Just Strong
4864,pa/1788,PA,12/16/2017,Australia,QLD,Brisbane,BNB Blast V
4865,pa/1789,PA,12/2/2017,Australia,QLD,Rockhampton,Bend Steel
4866,proraw/001,ProRaw,1/29/2011,Australia,VIC,Melbourne,ProRawOne
4867,proraw/002,ProRaw,10/8/2011,Australia,VIC,Melbourne,ProRawTwo
4868,proraw/003,ProRaw,1/28/2012,Australia,VIC,Melbourne,ProRawThree
4869,proraw/004,ProRaw,11/9/2012,Australia,VIC,Melbourne,ProRawFour
4870,proraw/005,ProRaw,11/16/2013,Australia,VIC,Melbourne,ProRawFive
4871,proraw/006,ProRaw,9/12/2014,Australia,VIC,Melbourne,ProRawSix
4872,proraw/007,ProRaw,11/15/2015,Australia,VIC,Carrum Downs,ProRawSeven
4873,proraw/008,ProRaw,3/18/2016,Australia,VIC,Melbourne,Arnold Classic ProRawEight
4874,proraw/009,ProRaw,3/18/2017,Australia,VIC,Melbourne,ProRawNine
4875,proraw/bigdogs,ProRaw,10/29/2016,Australia,VIC,Frankston,Big Dogs
4876,proraw/bigdogs2,ProRaw,10/15/2017,Australia,VIC,Frankston,Big Dogs 2
4877,raw/1301,RAW,10/12/2013,USA,PA,Quakertown,Keystone Ironman Challenge 2013
4878,raw/1601,RAW,1/9/2016,Canada,AB,Calgary,Prairie Power Open
4879,raw/1602,RAW,5/14/2016,USA,VA,Roanoake,Southwestern Virginia Open
4880,raw/1603,RAW,9/16/2016,USA,VA,Zion Crossroads,Mid-Atlantic Regional
4881,raw/1604,RAW,9/11/2016,USA,PA,Bigler,Central PA Open
4882,raw/1605,RAW,9/10/2016,USA,NC,Cary,Fall Festival of Power
4883,raw/1606,RAW,8/20/2016,USA,NY,Nichols,Empire State Open
4884,raw/1701,RAW,3/18/2017,USA,VA,Zion Crossroads,United States Single Lifts Open
4885,raw/1702,RAW,4/29/2017,Canada,BC,Squamish,Fist Full of Steel
4886,raw/1703,RAW,3/18/2017,USA,IA,Council Bluffs,Midwest Open
4887,raw/1704,RAW,4/28/2017,USA,OH,,Iron Spring Classic
4888,raw/1705,RAW,1/7/2017,USA,VA,Fredericksburg,Virginia State Single Lifts
4889,raw/1706,RAW,2/18/2017,USA,VA,Midlothian,Southside Regional Classic
4890,raw/1707,RAW,8/19/2017,USA,VA,Vienna,Show of Strength
4891,raw/1708,RAW,8/19/2017,Canada,AB,Medicine Hat,Grind Powerlifting Challenge
4892,raw/1709,RAW,8/12/2017,USA,VA,Virginia Beach,East Coast Bar Benders
4893,raw/1710,RAW,9/23/2017,USA,VA,Zion Crossroads,Mid Atlantic Regional
4894,raw/1711,RAW,12/2/2017,USA,VA,Zion Crossroads,Christmas Classic
4895,rps/1101,RPS,9/10/2011,USA,PA,,2011 RPS Pennsylvania State Powerlifting Championships
4896,rps/1102,RPS,10/22/2011,USA,MA,Attleboro,15th Annual RPS Power Challenge Boston
4897,rps/1103,RPS,11/5/2011,USA,NJ,Atlantic City,2011 RPS Autumn Apocalypse
4898,rps/1104,RPS,12/3/2011,USA,PA,Allentown,2011 RPS Christmas Carnage
4899,rps/1201,RPS,1/28/2012,USA,NJ,Newark,2012 North America and New Jersey State Championships
4900,rps/1202,RPS,2/18/2012,USA,PA,Allentown,2012 Barno-Newman and RPS Master and Police Nationals
4901,rps/1203,RPS,3/31/2012,USA,RI,Johnston,3rd Annual RPS New England Revolution
4902,rps/1204,RPS,4/14/2012,USA,PA,York,14th Annual RPS PowerPalooza
4903,rps/1205,RPS,5/5/2012,USA,VA,Winchester,2012 RPS Virginia State Powerlifting Championships
4904,rps/1206,RPS,5/12/2012,USA,NY,Harrison,2012 RPS Halliwell Strength Spring Meet
4905,rps/1207,RPS,5/19/2012,USA,NJ,Deptford,2012 RPS South Jersey Rumble
4906,rps/1208,RPS,6/2/2012,USA,PA,Bristol,2012 RPS Philly Push Pull
4907,rps/1209,RPS,6/23/2012,USA,PA,Boyertown,2012 RPS Backyard Bash
4908,rps/1210,RPS,6/30/2012,USA,CT,Hartford,2012 RPS Battle of Champions CT State Championships
4909,rps/1211,RPS,7/7/2012,USA,VT,Fair Haven,2012 RPS Be a Freak Summer Powerlifting Championships
4910,rps/1212,RPS,7/28/2012,USA,PA,Lancaster,2012 RPS Pennsylvania State Championships
4911,rps/1213,RPS,8/4/2012,USA,NY,Rochester,2012 RPS New York State Championships
4912,rps/1214,RPS,8/11/2012,USA,PA,Allentown,2012 RPS Raw Dawg National Championships and AMVETS Powerfest
4913,rps/1215,RPS,9/7/2012,USA,NJ,Newark,2012 Supreme Iron Warrior RPS World Championships
4914,rps/1216,RPS,10/22/2012,USA,PA,Bloomsburg,2012 RPS Campus Chaos
4915,rps/1217,RPS,10/13/2012,USA,OH,Columbus,2012 RPS Ohio Nationals
4916,rps/1218,RPS,10/20/2012,USA,MA,Attleboro,16th Annual RPS Power Challenge Boston
4917,rps/1219,RPS,11/3/2012,USA,NJ,Sewell,2012 RPS Autumn Apocalypse
4918,rps/1220,RPS,11/11/2012,USA,NY,Stony Brook,2012 RPS Long Island InsurreXtion
4919,rps/1221,RPS,11/16/2012,USA,VT,Fair Haven,2012 RPS Dennis Hayward Memorial Fall Classic
4920,rps/1222,RPS,12/1/2012,USA,PA,Allentown,8th Annual RPS Christmas Carnage
4921,rps/1223,RPS,12/8/2012,USA,OH,Columbus,2012 RPS XXX - Xtreme Xmas Xplosion
4922,rps/1301,RPS,1/26/2013,USA,NJ,Newark,2013 RPS North American & New Jersey State Championships
4923,rps/1302,RPS,2/9/2013,USA,PA,Lancaster,2013 RPS Barno-Newman Classic
4924,rps/1303,RPS,2/9/2013,USA,VT,Fair Haven,2013 RPS Winter Classic
4925,rps/1304,RPS,3/9/2013,USA,PA,Bristol,4th Annual Bristol's Big Bench
4926,rps/1305,RPS,3/23/2013,USA,RI,Johnston,2013 New England Revolution
4927,rps/1306,RPS,4/13/2013,USA,PA,York,Powerpalooza 15
4928,rps/1307,RPS,4/13/2013,USA,FL,Fort Lauderdale,2013 RPS East Coast Championships
4929,rps/1308,RPS,4/13/2013,Ukraine,,Simferopol,2013 UPA Ukraine Bench Press Championships
4930,rps/1309,RPS,4/20/2013,USA,NH,Newmarket,2013 Vermont and New Hampshire State Championships
4931,rps/1310,RPS,4/20/2013,USA,NY,Rochester,2013 RPS Spring Supremacy
4932,rps/1311,RPS,5/4/2013,USA,MD,Gambrills,2013 RPS Mid-Atlantic Championships
4933,rps/1312,RPS,5/18/2013,USA,NJ,Pennsauken,2013 RPS South Jersey Rumble
4934,rps/1313,RPS,6/1/2013,USA,PA,Bristol,2013 RPS Philly Push Pull
4935,rps/1314,RPS,6/8/2013,USA,NC,Charlotte,2013 RPS Back Yard Bash - Carolinas
4936,rps/1315,RPS,6/15/2013,USA,FL,Fort Lauderdale,2013 RPS South Florida's Strongest
4937,rps/1316,RPS,6/15/2013,USA,OH,Columbus,2013 Lexen Summer Slam
4938,rps/1317,RPS,6/26/2013,Ukraine,,Gurzuf,2013 Tavrika Cup Bench Press Championships
4939,rps/1318,RPS,6/29/2013,USA,CT,Hartford,2013 RPS Battle of Champions - Connecticut State Championships
4940,rps/1319,RPS,7/13/2013,USA,NY,Merrick,2013 RPS HeatWave
4941,rps/1320,RPS,7/20/2013,USA,OH,Columbus,2013 LexenXtreme Powerlifting Celebration Bash
4942,rps/1321,RPS,7/27/2013,USA,PA,Lancaster,2013 RPS PA State Championships
4943,rps/1322,RPS,7/27/2013,USA,PA,Lancaster,2013 RPS Raw Dawg National Championships
4944,rps/1323,RPS,8/3/2013,USA,VT,Fair Haven,2013 RPS Be a Freak Summer Benchpress Championships
4945,rps/1324,RPS,8/10/2013,USA,NY,Rochester,2013 RPS NY State Championships
4946,rps/1325,RPS,8/24/2013,USA,OH,Columbus,2013 Lexen Dog Days
4947,rps/1326,RPS,8/24/2013,USA,FL,Fort Myers,2013 RPS South Florida Conquest
4948,rps/1327,RPS,9/14/2013,USA,NJ,Newark,2013 RPS Supreme Iron Warrior World Championships
4949,rps/1328,RPS,9/29/2013,USA,FL,Fort Lauderdale,2013 RPS End of Summer Powerfest
4950,rps/1329,RPS,9/28/2013,USA,PA,Bloomsburg,2013 RPS Campus Chaos
4951,rps/1330,RPS,10/6/2013,USA,OH,Columbus,2013 RPS LexenXtreme Fall Classic
4952,rps/1331,RPS,10/12/2013,USA,MA,Everett,17th Annual RPS Power Challenge Boston
4953,rps/1332,RPS,11/2/2013,USA,NJ,Runnemede,2013 RPS Autumn Apocalypse
4954,rps/1333,RPS,11/15/2013,USA,NY,Merrick,2013 RPS Insurrextion
4955,rps/1334,RPS,11/16/2013,USA,VT,Fair Haven,2013 RPS Dennis Hayward Memorial Powerlifting Meet
4956,rps/1335,RPS,12/7/2013,USA,PA,Hellertown,2013 RPS Christmas Carnage
4957,rps/1336,RPS,12/14/2013,USA,VT,Fair Haven,2013 RPS Power Wars
4958,rps/1337,RPS,12/15/2013,USA,OH,Columbus,2013 RPS XXX
4959,rps/1401,RPS,1/18/2014,USA,FL,Dania Beach,RPS Florida Record Breakers
4960,rps/1402,RPS,1/25/2014,USA,NJ,Newark,2014 RPS North American & New Jersey State Championships
4961,rps/1403,RPS,1/25/2014,USA,VT,Fair Haven,RPS Winter Classic at Fair Haven
4962,rps/1404,RPS,2/1/2014,USA,CT,New Hartford,The Valentine Massacre Powerlifting Meet
4963,rps/1405,RPS,2/8/2014,USA,PA,Lancaster,2014 Barno-Newman Classic
4964,rps/1406,RPS,2/15/2014,USA,NJ,Egg Harbor Township,MHP Jersey Strong Sandy Relief Push-Pull
4965,rps/1407,RPS,2/23/2014,USA,NY,Merrick,2014 Dominion
4966,rps/1408,RPS,3/8/2014,USA,PA,Fairless Hills,5th Annual Bristol's Big Bench Competition
4967,rps/1409,RPS,3/22/2014,USA,OH,Columbus,LexenXtreme Raw Regalia
4968,rps/1410,RPS,3/29/2014,USA,RI,Johnston,2014 New England Revolution
4969,rps/1411,RPS,4/12/2014,USA,PA,York,16th Annual PowerPalooza
4970,rps/1412,RPS,4/19/2014,USA,NH,New Market,2014 New Hampshire & Vermont State Championships
4971,rps/1413,RPS,4/26/2014,USA,NY,Rochester,2014 RPS Spring Supremacy
4972,rps/1414,RPS,4/26/2014,USA,OH,Cincinnati,2014 Cincy Push-Pull
4973,rps/1415,RPS,5/3/2014,USA,MD,Gambrills,2014 Mid-Atlantic State Championships and Military Nationals
4974,rps/1416,RPS,5/17/2014,USA,NJ,Pitman,2014 RPS South Jersey Rumble
4975,rps/1417,RPS,5/31/2014,USA,FL,Fort Myers,2014 Redemption
4976,rps/1418,RPS,6/6/2014,USA,OH,Columbus,LexenXtreme Summer Slam & RPS Ohio State Championships
4977,rps/1419,RPS,6/7/2014,USA,PA,Bristol,Philly Push-Pull
4978,rps/1420,RPS,4/12/2014,Ukraine,,Simferopol,7th Mayor's Simferopol BP Cup
4979,rps/1421,RPS,5/5/2014,Ukraine,,Kiev,2014 RPS European Championships
4980,rps/1422,RPS,6/14/2014,USA,NC,Cornelius,Back Yard Bash North Carolina
4981,rps/1423,RPS,6/28/2014,USA,CT,Hartford,2014 Europa Connecticut State Championships
4982,rps/1424,RPS,7/12/2014,USA,NY,Merrick,Heatwave 2
4983,rps/1425,RPS,7/19/2014,USA,OH,Grove City,LexenXtreme Powerlifting Celebration Bash
4984,rps/1426,RPS,7/4/2014,Russia,,Gurzuf,8th Tavrika Cup
4985,rps/1427,RPS,7/26/2014,USA,PA,Lancaster,2014 RPS Pennsylvania State Championships
4986,rps/1428,RPS,8/9/2014,USA,NY,Rochester,2014 RPS New York State Championships
4987,rps/1429,RPS,8/16/2014,USA,PA,Lancaster,2014 Raw Dawg National Championships
4988,rps/1430,RPS,8/23/2014,USA,OH,Grove City,2014 LexenXtreme Dog Days
4989,rps/1431,RPS,8/24/2014,USA,MA,Lakeville,Southern Mass Blast Push-Pull
4990,rps/1432,RPS,8/30/2014,Canada,ON,Cornwall,2014 Great White North Invasion
4991,rps/1433,RPS,9/6/2014,USA,VT,Fair Haven,2014 Dennis Hayward Memorial Fall Classic
4992,rps/1434,RPS,9/13/2014,USA,NJ,Newark,2014 Supreme Iron Warrior
4993,rps/1435,RPS,9/20/2014,USA,OH,Cincinnati,Cincy Fall Throwdown
4994,rps/1436,RPS,9/27/2014,USA,PA,Bloomsburg,2014 Campus Chaos
4995,rps/1437,RPS,9/27/2014,USA,FL,Fort Myers,2014 South Florida Conquest Push-Pull
4996,rps/1438,RPS,10/11/2014,USA,MA,Everett,18th Annual RPS Power Challenge Boston
4997,rps/1439,RPS,10/18/2014,USA,NY,Gardiner,2014 RPS Annihilation
4998,rps/1440,RPS,10/25/2014,USA,OH,Columbus,2014 LexenXtreme Fall Classic
4999,rps/1441,RPS,10/25/2014,USA,FL,Davie,2014 RPS Honor & Glory
5000,rps/1442,RPS,11/1/2014,USA,NJ,Pitman,Autumn Apocalypse
5001,rps/1443,RPS,11/15/2014,USA,NY,Merrick,2014 RPS Insurrextion III
5002,rps/1444,RPS,11/22/2014,USA,MA,Nashua,Gate City Gauntlet
5003,rps/1445,RPS,12/5/2014,Russia,,Berdsk,Steel Arena 4
5004,rps/1446,RPS,12/6/2014,USA,VT,Fair Haven,2014 RPS Power Wars
5005,rps/1447,RPS,12/6/2014,USA,PA,Hellertown,10th Annual RPS Christmas Carnage
5006,rps/1448,RPS,12/7/2014,USA,OH,Columbus,2014 LexenXtreme RPS XXX
5007,rps/1449,RPS,12/13/2014,USA,NC,Cornelius,Havoc for the Holidays
5008,rps/1450,RPS,12/13/2014,USA,MA,Easthampton,2014 Lump of Coal Push-Pull
5009,rps/1501,RPS,1/24/2015,USA,NJ,Newark,MHP North American & New Jersey Championships
5010,rps/1502,RPS,1/31/2015,USA,KY,Newport,2015 RPS Northern KY Winter Warfare
5011,rps/1503,RPS,2/7/2015,USA,VT,Fair Haven,2015 RPS Winter Classic
5012,rps/1504,RPS,2/21/2015,USA,PA,Lancaster,2015 RPS Barno-Newman and Master & Police Nationals
5013,rps/1505,RPS,2/28/2015,USA,NY,Auburn,2015 RPS Retribution
5014,rps/1506,RPS,3/7/2015,USA,TX,Austin,Texas GAINZsaw MASSacre
5015,rps/1507,RPS,3/14/2015,USA,PA,Warren,2015 Beast of the Northeast
5016,rps/1508,RPS,3/14/2015,USA,PA,Bristol,6th Annual Bristol Big Bench
5017,rps/1509,RPS,3/21/2015,USA,NY,Merrick,2015 RPS Dominion
5018,rps/1510,RPS,3/21/2015,USA,CA,Santa Barbara,2015 RPS Inception Push-Pull
5019,rps/1511,RPS,3/28/2015,USA,CT,Sterling,2015 New England Revolution
5020,rps/1512,RPS,4/18/2015,USA,PA,York,17th Annual PowerPalooza
5021,rps/1513,RPS,4/18/2015,USA,KY,Newport,2015 Northern KY April Anarchy
5022,rps/1514,RPS,4/25/2015,USA,NY,Rochester,2015 RPS Spring Supremacy
5023,rps/1515,RPS,4/25/2015,USA,NH,New Market,2015 RPS New Hampshire & Vermont State Championships
5024,rps/1516,RPS,5/2/2015,USA,MD,Elkridge,Mid-Atlantic State Championship and Military Nationals
5025,rps/1517,RPS,5/9/2015,USA,OH,Columbus,2015 Lexen Spring Fling
5026,rps/1518,RPS,5/16/2015,USA,NJ,Newark,2015 RPS Jersey Rumble
5027,rps/1519,RPS,5/30/2015,USA,FL,Fort Myers,Redemption II
5028,rps/1520,RPS,5/30/2015,USA,NC,Greenville,2015 RPS Backyard Bash
5029,rps/1521,RPS,6/6/2015,USA,PA,Bristol,Philly Push-Pull
5030,rps/1522,RPS,6/13/2015,Canada,ON,Toronto,2015 RPS Maple Leaf Powerlifting Nationals - Great White North Invasion
5031,rps/1523,RPS,6/20/2015,USA,OH,Grove City,2015 LexenXtreme Summer Slam - RPS Ohio State Championships
5032,rps/1524,RPS,6/27/2015,USA,CT,South Windsor,2015 RPS Connecticut State Championships
5033,rps/1525,RPS,7/11/2015,USA,NY,Merrick,2015 RPS Heatwave
5034,rps/1526,RPS,7/18/2015,USA,OH,Grove City,2015 LexenXtreme Bash
5035,rps/1527,RPS,7/18/2015,USA,TN,Bristol,2015 RPS Tennessee Throwdown
5036,rps/1528,RPS,7/19/2015,USA,CT,Waterbury,2015 RPS Connecticut Battle Ground Push Pull
5037,rps/1529,RPS,7/25/2015,USA,PA,Lancaster,2015 RPS PA State Championships
5038,rps/1530,RPS,8/8/2015,USA,NY,Rochester,2015 RPS NY State Championships
5039,rps/1531,RPS,8/15/2015,USA,PA,Lancaster,2015 RPS Raw Dawg National Championships
5040,rps/1532,RPS,8/22/2015,USA,OH,Grove City,2015 LexenXtreme Dog Days
5041,rps/1533,RPS,8/22/2015,Canada,ON,Vaughan,2015 RPS StrengthWOD
5042,rps/1534,RPS,8/23/2015,USA,MA,Lakeville,The Southern Mass Blast 2
5043,rps/1535,RPS,8/29/2015,USA,WA,Lynnwood,2015 Might Makes Right & RPS Washington State Powerlifting Championships
5044,rps/1536,RPS,8/28/2015,USA,NJ,Atlantic City,RPS Pro-Elite XPC Boardwalk Bowl
5045,rps/1537,RPS,9/5/2015,USA,VT,Fair Haven,2015 Hayward Ploof Memorial
5046,rps/1538,RPS,9/19/2015,USA,NJ,Newark,2015 World Championships - Supreme Iron Warrior
5047,rps/1539,RPS,9/19/2015,USA,CA,Santa Barbara,2015 RPS Battle on the Bay
5048,rps/1540,RPS,9/19/2015,USA,KY,Newport,2015 RPS North Kentucky Fall Throwdown
5049,rps/1541,RPS,9/26/2015,USA,PA,Bloomsburg,2015 RPS Campus Chaos
5050,rps/1542,RPS,10/3/2015,USA,FL,Fort Myers,2015 RPS South Florida Conquest
5051,rps/1543,RPS,10/3/2015,Canada,ON,Kingston,2015 RPS Canadian Conflict
5052,rps/1544,RPS,10/17/2015,USA,MA,Boston,19th Annual Power Challenge Boston
5053,rps/1545,RPS,10/24/2015,USA,NY,Latham,2015 RPS Annihilation
5054,rps/1546,RPS,10/31/2015,USA,OH,Columbus,2015 LexenXtreme Fall Classic
5055,rps/1547,RPS,10/31/2015,USA,TX,Leander,RPS Texas LiftOber Fest
5056,rps/1548,RPS,11/14/2015,USA,FL,Port St Lucie,2015 RPS Veterans Day Classic
5057,rps/1549,RPS,11/14/2015,USA,NJ,Newark,Veterans Day Classic
5058,rps/1550,RPS,11/21/2015,USA,NH,Nashua,2015 Gate City Gauntlet
5059,rps/1551,RPS,11/21/2015,USA,NY,Merrick,Insurrextion IV
5060,rps/1552,RPS,11/28/2015,USA,PA,Warren,2015 War for the Sword
5061,rps/1553,RPS,12/5/2015,USA,VT,Fair Haven,2015 Power Wars
5062,rps/1554,RPS,12/5/2015,USA,PA,Allentown,2015 Christmas Carnage
5063,rps/1555,RPS,12/6/2015,USA,OH,Columbus,2015 RPS LexenXtreme XXX
5064,rps/1556,RPS,12/12/2015,USA,NC,Fayetteville,2nd Annual Holiday Havok
5065,rps/1557,RPS,12/12/2015,USA,NY,Utica,3rd Annual Tom Brown Memorial Biggunz Classic
5066,rps/1558,RPS,12/12/2015,USA,IL,Aurora,2015 RPS Holly Jolly Power-Bash
5067,rps/1559,RPS,12/13/2015,USA,MA,Palmer,Lump of Coal Push-Pull
5068,rps/1560,RPS,11/14/2015,USA,NJ,Newark,Autumn Apocalypse
5069,rps/1601,RPS,1/9/2016,USA,TN,Bristol,2016 RPS Winter Mayhem
5070,rps/1602,RPS,1/16/2016,USA,KY,Newport,2016 NKY Winter Warfare
5071,rps/1603,RPS,1/23/2016,USA,WA,Lynnwood,2016 RPS Washington Teen and Master Championships
5072,rps/1604,RPS,1/24/2016,USA,NJ,Newark,2016 RPS NA & NJ Championships
5073,rps/1605,RPS,2/6/2016,USA,VT,Fair Haven,2016 RPS Winter Classic
5074,rps/1606,RPS,2/7/2016,Greece,,Chalkida,Evia PL Battle
5075,rps/1607,RPS,2/13/2016,USA,IL,Highland Aurora,2016 RPS Illinois Valentines Massacre The Barbell
5076,rps/1608,RPS,2/20/2016,USA,PA,Lancaster,2016 Barno-Newman Master-Police Nationals
5077,rps/1609,RPS,2/27/2016,USA,NY,Auburn,2016 RPS Revolution
5078,rps/1610,RPS,3/12/2016,USA,PA,Bristol,2016 RPS Bristol Big Bench
5079,rps/1611,RPS,3/19/2016,USA,NY,Merrick,2016 RPS Dominion
5080,rps/1612,RPS,3/26/2016,USA,TX,Leander,2016 RPS Texas Max Madness
5081,rps/1613,RPS,4/2/2016,USA,CT,Sterling,2016 RPS New England Revolution
5082,rps/1614,RPS,4/16/2016,USA,PA,Lancaster,18th Annual PowerPalooza
5083,rps/1615,RPS,4/23/2016,USA,NH,New Market,2016 RPS Vermont and New Hampshire State Championships
5084,rps/1616,RPS,4/23/2016,USA,NY,Syracuse,2016 RPS Spring Supremacy
5085,rps/1617,RPS,4/23/2016,USA,CA,San Diego,2016 US Open
5086,rps/1618,RPS,4/30/2016,USA,PA,California,2016 RPS Inferno
5087,rps/1619,RPS,4/30/2016,USA,OH,Eaton,2016 RPS Eaton Barbell Battle
5088,rps/1620,RPS,4/30/2016,USA,TN,Cordova,2016 RPS King of Spring
5089,rps/1621,RPS,4/30/2016,USA,TN,Bristol,2016 RPS Tennessee Spring Mayhem
5090,rps/1622,RPS,5/7/2016,USA,MD,Towson,2016 RPS Mid-Atlantic State Championships and Military Nationals
5091,rps/1623,RPS,5/7/2016,USA,NY,Marcy,2016 RPS Pull for Paws
5092,rps/1624,RPS,5/14/2016,USA,KY,Louisville,2016 Braggin' Rights
5093,rps/1625,RPS,5/21/2016,USA,KY,Newport,2016 RPS NKY MAYhem
5094,rps/1626,RPS,5/22/2016,USA,NJ,Newark,2016 RPS Jersey Rumble
5095,rps/1627,RPS,5/28/2016,USA,FL,Fort Myers,2016 RPS Redemption III
5096,rps/1628,RPS,6/4/2016,USA,NC,Greenville,2016 RPS Back Yard Bash
5097,rps/1629,RPS,6/11/2016,USA,FL,Port St. Lucie,2016 RPS Port St. Lucie Showdown
5098,rps/1630,RPS,6/11/2016,USA,PA,Aston,2016 RPS Philly Push Pull
5099,rps/1631,RPS,6/12/2016,USA,OH,Columbus,2016 RPS Lexen Summer Slam
5100,rps/1632,RPS,6/18/2016,Canada,ON,Brantford,2016 RPS Maple Leaf Nationals - Great White North Invasion
5101,rps/1633,RPS,6/25/2016,USA,CT,Hartford,2016 RPS Connecticut State Championships
5102,rps/1634,RPS,7/16/2016,USA,KY,Ashland,2016 RPS Battle in the Bluegrass
5103,rps/1635,RPS,6/11/2016,USA,PA,Milton,2016 RPS Pennsylvania Ironman Championships
5104,rps/1636,RPS,6/11/2016,USA,IL,Aurora,Beginner Only 2016 SquatLife CrossFit Power Challenge
5105,rps/1637,RPS,6/11/2016,USA,MI,Kalamazoo,2016 RPS Kalamazoo Barbell Bash
5106,rps/1638,RPS,2/20/2016,USA,PA,Lancaster,2016 Barno-Newman Master-Police Nationals
5107,rps/1639,RPS,7/23/2016,USA,NY,Bohemia,2016 RPS HeatWave Powerlifting
5108,rps/1640,RPS,7/30/2016,USA,PA,Lancaster,2016 RPS Pennsylvania State Championships
5109,rps/1641,RPS,8/6/2016,USA,NY,Buffalo,2016 RPS New York State Powerlifting Championships
5110,rps/1642,RPS,8/6/2016,USA,KY,Paducah,2016 RPS Genesis Strength Open
5111,rps/1643,RPS,8/13/2016,USA,PA,Lancaster,2016 RPS Raw Dawg National Championships
5112,rps/1644,RPS,8/13/2016,USA,OH,Grove City,2016 RPS Lexen Dog Days
5113,rps/1645,RPS,8/21/2016,USA,MA,Lakeville,2016 Southern Mass Blast
5114,rps/1646,RPS,8/13/2016,USA,IL,Aurora,1st Annual RPS Illinois State Powerlifting Championships
5115,rps/1647,RPS,8/27/2016,USA,TN,Bristol,2016 RPS Southern Stranglehold
5116,rps/1648,RPS,8/28/2016,USA,NJ,Westville,2016 RPS Garden State Backdraft
5117,rps/1649,RPS,8/27/2016,USA,PA,Montandon,2016 RPS Super Beast
5118,rps/1650,RPS,9/10/2016,USA,VT,Fair Haven,2016 RPS Dennis Hawyard and Charlie Ploof Memorial
5119,rps/1651,RPS,9/3/2016,USA,FL,Fort Meyers,2016 RPS South Florida Conquest Powerlifting Meet
5120,rps/1652,XPC,9/17/2016,USA,NJ,Newark,2016 XPC Semi-Finals
5121,rps/1653,RPS,9/17/2016,USA,KY,Newport,2016 RPS NKY Fall Throwdown
5122,rps/1654,RPS,9/17/2016,USA,NJ,Newark,Supreme Iron Warrior - 2016 RPS World Championships
5123,rps/1655,RPS,9/17/2016,USA,IN,Brazil,2016 RPS Peak Performance Power
5124,rps/1656,RPS,9/17/2016,USA,TN,Cordova,2016 RPS Memphis Classic
5125,rps/1657,RPS,9/24/2016,USA,PA,Bloomsburg,2016 RPS Campus Chaos
5126,rps/1658,RPS,9/24/2016,USA,WA,Seattle,2016 RPS Cascade Classic
5127,rps/1659,RPS,10/2/2016,Canada,ON,Kingston,2016 RPS Canadian Conflict
5128,rps/1660,RPS,10/8/2016,USA,MA,Malden,20th Annual RPS Power Challenge
5129,rps/1661,RPS,10/15/2016,USA,KY,Louisville,2016 Nightmare on Iron Street
5130,rps/1662,RPS,10/22/2016,USA,NY,Latham,2016 RPS Annihilation Powerlifting
5131,rps/1663,RPS,10/15/2016,USA,TX,Leander,2016 RPS Texas Gainzsaw Massacre
5132,rps/1664,RPS,10/29/2016,USA,NC,Wilmington,2016 RPS Revenant Rising
5133,rps/1665,RPS,10/22/2016,USA,PA,Milton,2016 RPS Panther Sports Nutrition Bench and Deadlift Challenge
5134,rps/1666,RPS,10/22/2016,USA,OH,Columbus,2016 Lexen Fall Classic
5135,rps/1667,RPS,10/30/2016,USA,,,2016 RPS Back from the Deadlifts
5136,rps/1668,RPS,11/12/2016,USA,NJ,Newark,2016 RPS Autumn Apocalypse
5137,rps/1669,RPS,11/12/2016,USA,IN,Plymouth,2016 RPS Strength Haven Throwdown
5138,rps/1670,RPS,11/19/2016,USA,NY,Hempstead,2016 RPS InsurreXtion V
5139,rps/1671,RPS,11/19/2016,USA,NH,Dover,Gate City Gauntlet
5140,rps/1672,RPS,12/4/2016,USA,OH,Columbus,2016 Lexen XXX
5141,rps/1673,RPS,12/3/2016,USA,PA,Allentown,12th Annual Christmas Carnage
5142,rps/1674,RPS,12/3/2016,USA,VT,Fair Haven,2016 RPS Power Wars
5143,rps/1675,RPS,11/12/2016,USA,FL,Port St Lucie,2016 RPS Veterans Day Classic
5144,rps/1676,RPS,12/11/2016,USA,MA,Palmer,3rd Annual RPS Lump of Coal
5145,rps/1677,RPS,12/10/2016,USA,NY,Marcy,4th Annual Tom Brown Biggunz
5146,rps/1678,RPS,12/10/2016,USA,TX,Austin,2016 RPS Texas Merry Gainzmas
5147,rps/1701,RPS,1/14/2017,USA,KY,Newport,Winter Warfare
5148,rps/1702,RPS,1/15/2017,USA,MA,Holden,Worcester County Strength Bounty
5149,rps/1703,RPS,1/21/2017,USA,KY,Ashland,No Retreat No Surrender
5150,rps/1704,RPS,1/14/2017,USA,TN,Bristol,Winter Mayhem Powerlifting
5151,rps/1705,RPS,1/28/2017,USA,NJ,Newark,North American Championships
5152,rps/1706,RPS,2/11/2017,USA,VT,Fair Haven,Fair Haven Fitness Winter Classic
5153,rps/1707,RPS,2/5/2017,Greece,,Rhodes,Rhodes Powerlifting Challenge
5154,rps/1708,RPS,2/18/2017,USA,PA,Lancaster,2017 RPS Barno-Newman Classic
5155,rps/1709,RPS,2/25/2017,USA,NY,Utica,2017 RPS Retribution
5156,rps/1710,RPS,2/18/2017,USA,KY,Louisville,2017 RPS Mafia Mayhem
5157,rps/1711,RPS,3/11/2017,USA,PA,Bristol,8th Annual Bristol's Big Bench.
5158,rps/1712,RPS,3/18/2017,USA,NY,Mount Vernon,2017 RPS Dominion
5159,rps/1713,RPS,3/18/2017,USA,TN,Bristol,SW VA Push-Pull
5160,rps/1714,RPS,3/18/2017,USA,TX,Leander,Texas Max Madness
5161,rps/1715,RPS,3/25/2017,USA,NC,Cherokee,Rumble in the Smokeys
5162,rps/1716,RPS,3/25/2017,USA,CT,Sterling,New England Revolution Powerlifting Championships
5163,rps/1717,RPS,2/26/2017,USA,NJ,Westville,Garden State Battle at the Barbell
5164,rps/1718,RPS,4/1/2017,Canada,ON,Orleans,L'ultime Affrontement
5165,rps/1719,RPS,4/1/2017,USA,FL,Port St. Lucie,Burritt Built Classic
5166,rps/1720,RPS,4/8/2017,USA,NH,New Market,NH and VT States
5167,rps/1721,RPS,4/8/2017,USA,TN,Cordova,King and Queen of Spring
5168,rps/1722,RPS,4/8/2017,USA,PA,York,19th Annual PowerPalooza
5169,rps/1723,RPS,4/22/2017,USA,PA,California,Inferno 2
5170,rps/1724,RPS,4/29/2017,USA,NY,Utica,2017 Spring Supremacy
5171,rps/1725,RPS,4/29/2017,USA,KY,Frankfort,Beast of the Bluegrass X Kentucky State Championship
5172,rps/1726,RPS,5/6/2017,USA,MD,Towson,Mid-Atlantic and Military Nationals
5173,rps/1727,RPS,5/6/2017,USA,MS,Olive Branch,Resurrection
5174,rps/1728,RPS,5/20/2017,USA,NJ,Newark,Jersey Rumble
5175,rps/1729,RPS,4/29/2017,USA,TN,Bristol,Iron Mayhem Classic
5176,rps/1730,RPS,4/8/2017,USA,IN,Crown Point,Judgment Day
5177,rps/1731,RPS,5/27/2017,USA,KY,Newport,NKY MAYhem
5178,rps/1732,RPS,6/3/2017,USA,NC,Greenville,Back Yard Bash
5179,rps/1733,RPS,5/27/2017,USA,FL,Fort Myers,Redemption IV
5180,rps/1734,RPS,6/10/2017,USA,PA,Aston,Philly Push Pull
5181,rps/1735,RPS,6/17/2017,Canada,ON,Brantford,Maple Leaf Nationals
5182,rps/1736,RPS,6/24/2017,USA,CT,Hartford,Connecticut States
5183,rps/1737,RPS,6/10/2017,USA,KY,West Morganfield,Own the Day
5184,rps/1738,RPS,6/17/2017,USA,TX,Leander,Texas ASF Open
5185,rps/1739,RPS,6/11/2017,USA,OH,Columbus,Lexen Summer Slam
5186,rps/1740,RPS,7/8/2017,USA,NY,Garden City,Heatwave
5187,rps/1741,RPS,7/22/2017,USA,TN,Bristol,Tennessee Summer Chaos
5188,rps/1742,RPS,6/10/2017,USA,AZ,Tempe,Arizona State Championships
5189,rps/1743,RPS,7/29/2017,USA,PA,Allentown,Pennsylvania State Championships
5190,rps/1744,RPS,8/5/2017,USA,NY,Buffalo,New York State Championships
5191,rps/1745,RPS,8/12/2017,USA,PA,Lancaster,Raw Dawg National Championships
5192,rps/1746,RPS,8/12/2017,USA,ME,Saco,Maine Push-Pull Championships
5193,rps/1747,RPS,8/12/2017,USA,KY,Paducah,Braggin Rights
5194,rps/1748,RPS,8/20/2017,USA,MA,Norton,Southern Mass Blast IV
5195,rps/1749,RPS,8/19/2017,USA,OH,Grove City,Lexen Dog Days
5196,rps/1750,RPS,7/22/2017,USA,NY,Jamestown,Summer Beast
5197,rps/1751,RPS,9/9/2017,USA,TX,Leander,Texas Gainzsaw Massacre
5198,rps/1752,RPS,9/16/2017,USA,NJ,Newark,Women's World Championships
5199,rps/1753,RPS,9/17/2017,USA,NJ,Newark,Supreme Iron Warrior World Championships
5200,rps/1754,RPS,9/10/2017,USA,CT,Stratford,Hellbound at Hellbent
5201,rps/1755,RPS,9/9/2017,USA,VT,Fair Haven,Dennis Hayward and Charlie Ploof Memorial Meet
5202,rps/1756,RPS,9/9/2017,USA,WA,Lynnwood,Make Powerlifting Great Again
5203,rps/1757,RPS,9/23/2017,USA,NC,Cherokee,Cherokee Barbell Bash
5204,rps/1758,RPS,9/16/2017,USA,KY,Newport,NKY Fall Throwdown
5205,rps/1759,RPS,9/23/2017,USA,TN,Cordova,Memphis Classic
5206,rps/1760,RPS,9/16/2017,USA,IN,Wheatfield,Indiana State Powerlifting Championships
5207,rps/1761,RPS,10/7/2017,USA,KY,Louisville,Kilo Wars
5208,rps/1762,RPS,10/7/2017,Canada,ON,Kingston,Canadian Conflict
5209,rps/1763,RPS,10/14/2017,USA,MA,Brockton,21st Power Challenge
5210,rps/1764,RPS,10/21/2017,USA,NY,Latham,2017 Annihilation
5211,rps/1765,RPS,9/30/2017,USA,FL,Fort Lauderdale,Florida State Championship
5212,rps/1766,RPS,11/4/2017,USA,NJ,Newark,Autumn Apocalypse
5213,rps/1767,RPS,10/28/2017,USA,OH,Columbus,Lexen Fall Classic
5214,rps/1768,RPS,11/4/2017,USA,OH,North Canton,Live Large Fall Brawl
5215,rps/1769,RPS,11/11/2017,USA,FL,Port St Lucie,Veterans Day Classic
5216,rps/1770,RPS,11/11/2017,USA,IN,Evansville,Never Forgotten
5217,rps/1771,RPS,11/18/2017,USA,NY,Hempstead,Insurrextion 6
5218,rps/1772,RPS,12/2/2017,USA,PA,Allentown,13th Annual Christmas Carnage
5219,rps/1773,RPS,12/10/2017,USA,MA,Palmer,4th Annual Lump of Coal
5220,rps/1774,RPS,12/9/2017,USA,VA,Vinton,Ground Zero
5221,rps/1775,RPS,12/2/2017,USA,NH,Lebanon,Winter's Wrath
5222,rps/1776,RPS,10/28/2017,USA,TN,,Halloween Havoc Tennessee
5223,rps/1777,RPS,12/9/2017,USA,NY,Marcy,5th Annual Tom Brown BIGGUNZ Classic
5224,rps/1778,RPS,12/16/2017,USA,MA,Bellingham,King & Queen of the Bench
5225,rps/1779,RPS,12/9/2017,USA,TX,Leander,Texas Merry Gainzmas
5226,rps/1780,RPS,12/3/2017,USA,OH,Columbus,Lexen XXX
5227,rps/1801,RPS,1/13/2018,USA,KY,Dayton,Winter Warfare
5228,rps/1802,RPS,1/21/2018,USA,MA,Holden,2nd Annual Worchester County Strength Bounty
5229,rps/1803,RPS,1/27/2018,USA,NJ,Newark,North American Championships
5230,rupc/2008-rum1,RUPC,1/26/2008,USA,FL,Tampa,Raw Unity I
5231,rupc/2009-rum2,RUPC,1/24/2009,USA,FL,New Port Richey,Raw Unity II
5232,rupc/2010-rum3,RUPC,1/30/2010,USA,FL,Tampa,Raw Unity III
5233,rupc/2011-rum4,RUPC,1/22/2011,USA,FL,Tampa,Raw Unity IV
5234,rupc/2012-rum5,RUPC,1/21/2012,USA,TX,Corpus Christi,Raw Unity V
5235,rupc/2013-rum6,RUPC,2/24/2013,USA,FL,Tampa,Raw Unity VI
5236,rupc/2014-rum7,RUPC,2/7/2014,USA,FL,Port St. Lucie,Raw Unity VII
5237,rupc/2015-rum8,RUPC,2/7/2015,USA,FL,Deland,Raw Unity VIII
5238,rupc/2016-rum9,RUPC,1/31/2016,USA,FL,Port St. Lucie,Raw Unity IX
5239,scottishpl/1701,ScottishPL,5/28/2017,Scotland,,Motherwell,Scottish Classic Championships
5240,scottishpl/1702,ScottishPL,9/24/2017,Scotland,,Motherwell,Scottish Juniors Championship
5241,scottishpl/1703,ScottishPL,6/25/2017,Scotland,,Perth,Scottish Seniors Championships and Perth Open
5242,scottishpl/1704,ScottishPL,4/1/2017,Scotland,,Motherwell,SP University/College Championships
5243,sct/2005,SCT,5/29/2005,Russia,,,Cup of Titans 2005
5244,sct/2006,SCT,5/21/2006,Russia,,,Cup of Titans 2006
5245,sct/2007,SCT,5/27/2007,Russia,,,Cup of Titans 2007
5246,sct/2008,SCT,5/25/2008,Russia,,,Super-Cup of Titans 2008
5247,sct/2009,SCT,5/24/2009,Russia,,,Super-Cup of Titans 2009
5248,sct/2010,SCT,5/23/2010,Russia,,,Super-Cup of Titans 2010
5249,sct/2011,SCT,5/22/2011,Russia,,,Super-Cup of Titans 2011
5250,sct/2012,SCT,5/27/2012,Russia,,,Super-Cup of Titans 2012
5251,sct/2013,SCT,5/26/2013,Russia,,,Super-Cup of Titans 2013
5252,sct/2014,SCT,5/25/2014,Russia,,,Super-Cup of Titans 2014
5253,sct/2015,SCT,5/31/2015,Russia,,St. Petersburg,Super-Cup of Titans 2015
5254,sct/2016,SCT,5/29/2016,Russia,,St. Petersburg,Super-Cup of Titans 2016
5255,spf/1601,SPF,8/27/2016,USA,MS,Moss Point,Power Pit Classic
5256,spf/1602,SPF,8/20/2016,USA,OH,Cincinnati,North American Powerlifting Championship
5257,spf/1603,SPF,8/13/2016,USA,KY,Franklin,1st Annual Harvey's Gym Classic
5258,spf/1604,SPF,8/6/2016,USA,TN,Spring Hill,End of Summer Bash
5259,spf/1605,SPF,7/30/2016,USA,PA,Emmaus,Old Iron Bull Push-Pull
5260,spf/1606,SPF,7/23/2016,USA,NM,Albuquerque,Southwest Iron Wars II
5261,spf/1607,SPF,7/17/2016,USA,RI,Smithfield,SPF Summer Slam Push-Pull
5262,spf/1608,SPF,7/9/2016,USA,TX,Corpus Christi,Texas State Powerlifting Championship
5263,spf/1609,SPF,6/25/2016,USA,AL,,South Alabama Classic
5264,spf/1610,SPF,6/18/2016,USA,NY,Farmingdale,Gaglione Strength Strong Island Summer Showdown 3
5265,spf/1611,SPF,6/18/2016,USA,VA,Norfolk,Brute's SPF Sizzling Summer Powerlifting Meet
5266,spf/1612,SPF,9/3/2016,USA,OH,Cleveland,Grit House Full Power and Bench Press
5267,spf/1613,SPF,8/27/2016,USA,TX,Humble,Houston Full Power Blast II
5268,spf/1614,SPF,9/3/2016,USA,AR,Jonesboro,Arkansas Muscle Fall Powerlifting Classic
5269,spf/1615,SPF,9/10/2016,USA,GA,Gray,Flex Classic
5270,spf/1616,SPF,9/10/2016,USA,OK,Tulsa,DSD Honoring the Fallen
5271,spf/1617,SPF,9/17/2016,USA,AL,Sumiton,Cornerstone Classic Powerlifting Championship
5272,spf/1618,SPF,10/1/2016,USA,AR,Russellville,Arkansas State Powerlifting and Bench Press
5273,spf/1619,SPF,10/1/2016,USA,TN,Nashville,Nashville's Main Event
5274,spf/1620,SPF,9/25/2016,USA,RI,Smithfield,New England's Biggest Bench II
5275,spf/1621,SPF,9/24/2016,USA,NC,Clayton,Tar Heel Classic
5276,spf/1622,SPF,10/15/2016,USA,SC,,South Carolina State Powerlifting Championships
5277,spf/1623,SPF,10/15/2016,USA,TN,Cleveland,Let's Send Samantha Coleman Down Under
5278,spf/1624,SPF,10/22/2016,USA,AL,,Bama Bash Powerlifting and Bench Press Championship
5279,spf/1625,SPF,10/22/2016,USA,MO,Springfield,3rd Annual Beards and Bows
5280,spf/1626,SPF,10/29/2016,USA,TN,Spring Hill,Freakfest
5281,spf/1627,SPF,10/29/2016,USA,VA,Norfolk,Brute's SPF Halloween Howl
5282,spf/1628,SPF,11/5/2016,USA,CA,Dublin,2016 Reebok Record Breakers
5283,spf/1629,SPF,12/3/2016,USA,TN,Cleveland,Gritmas Classic 2016
5284,spf/1630,SPF,12/3/2016,USA,AR,Fort Smith,1st Annual Bordertown Bash
5285,spf/1631,SPF,12/10/2016,USA,KY,Franklin,Christmas in Kentucky Classic
5286,spf/1632,SPF,12/17/2016,USA,FL,Daytona Beach,Powerlifting in Daytona
5287,spf/1633,SPF,12/10/2016,USA,NY,Ronkonkoma,New York State Jingle Bell Rock
5288,spf/1634,SPF,12/10/2016,USA,NM,Albuquerque,Iron Wars 3
5289,spf/1635,SPF,12/17/2016,USA,,,20th Annual Monster Mania
5290,spf/1636,SPF,12/17/2016,USA,,,Winter Open
5291,spf/1637,SPF,12/17/2016,USA,MA,Northampton,Ironhorse Invitational
5292,spf/1638,SPF,4/23/2016,USA,PA,Allentown,Dawgs of War Powerlifting Championships
5293,spf/1701,SPF,1/28/2017,USA,AL,,Alabama State Powerlifting and Bench Press Championship
5294,spf/1702,SPF,1/28/2017,USA,AR,Russellville,Proving Ground Classic
5295,spf/1703,SPF,2/4/2017,USA,TN,Powell,Underbar Gym Barbell Classic
5296,spf/1704,SPF,2/4/2017,USA,MO,Kennett,Ultimate Fitness Full Power and Benchpress Challenge
5297,spf/1705,SPF,2/11/2017,USA,VA,Norfolk,Heart of a Lion 2017
5298,spf/1706,SPF,2/18/2017,USA,KY,Georgetown,Ultimate Powerlifting and Bench Press Championship
5299,spf/1707,SPF,3/11/2017,USA,,,Ironman Classic
5300,spf/1708,SPF,3/11/2017,USA,,,March Madness Meet
5301,spf/1709,SPF,3/11/2017,USA,TX,Corpus Christi,5th Annual Bar Benders on the Bay
5302,spf/1710,SPF,3/18/2017,USA,AL,,North Alabama Classic
5303,spf/1711,SPF,3/19/2017,USA,RI,Smithfield,2017 New England Multi Ply Open
5304,spf/1712,SPF,3/25/2017,USA,TN,Spring Hill,Spring Hill Classic
5305,spf/1713,SPF,3/25/2017,USA,AR,Little Rock,Little Rock Classic
5306,spf/1714,SPF,4/8/2017,USA,TN,Cleveland,Grit House Classic 2017
5307,spf/1715,SPF,4/1/2017,USA,SC,Myrtle Beach,Myrtle Beach Classic
5308,spf/1716,SPF,4/22/2017,USA,OH,Cincinatti,Womens Pro/Am
5309,spf/1717,SPF,4/29/2017,USA,FL,Daytona Beach,Daytona Beach Classic 2017
5310,spf/1718,SPF,4/29/2017,USA,AR,,2nd Annual Bordertown Bash
5311,spf/1719,SPF,5/27/2017,USA,AL,Sumiton,Mayfest
5312,spf/1720,SPF,5/21/2017,USA,RI,Smithfield,New England Raw Showdown
5313,spf/1721,SPF,6/3/2017,USA,TN,Gatlinburg,SPF Nationals 2017
5314,spf/1722,SPF,6/10/2017,USA,AR,,Powerlifting in Hell
5315,spf/1723,SPF,6/11/2017,USA,CA,Dublin,Summer Slam
5316,spf/1724,SPF,6/17/2017,USA,KY,,Kentucky Lift Inc.
5317,spf/1725,SPF,6/24/2017,USA,OK,,True Strength Classic
5318,spf/1726,SPF,6/3/2017,USA,NC,,North Carolina State Powerlifting Championship
5319,spf/1727,SPF,6/24/2017,USA,AL,Prattville,Prattville Powerlifting and Bench Press Classic
5320,spf/1728,SPF,7/15/2017,USA,TN,Spring Hill,Spring Hill Summer Bash
5321,spf/1729,SPF,6/24/2017,USA,VA,Norfolk,Summer Solstice
5322,spf/1730,SPF,7/8/2017,USA,TX,,Battle on the Bay
5323,spf/1731,SPF,7/23/2017,USA,RI,Smithfield,Summer Slam Push/Pull III
5324,spf/1732,SPF,8/5/2017,USA,OH,Blue Ash,Best of the Best Pro/Am
5325,spf/1733,SPF,8/12/2017,USA,NY,Bohemia,Summer Heat Championships
5326,spf/1734,SPF,8/26/2017,USA,KY,,Kentucky State Powerlifting and Bench Press Championship
5327,spf/1735,SPF,9/2/2017,USA,GA,Gray,Flex Classic
5328,spf/1736,SPF,8/26/2017,USA,MO,,Missouri Iron Expo
5329,spf/1737,SPF,9/9/2017,USA,,,Honoring the Fallen 2
5330,spf/1738,SPF,9/23/2017,USA,LA,,Louisiana State Championships
5331,spf/1739,SPF,9/23/2017,USA,AL,Huntsville,Rocket City Liftoff
5332,spf/1740,SPF,9/16/2017,USA,AR,Jonesboro,Arkansas Muscle Fall Championship
5333,spf/1741,SPF,10/7/2017,USA,AL,Prattville,Southeastern Powerlifting and Bench Press Championship
5334,spf/1742,SPF,10/21/2017,USA,FL,Daytona Beach,Irontoberfest
5335,spf/1743,SPF,10/28/2017,USA,TN,White House,Hollowed Bench Press or Deadlift Championship
5336,spf/1744,SPF,11/4/2017,USA,,,Record Breakers 2017
5337,spf/1745,SPF,11/4/2017,USA,,,Iron Maiden
5338,spf/1746,SPF,10/14/2017,USA,AL,,Bama Bash 2017
5339,spf/1747,SPF,10/14/2017,USA,MO,Springfield,4th Annual Beards and Bows
5340,spf/1748,SPF,10/28/2017,USA,VA,,Brute Strength Gym's Halloween Howl
5341,spf/1749,SPF,10/21/2017,USA,IL,Harrisburg,Monsters Bash Meet
5342,spf/1750,SPF,11/11/2017,USA,AR,Fayetteville,Blood Sweat Iron Veterans Battle At The Ozarks
5343,spf/1751,SPF,11/5/2017,USA,NH,,New Hampshire State Championships
5344,spf/1752,SPF,11/11/2017,USA,CA,Dublin,Reebok Record Breakers
5345,spf/1753,SPF,11/18/2017,USA,TN,Spring Hill,Spring Hill Winter Classic
5346,spf/1754,SPF,12/9/2017,USA,TN,Cleveland,Gritmas Classic
5347,spf/1755,SPF,10/7/2017,USA,AR,,Arkansas State Championships
5348,spf/1756,SPF,12/2/2017,USA,KY,,Kentucky Christmas Bash
5349,spf/1757,SPF,11/18/2017,USA,OH,Blue Ash,North of the Border
5350,spf/1758,SPF,12/2/2017,USA,GA,Loganville,Monster Mania Push/Pull
5351,spf/1759,SPF,12/16/2017,USA,,,Stella's End of the Year Christmas Event
5352,spf/1760,SPF,12/9/2017,USA,NC,,North Carolina State Winter Challenge
5353,spf/1761,SPF,1/27/2018,USA,AR,Russellville,Proving Ground Classic
5354,spf-archive/0006,SPF,7/28/2007,USA,GA,LaFayette,Georgia State Push/Pull Championship
5355,spf-archive/0007,SPF,9/8/2007,USA,,,Southeastern Raw/Open Bench Press Championship
5356,spf-archive/0008,SPF,10/6/2007,USA,TN,Gatlinburg,2007 World Powerlifting Championship
5357,spf-archive/0010,SPF,12/1/2007,USA,TN,Chattanooga,Record Breakers
5358,spf-archive/0011,SPF,3/1/2008,USA,KY,Mt. Washington,Kentucky State Powerlifting Championship
5359,spf-archive/0013,SPF,6/16/2007,USA,TN,Gatlinburg,National Powerlifting Championship
5360,spf-archive/0014,SPF,7/14/2007,USA,KY,,Kentuckiana Championships
5361,spf-archive/0015,SPF,5/19/2007,USA,,,Big Erv Invitational
5362,spf-archive/0016,SPF,4/28/2007,USA,TN,Chattanooga,Chattanooga Classic
5363,spf-archive/0017,SPF,3/10/2007,USA,AL,,Alabama State Push/Pull and Bench Press Championship
5364,spf-archive/0018,SPF,3/3/2007,USA,TN,,Tennessee State Powerlifting Championship
5365,spf-archive/0019,SPF,2/24/2007,USA,,,Power on the Mountain
5366,spf-archive/0020,SPF,2/10/2007,USA,,,Iron Chain Push/Pull Championship
5367,spf-archive/0025,SPF,11/10/2007,USA,AL,Hartford,Irontoberfest
5368,spf-archive/0027,SPF,1/26/2008,USA,AL,Hartford,Teenage Powerlifting Championship
5369,spf-archive/0028,SPF,11/3/2007,USA,TN,,Strongest in the South
5370,spf-archive/0029,SPF,2/23/2008,USA,TN,Chattanooga,Tennessee State Powerlifting Championship
5371,spf-archive/0030,SPF,6/7/2008,USA,TN,,National Powerlifting and Bench Press Championship
5372,spf-archive/0031,SPF,10/4/2008,USA,,,SPF/WBPLA World Championship
5373,spf-archive/0032,SPF,2/16/2008,USA,TN,Woodbury,Iron Chain Classic
5374,spf-archive/0033,SPF,2/2/2008,USA,AL,Gulf Shores,Alabama State Powerlifting Championship
5375,spf-archive/0034,SPF,4/26/2008,USA,FL,,Florida State Powerlifting Championship
5376,spf-archive/0038,SPF,11/29/2008,USA,TN,,Record Breakers
5377,spf-archive/0039,SPF,3/15/2008,USA,AL,Birmingham,Southeastern Regionals
5378,spf-archive/0040,SPF,5/10/2008,USA,TN,,Big Erv Invitational
5379,spf-archive/0041,SPF,7/19/2008,USA,AL,Tuscaloosa,Temple Gym Classic
5380,spf-archive/0042,SPF,10/18/2008,USA,GA,,North Georgia Push/Pull Classic
5381,spf-archive/0043,SPF,10/25/2008,USA,KY,,Kentuckiana
5382,spf-archive/0045,SPF,8/16/2008,USA,AR,Russellville,Arkansas State Championship
5383,spf-archive/0046,SPF,8/2/2008,USA,,,Emerald Coast Push/Pull Championship
5384,spf-archive/0047,SPF,9/13/2008,USA,TN,,East Tennessee Sports Expo
5385,spf-archive/0048,SPF,12/13/2008,USA,AR,,Strongest in the South
5386,spf-archive/0049,SPF,11/8/2008,USA,AL,,Irontoberfest
5387,spf-archive/0050,SPF,2/28/2009,USA,VA,Salem,Virginia State Push/Pull Championship
5388,spf-archive/0051,SPF,11/1/2008,USA,MS,Pascagoula,Mississippi State Powerlifting Championship
5389,spf-archive/0052,SPF,2/21/2009,USA,TN,Knoxsville,Tennessee State Powerlifting Championship
5390,spf-archive/0053,SPF,12/6/2008,USA,TN,Murfreesboro,Cell Block Classic
5391,spf-archive/0054,SPF,12/6/2008,USA,OH,,Ohio Raw Wars
5392,spf-archive/0055,SPF,5/23/2009,USA,TN,Nashville,SPF Nationals
5393,spf-archive/0056,SPF,10/3/2009,USA,,,SPF/WBPLA World Powerlifting and Bench Press Championship
5394,spf-archive/0057,SPF,3/21/2009,USA,GA,Trion,Georgia State Push/Pull Championship
5395,spf-archive/0059,SPF,8/29/2009,USA,,,Temple Gym Push/Pull Classic
5396,spf-archive/0060,SPF,12/6/2008,USA,,,Body by George Classic
5397,spf-archive/0061,SPF,3/14/2009,USA,AR,Russellville,Arkansas State Powerlifting Championship
5398,spf-archive/0063,SPF,11/21/2009,USA,AR,Russellville,Arkansas Christmas Classic
5399,spf-archive/0065,SPF,4/4/2009,USA,KY,,Kentucky State Powerlifting and Bench Press Championship
5400,spf-archive/0066,SPF,5/16/2009,USA,LA,St Francisville,Tri States Powerlifting Championship
5401,spf-archive/0067,SPF,3/7/2009,USA,AL,Albertville,Alabama State Championship
5402,spf-archive/0069,SPF,1/17/2009,USA,TN,Cookeville,Cookeville Classic
5403,spf-archive/0070,SPF,10/17/2009,USA,TN,Knoxville,East Tennessee Sports Expo
5404,spf-archive/0072,SPF,11/14/2009,USA,TN,Gatlinburg,Record Breakers
5405,spf-archive/0074,SPF,3/28/2009,USA,TN,Nashville,Ironman Classic
5406,spf-archive/0076,SPF,12/5/2009,USA,TN,Nashville,Cell Block Classic
5407,spf-archive/0077,SPF,2/28/2009,USA,TN,Manchester,Big Erv Invitational
5408,spf-archive/0078,SPF,6/20/2009,USA,TN,Cookeville,Middle Tennessee Powerlifting Championship
5409,spf-archive/0080,SPF,9/5/2009,USA,VA,Salem,The Battle in the Valley
5410,spf-archive/0081,SPF,7/25/2009,USA,AR,Russellville,Southeast Regionals
5411,spf-archive/0083,SPF,8/21/2009,USA,,,2009 PRO-AM
5412,spf-archive/0084,SPF,7/11/2009,USA,TN,Chattanooga,Women's Benefit Invitational
5413,spf-archive/0085,SPF,10/24/2009,USA,KY,Mt. Washington,Kentuckiana Powerlifting and Bench Press Championship
5414,spf-archive/0086,SPF,7/18/2009,USA,TN,Bolivar,West Tennessee Push/Pull Championship
5415,spf-archive/0087,SPF,8/8/2009,USA,MS,Hattiesburg,Mississippi State Championships
5416,spf-archive/0089,SPF,6/5/2010,USA,,,National Powerlifting and Bench Press Championship
5417,spf-archive/0090,SPF,10/2/2010,USA,,,SPF/WBPLA World Championship
5418,spf-archive/0091,SPF,8/20/2010,USA,,,2010 Powerstation Pro/Am
5419,spf-archive/0092,SPF,9/19/2009,USA,CA,Sacramento,POWER 'Stimulus Package' Raw Meet
5420,spf-archive/0094,SPF,2/6/2010,USA,AR,Rogers,Arkansas State Championship
5421,spf-archive/0095,SPF,2/13/2010,USA,TN,Nashville,Tennessee State Championship
5422,spf-archive/0096,SPF,3/6/2010,USA,TN,East Ridge,Ironman Classic
5423,spf-archive/0098,SPF,12/12/2009,USA,GA,,Body by George Mini Meet
5424,spf-archive/0099,SPF,2/20/2010,USA,VA,,Brute Strength Classic
5425,spf-archive/0101,SPF,3/20/2010,USA,TX,,Longhorn Classic
5426,spf-archive/0102,SPF,4/3/2010,USA,AL,,Southern Alabama Push/Pull Championship
5427,spf-archive/0103,SPF,5/1/2010,USA,AR,,Southeast Regionals
5428,spf-archive/0104,SPF,7/31/2010,USA,AR,,Strongest in the South
5429,spf-archive/0107,SPF,11/20/2010,USA,AR,,Arkansas Christmas Classic
5430,spf-archive/0108,SPF,11/13/2010,USA,,,Record Breakers
5431,spf-archive/0110,SPF,1/23/2010,USA,AL,Guntersville,Alabama State Championship
5432,spf-archive/0111,SPF,7/10/2010,USA,AR,,Battle of the States
5433,spf-archive/0113,SPF,12/20/2009,USA,,,Merry Freaken Christmas
5434,spf-archive/0114,SPF,3/27/2010,USA,,,Guerrilla Squad Barbell Classic
5435,spf-archive/0115,SPF,4/24/2010,USA,,,Iron House Classic
5436,spf-archive/0116,SPF,3/14/2010,USA,,,March Madness
5437,spf-archive/0118,SPF,4/10/2010,USA,NC,Ashville,The Carolina Classic Powerlifting Championship
5438,spf-archive/0119,SPF,5/8/2010,USA,SC,Chesney,Summerfest Push/Pull and Bench Press Championship
5439,spf-archive/0120,SPF,4/17/2010,USA,,,Southern Bench Press and Deadlift Championship
5440,spf-archive/0121,SPF,7/17/2010,USA,AL,,Southern Regional
5441,spf-archive/0123,SPF,5/23/2010,USA,CA,Sacramento,Super Training Powerlifting and Bench Press
5442,spf-archive/0124,SPF,4/17/2010,USA,,,Big Erv Classic
5443,spf-archive/0126,SPF,7/3/2010,USA,OH,Cincinnati,Sweatt Shop Bench Classic
5444,spf-archive/0127,SPF,10/23/2010,USA,AL,,Southern Alabama Powerlifting Championship
5445,spf-archive/0128,SPF,5/22/2010,USA,,,River City Push/Pull Championship
5446,spf-archive/0132,SPF,10/23/2010,USA,VA,,Brute Strength Gym Virginia Open
5447,spf-archive/0133,SPF,8/7/2010,USA,GA,,Georgia State Championship
5448,spf-archive/0134,SPF,11/6/2010,USA,TX,Dallas,Fall Madness
5449,spf-archive/0135,SPF,3/5/2011,USA,,,Ironman Classic
5450,spf-archive/0136,SPF,7/25/2010,USA,CA,,Bay Area 3-in-1
5451,spf-archive/0137,SPF,2/26/2011,USA,,,Ozark Mountain Classic
5452,spf-archive/0138,SPF,2/12/2011,USA,AL,,Alabama State Championship
5453,spf-archive/0139,SPF,7/9/2011,USA,,,Sweatt Shop Classic
5454,spf-archive/0142,SPF,10/3/2010,USA,,,Bash for the Cash
5455,spf-archive/0143,SPF,12/5/2010,USA,,,Luke Edwards Benefit Bash
5456,spf-archive/0145,SPF,11/7/2010,USA,CA,Sacramento,Women's Pro Open
5457,spf-archive/0146,SPF,11/6/2010,USA,CA,Sacramento,Fall Men's Open
5458,spf-archive/0147,SPF,5/14/2011,USA,KY,Richmond,Guerrilla Squad Barbell Classic
5459,spf-archive/0148,SPF,3/26/2011,USA,AR,,Arkansas State Championship
5460,spf-archive/0149,SPF,12/11/2010,USA,GA,,Body by George Mini Meet
5461,spf-archive/0150,SPF,11/20/2010,USA,,,Big Iron Open
5462,spf-archive/0151,SPF,1/29/2011,USA,TN,,Tennessee State Championship
5463,spf-archive/0152,SPF,6/17/2011,USA,,,SPF Nationals
5464,spf-archive/0153,SPF,5/7/2011,USA,AL,,Mayfest Powerlifting Championship
5465,spf-archive/0155,SPF,3/12/2011,USA,VA,,Brute Strength Gym Shamrock Powerlifting and Bench Press Meet
5466,spf-archive/0156,SPF,4/9/2011,USA,,,SPF QUEST FOR ULTIMATE GLORY
5467,spf-archive/0157,SPF,4/16/2011,USA,NC,,Carolina Classic Powerlifting Championship
5468,spf-archive/0158,SPF,4/2/2011,USA,GA,,Georgia State Championship
5469,spf-archive/0159,SPF,11/12/2011,USA,,,Record Breakers
5470,spf-archive/0160,SPF,9/17/2011,USA,,,SPF/WBPLA North American Powerlifting Championship
5471,spf-archive/0161,SPF,1/9/2011,USA,CA,,Bay Area 4-in-1 Meet
5472,spf-archive/0162,SPF,2/19/2011,USA,TX,,Longhorn Classic
5473,spf-archive/0163,SPF,4/9/2011,USA,SC,Myrtle Beach,North Myrtle Beach Classic
5474,spf-archive/0164,SPF,11/5/2011,USA,SC,,South Carolina State Championship
5475,spf-archive/0165,SPF,4/30/2011,USA,OH,,Ohio State Powerlifting and Bench Press Championship
5476,spf-archive/0167,SPF,11/6/2011,USA,CA,,Women's Pro/Am
5477,spf-archive/0169,SPF,3/26/2011,USA,SC,,Heavy Metal Thunder
5478,spf-archive/0171,SPF,4/16/2011,USA,,,Southern Open Bash on the Beach
5479,spf-archive/0172,SPF,8/20/2011,USA,OH,Cincinnati,2011 PowerStation Pro/Am
5480,spf-archive/0173,SPF,3/20/2011,USA,,,2011 SPF March Madness
5481,spf-archive/0174,SPF,12/10/2011,USA,,,Outlaw Powerlifting
5482,spf-archive/0175,SPF,2/5/2011,USA,TN,Woodbury,Ironchain Classic
5483,spf-archive/0176,SPF,5/7/2011,USA,TX,McKinney,Anderson Powerlifting Texas Shoot-Out
5484,spf-archive/0177,SPF,9/10/2011,USA,AL,,Southern Regionals
5485,spf-archive/0178,SPF,5/15/2011,USA,CA,Sacramento,2011 SPF California State Championships
5486,spf-archive/0180,SPF,2/18/2012,USA,TN,,Ironchain Push/Pull Classic
5487,spf-archive/0182,SPF,10/8/2011,USA,MT,,Montana State Championship
5488,spf-archive/0183,SPF,7/23/2011,USA,LA,,Louisiana State Championship
5489,spf-archive/0184,SPF,5/28/2011,USA,SC,,Raw VS Gear War
5490,spf-archive/0185,SPF,10/22/2011,USA,VA,,Brute's Halloween Howl
5491,spf-archive/0186,SPF,7/30/2011,USA,AR,,Northwest Arkansas Powerlifting Championship
5492,spf-archive/0187,SPF,10/29/2011,USA,AL,,Irontoberfest
5493,spf-archive/0188,SPF,7/16/2011,USA,FL,,North Florida Bench Press Shootout
5494,spf-archive/0189,SPF,10/2/2011,USA,CA,,So Cal Open Powerlifting Meet
5495,spf-archive/0190,SPF,1/28/2012,USA,TN,,Tennessee State Powerlifting and Bench Press Championship
5496,spf-archive/0191,SPF,12/4/2011,USA,,,North of the Border
5497,spf-archive/0193,SPF,5/19/2012,USA,TN,,Cell Block Classic
5498,spf-archive/0194,SPF,4/21/2012,USA,KY,,Guerrilla Squad Barbell Classic
5499,spf-archive/0195,SPF,7/24/2011,USA,CA,Pleasanton,4-in-1 Powerlifting Championship
5500,spf-archive/0196,SPF,10/15/2011,USA,WA,,Washington State Northwest Iron Wars
5501,spf-archive/0197,SPF,4/28/2012,USA,AR,,South Central Regional Powerlifting Meet
5502,spf-archive/0204,SPF,10/15/2011,USA,MS,,Mississippi State Powerlifting Championship
5503,spf-archive/0205,SPF,1/21/2012,USA,AR,,Proving Ground Classic
5504,spf-archive/0207,SPF,2/4/2012,USA,,,Bench Press Nationals
5505,spf-archive/0208,SPF,7/7/2012,USA,,,Sweatt Shop Bench Press Classic
5506,spf-archive/0209,SPF,11/5/2011,USA,,,2011 SPF Men's Fall Open 4-in-1
5507,spf-archive/0210,SPF,2/25/2012,USA,AL,,Alabama State Championship
5508,spf-archive/0212,SPF,12/17/2011,USA,GA,,Body by George Mini Meet
5509,spf-archive/0213,SPF,6/16/2012,USA,,,SPF Nationals
5510,spf-archive/0214,SPF,3/24/2012,USA,MO,,Fit Physique Classic
5511,spf-archive/0216,SPF,2/19/2012,USA,VA,Hampton,Brute Strength Sports Expo
5512,spf-archive/0217,SPF,4/14/2012,USA,VA,,Brute Strength Gym's Spring Powerlifting Meet
5513,spf-archive/0218,SPF,6/23/2012,USA,,,Ozark Mt. Classic
5514,spf-archive/0219,SPF,10/6/2012,USA,MT,,Montana State Championship
5515,spf-archive/0220,SPF,12/11/2011,USA,,,Santa Claus Classic
5516,spf-archive/0222,SPF,4/14/2012,USA,CA,Sacramento,Women's Pro/Am
5517,spf-archive/0223,SPF,4/7/2012,USA,TX,,Longhorn Classic
5518,spf-archive/0224,SPF,5/5/2012,USA,SC,Myrtle Beach,North Myrtle Beach Classic
5519,spf-archive/0225,SPF,4/28/2012,USA,FL,St George Island,Bash on the Beach
5520,spf-archive/0227,SPF,5/27/2012,USA,CA,,2012 SPF California State Championships
5521,spf-archive/0228,SPF,11/3/2012,USA,,,Men's Fall Open 4-in-1
5522,spf-archive/0229,SPF,11/4/2012,USA,OH,Cincinnati,2012 SPF Women's Pro-Am
5523,spf-archive/0230,SPF,4/14/2012,USA,FL,,1st Annual East Coast Powerlifting Championship
5524,spf-archive/0231,SPF,3/17/2012,USA,NC,,North Carolina State Powerlifting Championship
5525,spf-archive/0232,SPF,2/26/2012,USA,CA,Sacramento,2012 SPF Super Training Open
5526,spf-archive/0233,SPF,4/1/2012,USA,,,No Foolin' Powerlifting Open
5527,spf-archive/0237,SPF,7/28/2012,USA,GA,,Georgia State Powerlifting and Bench Press Championship
5528,spf-archive/0238,SPF,8/25/2012,USA,,,Powerstation Pro/Am
5529,spf-archive/0241,SPF,3/10/2012,USA,,,Ironman Classic Pro/Am
5530,spf-archive/0242,SPF,5/5/2012,USA,,,Steel World Bench Press or Deadlift
5531,spf-archive/0245,SPF,11/10/2012,USA,,,Record Breakers
5532,spf-archive/0248,SPF,5/12/2012,USA,OH,,Ohio State Powerlifting Champonship
5533,spf-archive/0249,SPF,12/1/2012,USA,,,North of the Border 2
5534,spf-archive/0253,SPF,8/4/2012,USA,NC,,SPF North Carolina Raw Pro-Am
5535,spf-archive/0258,SPF,1/26/2013,USA,SC,Myrtle Beach,Myrtle Beach Raw Powerlifting and Bench Press Pro/Am
5536,spf-archive/0259,SPF,2/11/2012,USA,NE,,Rick Hussey Memorial Meet
5537,spf-archive/0260,SPF,3/24/2012,USA,AL,,Lifting for a Miracle
5538,spf-archive/0261,SPF,3/2/2013,USA,OH,Cincinnati,SPF Ironman Classic Pro-Am
5539,spf-archive/0262,SPF,10/20/2012,USA,AR,,Arkansas State Powerlifting and Bench Press Championship
5540,spf-archive/0267,SPF,6/30/2012,USA,,,Saturday Night Live Powerlifting Meet
5541,spf-archive/0268,SPF,10/13/2012,USA,MS,Hattiesburg,Mississippi State Powerlifting Championships
5542,spf-archive/0269,SPF,10/27/2012,USA,VA,,Brute's Halloween Howl
5543,spf-archive/0271,SPF,12/8/2012,USA,NC,,Military Challenge
5544,spf-archive/0272,SPF,12/8/2012,USA,GA,,Body by George Mini Meet
5545,spf-archive/0273,SPF,3/16/2013,USA,,,Midwest Raw Pro/Am
5546,spf-archive/0274,SPF,2/16/2013,USA,IL,,Illinois State Powerlifting and Bench Press Championship
5547,spf-archive/0276,SPF,10/20/2012,USA,,,Bar Benders on the Bay
5548,spf-archive/0280,SPF,2/2/2013,USA,TN,,Tennessee State Powerlifting and Bench Press Championship
5549,spf-archive/0281,SPF,2/23/2013,USA,AL,,Alabama State Powerlifting and Bench Press Championship
5550,spf-archive/0282,SPF,12/15/2012,USA,MA,Boston,Boston Barbell Christmas Classic
5551,spf-archive/0283,SPF,4/6/2013,USA,,,Tri-State Powerlifting and Bench Press Championship
5552,spf-archive/0284,SPF,4/13/2013,USA,,,Women's Power Weekend
5553,spf-archive/0285,SPF,2/9/2013,USA,MO,,Strong Gym Classic
5554,spf-archive/0286,SPF,6/14/2013,USA,,,SPF/GPC National Powerlifting and Bench Press Championship
5555,spf-archive/0290,SPF,3/30/2013,USA,GA,,Ox Mover Lift
5556,spf-archive/0291,SPF,11/10/2012,USA,AL,,Strong Inc Power Challenge
5557,spf-archive/0292,SPF,4/27/2013,USA,TN,,Cell Block Classic
5558,spf-archive/0293,SPF,2/23/2013,USA,,,Aggressive Strength Powerlifting Meet
5559,spf-archive/0295,SPF,3/23/2013,USA,NC,,Spring Military Challenge
5560,spf-archive/0296,SPF,4/13/2013,USA,KY,,GSB/Iron Mafia Classic
5561,spf-archive/0297,SPF,4/13/2013,USA,,,Brute's Spring Powerlifting Meet
5562,spf-archive/0299,SPF,4/20/2013,USA,AL,,North Alabama Powerlifting and Bench Press Championship
5563,spf-archive/0300,SPF,9/28/2013,USA,SC,Myrtle Beach,North Myrtle Beach Classic
5564,spf-archive/0301,SPF,3/24/2013,USA,,,2013 March Madness Powerlifting Meet
5565,spf-archive/0302,SPF,5/19/2013,USA,CA,Sacramento,California State Championship
5566,spf-archive/0303,SPF,11/2/2013,USA,CA,Sacramento,Backyard Meet of the Century II
5567,spf-archive/0304,SPF,11/3/2013,USA,CA,Sacramento,Super Training Women's Pro Am
5568,spf-archive/0305,SPF,5/11/2013,USA,,,Steel World Full Power Meet
5569,spf-archive/0306,SPF,11/9/2013,USA,,,Record Breakers
5570,spf-archive/0309,SPF,8/10/2013,USA,GA,,Southeastern States
5571,spf-archive/0310,SPF,8/13/2013,USA,TN,,SPF Tennessee's Mini Pro-Am PL and BP Championship
5572,spf-archive/0311,SPF,4/27/2013,USA,,,Urban Strength and Fitness Invitational
5573,spf-archive/0312,SPF,4/13/2013,USA,TX,,Texas State Powerlifting Championship
5574,spf-archive/0313,SPF,6/1/2013,USA,NC,,Summer Military Challenge
5575,spf-archive/0314,SPF,7/6/2013,USA,KS,Kansas City,Kansas City Powerlifting and Bench Press Championship
5576,spf-archive/0316,SPF,5/25/2013,USA,OH,,Ohio State Powerlifting Championship
5577,spf-archive/0317,SPF,9/21/2013,USA,,,Tri-State Powerlifting and Bench Press Championship 2
5578,spf-archive/0318,SPF,6/9/2013,USA,MA,Boston,Summer Slam at Boston Barbell
5579,spf-archive/0319,SPF,12/7/2013,USA,GA,,15th Annual Body by George Mini Meet
5580,spf-archive/0320,SPF,4/12/2014,USA,,,Georgetown Classic
5581,spf-archive/0321,SPF,10/12/2013,USA,KY,,The Blue Grass Irontoberfest
5582,spf-archive/0322,SPF,3/8/2014,USA,,,Ironman Classic Pro/Am
5583,spf-archive/0323,SPF,10/26/2013,USA,MS,,Mississippi State Powerlifting Championships
5584,spf-archive/0325,SPF,12/7/2013,USA,,,North of the Border
5585,spf-archive/0328,SPF,9/21/2013,USA,TX,Humble,My Fit Foods Houston Open
5586,spf-archive/0329,SPF,11/23/2013,USA,TN,Memphis,South of the Border Mini Pro-Am 1
5587,spf-archive/0331,SPF,10/26/2013,USA,VA,Norfolk,Brute's Halloween Howl
5588,spf-archive/0332,SPF,2/1/2014,USA,TN,,Tennessee State Powerlifting Championship
5589,spf-archive/0333,SPF,1/25/2014,USA,AR,,Proving Ground Classic
5590,spf-archive/0334,SPF,9/7/2013,USA,NC,,Crystal Coast Strength
5591,spf-archive/0335,SPF,4/19/2014,USA,SC,,South Carolina Powerlifting and Bench Press Championship
5592,spf-archive/0338,SPF,1/18/2014,USA,NC,,Early Spring Military Challenge
5593,spf-archive/0339,SPF,10/26/2013,USA,MT,,Montana State Championship
5594,spf-archive/0340,SPF,2/22/2014,USA,,,No Regret No Surrender
5595,spf-archive/0341,SPF,3/15/2014,USA,VA,Norfolk,Shamrock Powerlifting and Bench Press
5596,spf-archive/0343,SPF,3/1/2014,USA,AL,,Alabama State Powerlifting and Bench Press Championship
5597,spf-archive/0344,SPF,7/12/2014,USA,AL,,Southeastern Powerlifting And Bench Press Championship
5598,spf-archive/0345,SPF,10/25/2014,USA,KY,,Irontoberfest Powerlifting and Bench Press Challenge
5599,spf-archive/0346,SPF,11/15/2014,USA,TN,Gatlinburg,Record Breakers
5600,spf-archive/0348,SPF,3/23/2014,USA,CA,,2014 SPF March Madness
5601,spf-archive/0349,SPF,6/1/2014,USA,,,CA State Powerlifting and Bench Press Championship
5602,spf-archive/0350,SPF,11/8/2014,USA,CA,Sacramento,Backyard Meet of the Century III
5603,spf-archive/0351,SPF,11/9/2014,USA,CA,Sacramento,Women's Pro/Am
5604,spf-archive/0352,SPF,2/8/2014,USA,MT,,Montana State Powerlifting and Bench Press Championship
5605,spf-archive/0353,SPF,4/12/2014,USA,,,Women's Power Weekend
5606,spf-archive/0354,SPF,12/6/2014,USA,OH,Cincinnati,North of the Border
5607,spf-archive/0355,SPF,4/26/2014,USA,,,Tri-State 3
5608,spf-archive/0356,SPF,3/15/2014,USA,IL,,Midwest Raw Pro/Am
5609,spf-archive/0357,SPF,3/23/2014,USA,MA,Boston,Real March Madness at Boston Barbell
5610,spf-archive/0358,SPF,3/1/2014,USA,IA,Windsor Heights,Nutri-Sport Fullpower Meet
5611,spf-archive/0359,SPF,5/10/2014,USA,MO,Kansas City,Kansas City Powerlifting and Bench Press Championship
5612,spf-archive/0360,SPF,4/5/2014,USA,GA,Warner Robbins,Mid-Georgia Mayhem
5613,spf-archive/0361,SPF,6/28/2014,USA,NY,Long Island,Gaglione Strength Strong Island Summer Showdown
5614,spf-archive/0362,SPF,8/16/2014,USA,NC,Newport,Summer Challenge
5615,spf-archive/0363,SPF,7/19/2014,USA,,,SPF Nationals
5616,spf-archive/0364,SPF,9/6/2014,USA,TN,Bristol,Iron Mayhem Classic
5617,spf-archive/0365,SPF,5/10/2014,USA,TX,,Texas State
5618,spf-archive/0366,SPF,8/2/2014,USA,MS,Moss Point,LADX2 Full Power And Bench
5619,spf-archive/0367,SPF,9/27/2014,USA,SC,Myrtle Beach,Myrtle Beach Classic
5620,spf-archive/0368,SPF,10/4/2014,USA,AR,,Arkansas State Powerlifting and Bench Press
5621,spf-archive/0369,SPF,11/22/2014,USA,TN,Cordova,South Of The Border Mini Pro/AM 2
5622,spf-archive/0370,SPF,9/13/2014,USA,,,Own the Day
5623,spf-archive/0373,SPF,6/14/2014,USA,KY,,Western Kentucky Powerlifting and Bench Press Championship
5624,spf-archive/0374,SPF,6/14/2014,USA,KY,,Braggin Rights Push/Pull
5625,spf-archive/0375,SPF,6/21/2014,USA,MO,Springfield,Midwest Fitcon
5626,spf-archive/0376,SPF,10/25/2014,USA,VA,Norfolk,Brutes SPF Halloween Howl
5627,spf-archive/0377,SPF,5/4/2014,USA,NJ,,Jersey Power Challenge
5628,spf-archive/0378,SPF,11/1/2014,USA,KY,,Fall Festival
5629,spf-archive/0379,SPF,1/31/2015,USA,AR,Russellville,Proving Ground Classic
5630,spf-archive/0381,SPF,12/13/2014,USA,GA,Loganville,Body By George Mini Meet
5631,spf-archive/0382,SPF,5/3/2014,USA,,,Summer Challenge
5632,spf-archive/0383,SPF,10/18/2014,USA,,,Beards and Bows Powerlifting and Bench Press Championships
5633,spf-archive/0384,SPF,10/11/2014,USA,AL,,Alabama State Powerlifting and Bench Press Championship
5634,spf-archive/0386,SPF,12/6/2014,USA,TN,Murfreesboro,Mecca Of Murfreesboro Powerlifting And Bench Press Championship
5635,spf-archive/0387,SPF,9/27/2014,USA,,,Rick Hussey Tribute Meet
5636,spf-archive/0388,SPF,12/13/2014,USA,MS,,Mississippi State Powerlifting and Bench Press Championship
5637,spf-archive/0389,SPF,12/6/2014,USA,,,Winter Challenge
5638,spf-archive/0390,SPF,2/21/2015,USA,KY,Lexington,No Retreat No Surrender
5639,spf-archive/0391,SPF,2/7/2015,USA,TN,,Tennessee State Powerlifting Championship
5640,spf-archive/0393,SPF,10/25/2014,USA,IL,,Fall Bash
5641,spf-archive/0394,SPF,1/24/2015,USA,AL,,North Alabama Classic
5642,spf-archive/0396,SPF,2/14/2015,USA,VA,,Cupid's Classic Powerlifting Meet
5643,spf-archive/0397,SPF,6/13/2015,USA,KY,Ashland,Braggin Rights
5644,spf-archive/0398,SPF,4/11/2015,USA,KY,Princeton,Western Kentucky Powerlifting and Bench Press Championship
5645,spf-archive/0399,SPF,1/10/2015,USA,KY,,Redemption
5646,spf-archive/0400,SPF,12/6/2014,USA,NY,,Gaglione Strength Christmas Clash for Cash
5647,spf-archive/0401,SPF,4/25/2015,USA,AR,Little Rock,Little Rock Classic
5648,spf-archive/0403,SPF,4/18/2015,USA,KY,Berea,Battle of the Bluegrass
5649,spf-archive/0404,SPF,3/21/2015,USA,TN,Gatlinburg,Ironman Classic 2015
5650,spf-archive/0405,SPF,4/18/2015,USA,AR,Blytheville,Tri State 4
5651,spf-archive/0406,SPF,11/7/2015,USA,CA,Dublin,Reebok Record Breakers
5652,spf-archive/0407,SPF,2/28/2015,USA,SC,Myrtle Beach,Myrtle Beach Classic
5653,spf-archive/0408,SPF,8/22/2015,USA,,,Battle of the States Pro/Am
5654,spf-archive/0410,SPF,4/11/2015,USA,,,Women's Power Weekend
5655,spf-archive/0411,SPF,3/28/2015,USA,IA,Waukee,22nd Street Barbell Powerlifting Pro/Am
5656,spf-archive/0412,SPF,4/4/2015,USA,MS,Moss Point,State Line Full Powerlifting Meet
5657,spf-archive/0413,SPF,2/7/2015,USA,MT,,Montana Powerlifting and Bench Press Championship
5658,spf-archive/0414,SPF,3/14/2015,USA,NC,Newport,Luck of the Irish
5659,spf-archive/0415,SPF,1/10/2015,USA,TX,Corpus Christi,Bar Benders on the Bay
5660,spf-archive/0417,SPF,3/21/2015,USA,IL,Granite City,Raw Pro/Am At Tanks Gym
5661,spf-archive/0418,SPF,2/2/2014,USA,,,CCPOA
5662,spf-archive/0419,SPF,5/16/2015,USA,,,SPF Nationals
5663,spf-archive/0420,SPF,5/9/2015,USA,,,Full Power Mania
5664,spf-archive/0421,SPF,3/29/2015,USA,CA,Dublin,2015 March Madness Powerlifting Open
5665,spf-archive/0422,SPF,5/23/2015,USA,VA,,Brutes SPF Sizzling Summer Powerlifting Meet
5666,spf-archive/0423,SPF,5/30/2015,USA,AL,,Battle of the Bama
5667,spf-archive/0424,SPF,2/6/2016,USA,TN,,Tennessee State Powerlifting Championship
5668,spf-archive/0425,SPF,5/16/2015,USA,MO,Springfield,Kings and Queens of the Spring
5669,spf-archive/0426,SPF,6/6/2015,USA,TN,Murfreesboro,Golds Gym Powerlifting Classic
5670,spf-archive/0427,SPF,9/5/2015,USA,TN,Murfreesboro,Mecca of Murfreesboro Powerlifting and Bench Press Championship
5671,spf-archive/0429,SPF,10/10/2015,USA,,,Mafia Mayhem
5672,spf-archive/0430,SPF,10/3/2015,USA,AR,Russellville,Arkansas State Powerlifting And Bench Press
5673,spf-archive/0432,SPF,12/5/2015,USA,OH,Cincinnati,North of the Border 5
5674,spf-archive/0433,SPF,6/13/2015,USA,NC,Newport,Summer Steel
5675,spf-archive/0434,SPF,10/17/2015,USA,KY,Princeton,TPS Classic
5676,spf-archive/0435,SPF,6/20/2015,USA,,,Summer Pro/Am
5677,spf-archive/0436,SPF,8/29/2015,USA,TN,Cleveland,The Grit House Classic
5678,spf-archive/0437,SPF,11/21/2015,USA,AR,,South of the Border
5679,spf-archive/0438,SPF,10/31/2015,USA,FL,South Daytona,Daytona Classic
5680,spf-archive/0439,SPF,8/8/2015,USA,KY,Paducah,Own The Day
5681,spf-archive/0440,SPF,9/29/2015,USA,NC,,North Carolina State Powerlifting Championship
5682,spf-archive/0441,SPF,6/27/2015,USA,CA,Dublin,2015 SPF Summer Slam
5683,spf-archive/0442,SPF,12/12/2015,USA,AR,Little Rock,Little Rock Classic II
5684,spf-archive/0445,SPF,1/23/2016,USA,AR,Russellville,Proving Ground Classic
5685,spf-archive/0446,SPF,7/25/2015,USA,IN,Brazil,Hoosier Powerlifting Classic
5686,spf-archive/0447,SPF,6/13/2015,USA,AR,Russellville,Push/Pull In Hell
5687,spf-archive/0448,SPF,7/26/2015,USA,,,New England Summer Showdown
5688,spf-archive/0449,SPF,7/25/2015,USA,VA,,Iron Hot Melt Down
5689,spf-archive/0450,SPF,12/19/2015,USA,GA,Loganville,Body By George Mini Meet
5690,spf-archive/0452,SPF,12/12/2015,USA,TX,Austin,Merry Gainzmas Open
5691,spf-archive/0453,SPF,9/12/2015,USA,,,Fall Championship
5692,spf-archive/0455,SPF,7/15/2015,USA,TX,Corpus Christi,Battle of the Bay
5693,spf-archive/0457,SPF,11/28/2015,USA,MS,Moss Point,Mississippi State Powerlifting Championship
5694,spf-archive/0458,SPF,10/10/2015,USA,,,Lady Liberty Women's Pro/Am
5695,spf-archive/0459,SPF,10/31/2015,USA,,,Halloween Howl
5696,spf-archive/0460,SPF,1/16/2016,USA,,,No Retreat No Surrender
5697,spf-archive/0462,SPF,11/22/2015,USA,,,New England Power Challenge
5698,spf-archive/0463,SPF,12/12/2015,USA,PA,Allentown,Come Home For Christmas Classic
5699,spf-archive/0467,SPF,12/5/2015,USA,TN,Cleveland,Gritmas Classic
5700,spf-archive/0468,SPF,12/5/2015,USA,,,Winter Challenge
5701,spf-archive/0469,SPF,11/21/2015,USA,MO,Springfield,2nd Annual Beards and Bows
5702,spf-archive/0471,SPF,2/13/2016,USA,,,Heart of a Lion Powerlifting Meet
5703,spf-archive/0473,SPF,2/27/2016,USA,FL,,Daytona Classic II
5704,spf-archive/0474,SPF,12/12/2015,USA,TX,,Lone Star One Last Pull
5705,spf-archive/0475,SPF,3/12/2016,USA,,,Ironman Classic and Raw Pro/Am
5706,spf-archive/0476,SPF,6/18/2016,USA,TN,Gatlinburg,SPF Nationals
5707,spf-archive/0477,SPF,3/12/2016,USA,IL,,Raw Pro/Am at Tanks Gym
5708,spf-archive/0478,SPF,5/21/2016,USA,,,Mason/Dixon Spring Challenge
5709,spf-archive/0479,SPF,3/19/2016,USA,IA,Des Moines,22nd St. Barbell
5710,spf-archive/0480,SPF,5/15/2016,USA,,,Northeast Showdown
5711,spf-archive/0481,SPF,3/20/2016,USA,,,Spring Fling Push-Pull
5712,spf-archive/0482,SPF,1/31/2016,USA,,,Bill Tracey Jr. Deadlift Classic
5713,spf-archive/0484,SPF,4/2/2016,USA,KY,Paducah,Own The Day
5714,spf-archive/0487,SPF,3/26/2016,USA,AR,Little Rock,Little Rock Classic
5715,spf-archive/0490,SPF,1/23/2016,USA,AL,,Alabama State Powerlifting and Bench Press Championship
5716,spf-archive/0493,SPF,4/30/2016,USA,,,Missabama
5717,spf-archive/0497,SPF,6/11/2016,USA,TX,Austin,Austin Simply Fit Open
5718,spf-archive/0499,SPF,2/6/2016,USA,,,Evansville Powerlifting Classic
5719,spf-archive/0501,SPF,5/7/2016,USA,,,Mayfest Classic
5720,spf-archive/0503,SPF,4/16/2016,USA,CA,Sacramento,Women's Pro/Am
5721,spf-archive/0504,SPF,3/19/2016,USA,NC,,St. Patty's Day Full Power and Push/Pull Championship
5722,spf-archive/0508,SPF,1/23/2016,USA,,,Iron Wars
5723,spf-archive/0509,SPF,4/9/2016,USA,SC,Myrtle Beach,Myrtle Beach Classic
5724,spf-archive/0511,SPF,4/16/2016,USA,AR,,Arkansas Muscle Powerlifting Championship
5725,spf-archive/0512,SPF,5/28/2016,USA,,,Spring Hill Classic
5726,spf-archive/0515,SPF,5/21/2016,USA,,,4th Annual Warrior Classic
5727,spf-archive/0516,SPF,2/6/2016,USA,,,Northeast Powerbowl III
5728,spf-archive/0518,SPF,2/27/2016,USA,MO,,Missouri State
5729,spf-archive/0520,SPF,5/7/2016,USA,,,Rhino Classic
5730,spf-archive/0530,SPF,3/20/2016,USA,CA,Dublin,2016 CSA March Madness
5731,spf-archive/0535,SPF,3/12/2016,USA,TX,Corpus Christi,Bar Benders on the Bay
5732,spf-archive/0537,SPF,6/11/2016,USA,KY,,Western Kentucky Powerlifting and Bench Press Championship
5733,spf-archive/0545,SPF,5/14/2016,USA,,,Madmax Classic Bench Press and Deadlift Championship
5734,spf-archive/0550,SPF,6/12/2016,USA,CA,Dublin,2016 SPF Summer Slam
5735,thspa/2318,THSPA,1/6/2016,USA,TX,Moody,Moody Quad Meet
5736,thspa/2319,THSPA,1/9/2016,USA,TX,Lindale,Lindale Invitational
5737,thspa/2320,THSPA,1/9/2016,USA,TX,Bowie,Jackrabbit Invitational Powerlifting Meet
5738,thspa/2321,THSPA,1/9/2016,USA,TX,Geronimo Navarro,Navarro Panther Invitational
5739,thspa/2322,THSPA,1/9/2016,USA,TX,Cameron,Yoe Classic 2016
5740,thspa/2324,THSPA,1/8/2016,USA,TX,The Woodlands,TWHS Tri-Meet
5741,thspa/2325,THSPA,1/9/2016,USA,TX,Donna North,Donna North Invitational Boys
5742,thspa/2326,THSPA,1/8/2016,USA,TX,Rio Grande City,Rio Grande City Powerlifting Meet 2016
5743,thspa/2327,THSPA,1/9/2016,USA,TX,Edgewood,Edgewood Invitational
5744,thspa/2328,THSPA,1/9/2016,USA,TX,Skidmore,2016 Skidmore Powerlifting Meet Boys
5745,thspa/2330,THSPA,1/5/2016,USA,TX,Bovina,Bovina Invitational
5746,thspa/2331,THSPA,1/9/2016,USA,TX,Weimar,Weimar Wildcat Invitational
5747,thspa/2332,THSPA,1/9/2016,USA,TX,Monahans,Sandhills Powerlifting Invitational
5748,thspa/2333,THSPA,1/9/2016,USA,TX,Zapata,Zapata Hawks
5749,thspa/2334,THSPA,1/7/2016,USA,TX,Hull-Daisetta,Hull-Daisetta Boys
5750,thspa/2335,THSPA,1/9/2016,USA,TX,Dickinson,3rd Annual Dickinson Gator Meet
5751,thspa/2337,THSPA,1/9/2016,USA,TX,Laredo,Martin High School Powerlifting Meet
5752,thspa/2339,THSPA,1/12/2016,USA,TX,Boswell,Boswell Invitational Meet
5753,thspa/2341,THSPA,1/9/2016,USA,TX,Carrizo Springs,Wildcat Invitational
5754,thspa/2342,THSPA,1/12/2016,USA,TX,Brewer,Brewer High School Invitational
5755,thspa/2343,THSPA,1/11/2016,USA,TX,Granbury,Granbury High Meet
5756,thspa/2344,THSPA,1/13/2016,USA,TX,Eaton,Eaton Invitational
5757,thspa/2346,THSPA,1/14/2016,USA,TX,Iowa Park,Iowa Park Invitational
5758,thspa/2347,THSPA,1/14/2016,USA,TX,Bridge City,Bridge City Invitational Meet Boys
5759,thspa/2348,THSPA,1/14/2016,USA,TX,Hull-Daisetta,Hardin Boys
5760,thspa/2350,THSPA,1/14/2016,USA,TX,,GISD Tri Meet
5761,thspa/2351,THSPA,1/14/2016,USA,TX,Burleson,Burleson Elk Invitational 2016
5762,thspa/2352,THSPA,1/14/2016,USA,TX,Tyler,Tyler Lee Invitational
5763,thspa/2353,THSPA,1/14/2016,USA,TX,Paschal,Paschal Powerlifting Meet
5764,thspa/2354,THSPA,1/14/2016,USA,TX,Florence,2016 Florence Buffalo Powerlifting Invitiational
5765,thspa/2355,THSPA,1/13/2016,USA,TX,Waco,Midway Invitational
5766,thspa/2356,THSPA,1/13/2016,USA,TX,Big Spring,Big Spring Invitational 2016
5767,thspa/2357,THSPA,1/14/2016,USA,TX,Slaton,Slaton Invitational 2016
5768,thspa/2358,THSPA,1/14/2016,USA,TX,,TSS Invitation 2
5769,thspa/2359,THSPA,1/14/2016,USA,TX,Porter,Eddie Lucio Powerlifting Classic 2016
5770,thspa/2360,THSPA,1/15/2016,USA,TX,Needville,Needville High School 1-15
5771,thspa/2361,THSPA,1/14/2016,USA,TX,Coldspring,Coldsprings Meet
5772,thspa/2362,THSPA,1/16/2016,USA,TX,Chico,4th Annual Chico Invitational
5773,thspa/2363,THSPA,1/16/2016,USA,TX,Madison,13th Annual Southside Classic
5774,thspa/2364,THSPA,1/14/2016,USA,TX,,Veterans Tri-Meet
5775,thspa/2365,THSPA,1/16/2016,USA,TX,Cigarroa,Toro Invitational
5776,thspa/2366,THSPA,1/16/2016,USA,TX,,Academy Power Lifting Invitational
5777,thspa/2368,THSPA,1/16/2016,USA,TX,Anna,Anna Invitational 2016
5778,thspa/2369,THSPA,1/16/2016,USA,TX,Sunnyvale,SUNNYVALE INVITATIONAL
5779,thspa/2370,THSPA,1/16/2016,USA,TX,Andrews,Andrews Invitational
5780,thspa/2371,THSPA,1/16/2016,USA,TX,Bosqueville,Bosqueville Invitational
5781,thspa/2372,THSPA,1/16/2016,USA,TX,Dublin,Dublin Invitational 2016
5782,thspa/2373,THSPA,1/16/2016,USA,TX,San Diego,2016 San Diego Powerlifting Meet Boys
5783,thspa/2374,THSPA,1/16/2016,USA,TX,Panhandle,1st Annual Panhandle Powerlifting Meet
5784,thspa/2375,THSPA,1/16/2016,USA,TX,Giddings,Giddings Meet
5785,thspa/2376,THSPA,1/16/2016,USA,TX,Plainview,Plainview Invitational
5786,thspa/2377,THSPA,1/16/2016,USA,TX,Splendora,Splendora Powerlifting Meet
5787,thspa/2378,THSPA,1/16/2016,USA,TX,Pearsall,Pearsall Metal Classic
5788,thspa/2379,THSPA,1/16/2016,USA,TX,Poteet,Poteet Powerlifting Meet
5789,thspa/2380,THSPA,1/16/2016,USA,TX,Kyle,Hays Rebel Meet
5790,thspa/2381,THSPA,1/16/2016,USA,TX,Rice,Rice Bulldog Invitational
5791,thspa/2383,THSPA,1/16/2016,USA,TX,Valley View,Valley View Meet
5792,thspa/2384,THSPA,1/16/2016,USA,TX,Van,Van Invitational Meet
5793,thspa/2385,THSPA,1/12/2016,USA,TX,Burnet,Burnet Power Lifting Meet
5794,thspa/2388,THSPA,1/15/2016,USA,TX,West Brook,West Brook Quad
5795,thspa/2390,THSPA,1/20/2016,USA,TX,McKinney,MISD Powerlifting Meet
5796,thspa/2391,THSPA,1/16/2016,USA,TX,,Magnolia High School Meet
5797,thspa/2392,THSPA,1/21/2016,USA,TX,Cleburne,Cleburne JV Boys Meet
5798,thspa/2393,THSPA,1/21/2016,USA,TX,Hull-Daisetta,Deweyville Boys
5799,thspa/2394,THSPA,1/21/2016,USA,TX,Cleveland,Cleveland Invitational
5800,thspa/2395,THSPA,1/21/2016,USA,TX,Byron Nelson,Byron Nelson
5801,thspa/2396,THSPA,1/21/2016,USA,TX,Berkner,Berkner Quad Meet
5802,thspa/2397,THSPA,1/21/2016,USA,TX,Lampasas,Lampasas Badger Invitational Powerlifting
5803,thspa/2399,THSPA,1/21/2016,USA,TX,Anahuac,Anahuac Meet 1
5804,thspa/2400,THSPA,1/23/2016,USA,TX,Elkhart,Elkhart Invitational
5805,thspa/2401,THSPA,1/23/2016,USA,TX,Bridgeport,Bridgeport Invitational
5806,thspa/2402,THSPA,1/23/2016,USA,TX,,Moody Boys Powerlifting Invitational
5807,thspa/2403,THSPA,1/23/2016,USA,TX,Smithville,Smithville Powerlifting Champions
5808,thspa/2404,THSPA,1/23/2016,USA,TX,Princeton,2016 Princeton Panther Invitational
5809,thspa/2405,THSPA,1/23/2016,USA,TX,Sulphur Springs,Sulphur Springs ISD
5810,thspa/2406,THSPA,1/23/2016,USA,TX,,Abilene High Invitational
5811,thspa/2408,THSPA,1/23/2016,USA,TX,La Joya,La Joya Powerlifting Invitational 2016
5812,thspa/2409,THSPA,1/23/2016,USA,TX,Laredo United South,USHS Panther Power Invitational
5813,thspa/2410,THSPA,1/23/2016,USA,TX,Alice,2016 Alice Powerlifting Meet-Boys
5814,thspa/2411,THSPA,1/23/2016,USA,TX,Georgetown,Georgetown
5815,thspa/2412,THSPA,1/23/2016,USA,TX,Bryan,Brazos Valley Invitational
5816,thspa/2415,THSPA,1/23/2016,USA,TX,Taylor,Taylor Top Flight
5817,thspa/2416,THSPA,1/23/2016,USA,TX,Santo,Santo Boys Invitational 2016
5818,thspa/2417,THSPA,1/23/2016,USA,TX,Weslaco East,Weslaco East Invitational
5819,thspa/2418,THSPA,1/23/2016,USA,TX,Alvin,2nd Annual Yellowjacket Powerlifting Classic
5820,thspa/2419,THSPA,1/23/2016,USA,TX,Abernathy,Antelope Invitational
5821,thspa/2420,THSPA,1/23/2016,USA,TX,Childress,Childress Powerlifting Meet
5822,thspa/2421,THSPA,1/23/2016,USA,TX,Mertzon,Irion County Invitational
5823,thspa/2422,THSPA,1/23/2016,USA,TX,Perryton,Perryton Invitational Meet
5824,thspa/2423,THSPA,1/23/2016,USA,TX,Holy Cross,Holy Cross Invitational
5825,thspa/2424,THSPA,1/23/2016,USA,TX,Lake Belton,Belton Invitational 2016
5826,thspa/2425,THSPA,1/23/2016,USA,TX,Vanderbilt,Industrial Powerlifting Meet
5827,thspa/2426,THSPA,1/21/2016,USA,TX,Buna,Buna Powerlifting Meet
5828,thspa/2427,THSPA,1/23/2016,USA,TX,Mildred,Mildred Invitational
5829,thspa/2429,THSPA,1/23/2016,USA,TX,Colorado City,C-City Invitational
5830,thspa/2430,THSPA,1/21/2016,USA,TX,West Orange-Stark,West Orange-Stark Meet
5831,thspa/2431,THSPA,1/23/2016,USA,TX,Carrizo Springs,Wildcat Invitational 2
5832,thspa/2432,THSPA,1/23/2016,USA,TX,Oak Ridge,Oak Ridge High School
5833,thspa/2433,THSPA,1/23/2016,USA,TX,Sam Rayburn,Pasadena ISD 1st Annual Invitational
5834,thspa/2434,THSPA,1/25/2016,USA,TX,Hallsville,Hallsville Powerlifting Meet
5835,thspa/2435,THSPA,1/26/2016,USA,TX,Mansfield,Mansfield High Boys Invitational
5836,thspa/2436,THSPA,1/23/2016,USA,TX,Liberty City,Sabine Bo Bates Invitational
5837,thspa/2437,THSPA,1/26/2016,USA,TX,Azle,Azle Invitational 2016
5838,thspa/2438,THSPA,1/23/2016,USA,TX,Brownsville,4th Annual Viking Invitational
5839,thspa/2439,THSPA,1/26/2016,USA,TX,Lubbock,Lubbock-Cooper High School Powerlifting Meet
5840,thspa/2441,THSPA,1/21/2016,USA,TX,Lovejoy,Lovejoy Invitational
5841,thspa/2442,THSPA,1/28/2016,USA,TX,Springtown,Springtown Meet
5842,thspa/2443,THSPA,1/28/2016,USA,TX,Burleson,Centennial Spartan Invitational
5843,thspa/2444,THSPA,1/28/2016,USA,TX,Decatur,Decatur Invitational
5844,thspa/2445,THSPA,1/28/2016,USA,TX,Western Hills,Western Hills Tri Meet
5845,thspa/2446,THSPA,1/28/2016,USA,TX,Madisonville,Madisonville Invitational
5846,thspa/2447,THSPA,1/28/2016,USA,TX,Madisonville,Madisonville Invitational
5847,thspa/2448,THSPA,1/28/2016,USA,TX,Huntington,Huntington Red Devil Invitational
5848,thspa/2450,THSPA,1/27/2016,USA,TX,Timber Creek,Timber Creek Meet
5849,thspa/2451,THSPA,1/28/2016,USA,TX,Creekview,Creekview Invitational
5850,thspa/2452,THSPA,1/28/2016,USA,TX,Holland,Holland Invitational
5851,thspa/2453,THSPA,1/28/2016,USA,TX,Anahuac,Anahuac Meet 2
5852,thspa/2454,THSPA,1/28/2016,USA,TX,Needville,Needville High School 1-28
5853,thspa/2455,THSPA,1/28/2016,USA,TX,Vidor,Vidor Invitational
5854,thspa/2456,THSPA,1/28/2016,USA,TX,Port Neches-Groves,PNG Powerlifting Meet
5855,thspa/2457,THSPA,1/30/2016,USA,TX,Malakoff,Malakoff Invitational
5856,thspa/2458,THSPA,1/30/2016,USA,TX,Jacksboro,Jacksboro Invitational
5857,thspa/2459,THSPA,1/30/2016,USA,TX,Perrin,Perrin Meet
5858,thspa/2460,THSPA,1/30/2016,USA,TX,Whitesboro,Whitesboro Boys Powerlifting Invitational
5859,thspa/2461,THSPA,1/30/2016,USA,TX,Crandall,Crandall HS Ivitational
5860,thspa/2463,THSPA,1/30/2016,USA,TX,Seminole,Seminole Invitational
5861,thspa/2464,THSPA,1/29/2016,USA,TX,Abilene,Cougar Invitational
5862,thspa/2469,THSPA,1/30/2016,USA,TX,,J. W. Nixon High School Powerlifting Championships
5863,thspa/2470,THSPA,1/30/2016,USA,TX,,J. W. Nixon Powerlifting Championships
5864,thspa/2471,THSPA,1/30/2016,USA,TX,Brownsville,Brownsville Lopez Invitational Boys
5865,thspa/2472,THSPA,1/30/2016,USA,TX,Sharyland,Sharyland Powerlifting Meet 2016
5866,thspa/2473,THSPA,1/28/2016,USA,TX,,TSS Invitational 4
5867,thspa/2474,THSPA,1/30/2016,USA,TX,,Copperas Cove Invitational
5868,thspa/2475,THSPA,1/29/2016,USA,TX,Kyle,Lehman Lobo Invitational
5869,thspa/2476,THSPA,1/30/2016,USA,TX,Lone Oak,Lone Oak High School
5870,thspa/2477,THSPA,1/30/2016,USA,TX,Comanche,Comanche Invitational
5871,thspa/2482,THSPA,1/30/2016,USA,TX,Paris,North Lamar
5872,thspa/2484,THSPA,1/30/2016,USA,TX,,Montgomery Invitational
5873,thspa/2485,THSPA,1/30/2016,USA,TX,Milby,Milby Powerlifting Tournament
5874,thspa/2486,THSPA,1/30/2016,USA,TX,Dimmitt,Bobcat Invitational
5875,thspa/2487,THSPA,1/28/2016,USA,TX,Brownfield,Brownfield Invitational
5876,thspa/2488,THSPA,1/30/2016,USA,TX,Coahoma,Coahoma Invitational
5877,thspa/2489,THSPA,1/30/2016,USA,TX,,Crane High School Invitational
5878,thspa/2491,THSPA,1/30/2016,USA,TX,Highland Park,Highland Park Amarillo Classic
5879,thspa/2492,THSPA,1/28/2016,USA,TX,Woodville,Woodville Powerlifting Meet
5880,thspa/2493,THSPA,1/30/2016,USA,TX,Lago Vista,Lago Vista Invitational
5881,thspa/2494,THSPA,1/28/2016,USA,TX,Saginaw,Rough Rider Invitational
5882,thspa/2495,THSPA,1/30/2016,USA,TX,West Oso,Bears Loaded
5883,thspa/2496,THSPA,1/30/2016,USA,TX,North Forney,North Forney Invitational
5884,thspa/2497,THSPA,1/30/2016,USA,TX,Snyder,2016 Snyder Invitational
5885,thspa/2498,THSPA,1/28/2016,USA,TX,Marshall,Marshall Maverick Powerlifting Meet
5886,thspa/2499,THSPA,1/29/2016,USA,TX,Elgin,Elgin Wildcat Invitational
5887,thspa/2500,THSPA,1/30/2016,USA,TX,Arlington,Oakridge Iron Championships
5888,thspa/2501,THSPA,1/30/2016,USA,TX,,Rains Invitational
5889,thspa/2502,THSPA,1/30/2016,USA,TX,Yorktown,Yorktown Invitational
5890,thspa/2503,THSPA,2/4/2016,USA,TX,Hull-Daisetta,West Hardin
5891,thspa/2504,THSPA,2/4/2016,USA,TX,,Panther Invitational
5892,thspa/2505,THSPA,1/26/2016,USA,TX,,Liberty League Meet
5893,thspa/2506,THSPA,2/4/2016,USA,TX,Brownsville,Brownsville Pace Tri-Meet Boys Division
5894,thspa/2507,THSPA,2/4/2016,USA,TX,Mansfield Summit,Mansfield Summit Boys Invitational
5895,thspa/2508,THSPA,2/4/2016,USA,TX,Winnsboro,Winnsboro High School Boys
5896,thspa/2509,THSPA,2/3/2016,USA,TX,Fossil Ridge,Fossil Ridge Meet
5897,thspa/2510,THSPA,2/4/2016,USA,TX,Kirbyville,Kirbyville High School
5898,thspa/2511,THSPA,2/4/2016,USA,TX,Fairfield,Darrell Piske Memorial
5899,thspa/2512,THSPA,2/3/2016,USA,TX,Warren,Warren Powerlifting Meet
5900,thspa/2514,THSPA,2/4/2016,USA,TX,Frisco,Frisco Centennial Meet
5901,thspa/2515,THSPA,2/4/2016,USA,TX,Levelland,Levelland Triangular
5902,thspa/2516,THSPA,2/4/2016,USA,TX,Ranchview,Ranchview Invitational
5903,thspa/2517,THSPA,2/6/2016,USA,TX,Orange Grove,Orange Grove 6th Annual Invitational-Boys
5904,thspa/2518,THSPA,2/6/2016,USA,TX,,3rd Annual Edcouch Elsa Powerlifting Meet
5905,thspa/2519,THSPA,2/6/2016,USA,TX,Whitney,12th Annual Whitney Inviitational
5906,thspa/2520,THSPA,2/6/2016,USA,TX,Salado,Salado Invitational
5907,thspa/2521,THSPA,2/4/2016,USA,TX,San Saba,San Saba High School Meet
5908,thspa/2523,THSPA,2/4/2016,USA,TX,,Rene Oliveira Powerlifting Classic
5909,thspa/2524,THSPA,2/6/2016,USA,TX,Wichita Falls,Raider Invitational
5910,thspa/2525,THSPA,2/6/2016,USA,TX,,Gregory-Portland Wildcat Invitational
5911,thspa/2526,THSPA,2/6/2016,USA,TX,Somerset,Somerset Invitational 2016
5912,thspa/2527,THSPA,2/4/2016,USA,TX,Mauriceville,Bear Iron Invitational
5913,thspa/2528,THSPA,2/6/2016,USA,TX,Weslaco,Weslaco Powerlifting Meet
5914,thspa/2529,THSPA,2/6/2016,USA,TX,San Marcos,SM Rattler Meet
5915,thspa/2530,THSPA,2/5/2016,USA,TX,Wills Point,Wills Point Invitational-Boys
5916,thspa/2531,THSPA,2/4/2016,USA,TX,San Angelo,Lake View Ironworks Powerlifting Meet
5917,thspa/2532,THSPA,2/6/2016,USA,TX,,St. Joseph Flyer PowerFest
5918,thspa/2533,THSPA,2/6/2016,USA,TX,Reicher,Reicher Boys Powerlifting Meet
5919,thspa/2534,THSPA,2/4/2016,USA,TX,Carthage,Carthage Meet
5920,thspa/2535,THSPA,2/6/2016,USA,TX,Brazosport,Brazosport Invitational Powerlifting Meet
5921,thspa/2536,THSPA,2/5/2016,USA,TX,Elkhart,Elkhart Meet 2
5922,thspa/2537,THSPA,2/11/2016,USA,TX,Chapel Hill,Chapel Hill Invitational
5923,thspa/2538,THSPA,2/11/2016,USA,TX,Midlothan,Midlothian Panther Invitational
5924,thspa/2539,THSPA,2/10/2016,USA,TX,Jarrell,Jarrell Boys 2016 Powerlifting Meet
5925,thspa/2540,THSPA,2/11/2016,USA,TX,Brady,H.O.T Powerlifting
5926,thspa/2541,THSPA,2/10/2016,USA,TX,Redwater,Redwater Invitational
5927,thspa/2542,THSPA,2/11/2016,USA,TX,Tarkington,Tarkington Meet
5928,thspa/2543,THSPA,2/11/2016,USA,TX,Sour Lake,Hardin-Jefferson Meet
5929,thspa/2544,THSPA,2/11/2016,USA,TX,Needville,Needville High School 2-11
5930,thspa/2545,THSPA,2/11/2016,USA,TX,Nederland,Nederland Invitationl
5931,thspa/2546,THSPA,2/10/2016,USA,TX,Waller,Waller Power Lifting Meet
5932,thspa/2549,THSPA,2/11/2016,USA,TX,Conroe,Conroe HS Tri-Meet
5933,thspa/2550,THSPA,2/11/2016,USA,TX,Corrigan,Corrigan-Camden Powerlifting Meet
5934,thspa/2551,THSPA,2/10/2016,USA,TX,Texas City,Sting Invitational
5935,thspa/2552,THSPA,2/11/2016,USA,TX,,Colmesneil Power Lift Meet
5936,thspa/2553,THSPA,2/11/2016,USA,TX,Altair,Rice Thursday Meet
5937,thspa/2554,THSPA,2/11/2016,USA,TX,Aledo,Aledo
5938,thspa/2555,THSPA,2/11/2016,USA,TX,City View,City View Invitational
5939,thspa/2556,THSPA,2/12/2016,USA,TX,Fort Worth,Fort Worth Arlington Heights Yellow Jacket Powerlifting Meet
5940,thspa/2558,THSPA,2/11/2016,USA,TX,,JJ Pearce Quad Meet
5941,thspa/2559,THSPA,2/11/2016,USA,TX,Bruceville,Bruceville-Eddy Meet Boys
5942,thspa/2560,THSPA,2/13/2016,USA,TX,Mount Pleasant,Mount Pleasant Invitational
5943,thspa/2561,THSPA,2/11/2016,USA,TX,Santo,AJR Wildcat Strong Invitational
5944,thspa/2562,THSPA,2/13/2016,USA,TX,Cedar Hill,Longhorn Invitational
5945,thspa/2563,THSPA,2/13/2016,USA,TX,East View,East View Powerlifting Classic
5946,thspa/2565,THSPA,2/13/2016,USA,TX,Calallen,Asa Chambless Powerlifting Classic
5947,thspa/2566,THSPA,2/13/2016,USA,TX,Edinburg,Edinburg Vela HS Powerlifting Meet 2016
5948,thspa/2567,THSPA,2/13/2016,USA,TX,Hidalgo,Border Classic Boys
5949,thspa/2568,THSPA,2/8/2016,USA,TX,Robinson,Robinson 2016 Invitational
5950,thspa/2569,THSPA,2/11/2016,USA,TX,Tahoka,Tahoka Coop
5951,thspa/2570,THSPA,2/11/2016,USA,TX,Sonora,Sonora Powerlifting Meet
5952,thspa/2571,THSPA,2/11/2016,USA,TX,Clyde,Clyde Invitational
5953,thspa/2572,THSPA,2/13/2016,USA,TX,Levelland,Levelland Powerlifting
5954,thspa/2573,THSPA,2/13/2016,USA,TX,Forsan,Forsan Buffaloes Invitational
5955,thspa/2574,THSPA,2/13/2016,USA,TX,Alpine,2016 Alpine Invitational
5956,thspa/2575,THSPA,2/12/2016,USA,TX,Independence,Independence Invitational
5957,thspa/2577,THSPA,2/11/2016,USA,TX,Brownsville,BISD City Championship
5958,thspa/2578,THSPA,2/11/2016,USA,TX,,TSS Invitational 6
5959,thspa/2579,THSPA,2/13/2016,USA,TX,Castroville,Medina Valley Hill Country Classic
5960,thspa/2580,THSPA,2/11/2016,USA,TX,Weatherford,Weatherford Invitational Power Lifting Meet
5961,thspa/2581,THSPA,2/11/2016,USA,TX,Temple,Wildcat Invitational
5962,thspa/2582,THSPA,2/13/2016,USA,TX,Shepherd,Shepherd High School Invitational
5963,thspa/2583,THSPA,2/13/2016,USA,TX,Bay City,Blackcat Powerlifting Classic
5964,thspa/2584,THSPA,2/11/2016,USA,TX,Silsbee,Silsbee Invitational
5965,thspa/2585,THSPA,2/11/2016,USA,TX,Chisholm Trail,Chishlolm Trail Meet
5966,thspa/2586,THSPA,2/13/2016,USA,TX,Karnes City,Karnes City Invitational
5967,thspa/2587,THSPA,2/13/2016,USA,TX,Ranger,Ranger Meet
5968,thspa/2588,THSPA,2/13/2016,USA,TX,Blooming Grove,Blooming Grove Invitational
5969,thspa/2589,THSPA,2/13/2016,USA,TX,,S&S Boys Powerlifting Meet
5970,thspa/2590,THSPA,2/12/2016,USA,TX,Livingston,Livingston Lion Invitational
5971,thspa/2591,THSPA,2/9/2016,USA,TX,Northwest,Northwest Invitational
5972,thspa/2592,THSPA,2/10/2016,USA,TX,Keller,Keller Meet
5973,thspa/2593,THSPA,2/17/2016,USA,TX,Central,Central Meet
5974,thspa/2594,THSPA,2/18/2016,USA,TX,,GISD Mini Meet Boys 2
5975,thspa/2595,THSPA,2/18/2016,USA,TX,Joshua,Joshua Fighting Owl Invitational
5976,thspa/2597,THSPA,2/18/2016,USA,TX,,Liberty League Meet
5977,thspa/2598,THSPA,2/18/2016,USA,TX,Orangefield,Orangefield Invitational
5978,thspa/2599,THSPA,2/18/2016,USA,TX,Dickinson,Dickinson Quad Meet
5979,thspa/2600,THSPA,2/18/2016,USA,TX,Atlanta,Atlanta Iron Invitational
5980,thspa/2601,THSPA,2/17/2016,USA,TX,Diboll,Diboll League Championship Meet
5981,thspa/2602,THSPA,2/18/2016,USA,TX,Plainview,Plainview Triangular
5982,thspa/2603,THSPA,2/18/2016,USA,TX,Lumberton,Lumberton Raider Invitational
5983,thspa/2604,THSPA,2/18/2016,USA,TX,Greenwood,Greenwood Invitational
5984,thspa/2608,THSPA,2/18/2016,USA,TX,Paris,Paris High Powerlifting Meet 2016
5985,thspa/2612,THSPA,2/18/2016,USA,TX,Lago Vista,Lago Vista Invitational
5986,thspa/2613,THSPA,2/18/2016,USA,TX,Frisco,Frisco ISD District Meet
5987,thspa/2614,THSPA,2/18/2016,USA,TX,Eaton,NISD Championship
5988,thspa/2615,THSPA,2/18/2016,USA,TX,Mansfield,Timberview Boys Invitational
5989,thspa/2616,THSPA,2/20/2016,USA,TX,Nocona,2016 Nocona Invitational
5990,thspa/2617,THSPA,2/20/2016,USA,TX,Bullard,Bullard Invitational
5991,thspa/2618,THSPA,2/20/2016,USA,TX,Commerce,2016 Commerce Invitational Boys
5992,thspa/2619,THSPA,2/20/2016,USA,TX,San Antonio,TSS East Central Invitational Boys
5993,thspa/2620,THSPA,2/20/2016,USA,TX,Iowa Park,25th Mean Green Powerlifting Meet
5994,thspa/2621,THSPA,2/20/2016,USA,TX,Hebbronville,2016 Hebbronville Invitational-Boys
5995,thspa/2622,THSPA,2/20/2016,USA,TX,Andrews,Andrews Last Qualifier
5996,thspa/2623,THSPA,2/18/2016,USA,TX,Highland Park,Highland Park Scot Classic
5997,thspa/2624,THSPA,2/16/2016,USA,TX,Whitney,West HS Invitational
5998,thspa/2625,THSPA,2/20/2016,USA,TX,Stephenville,Stephenville Meet
5999,thspa/2626,THSPA,2/20/2016,USA,TX,Alvarado,Alvarado Invitational
6000,thspa/2627,THSPA,2/18/2016,USA,TX,Merkel,Merkel Meet
6001,thspa/2628,THSPA,2/20/2016,USA,TX,Dalhart,Dalhart Invitational
6002,thspa/2629,THSPA,2/18/2016,USA,TX,Sweetwater,Arlon Barnes Classic
6003,thspa/2630,THSPA,2/20/2016,USA,TX,Seagraves,Seagraves Invitational
6004,thspa/2631,THSPA,2/20/2016,USA,TX,Kennedale,Kennedale Invitational
6005,thspa/2632,THSPA,2/20/2016,USA,TX,Howe,Howe Invitational 2016
6006,thspa/2633,THSPA,2/20/2016,USA,TX,West Brook,Last Qualifier
6007,thspa/2634,THSPA,2/20/2016,USA,TX,The Woodlands,2016 Highlander Powerlifting Meet
6008,thspa/2635,THSPA,2/20/2016,USA,TX,Maud,2016 Maud Invitational Powerlifting Meet
6009,thspa/2637,THSPA,2/20/2016,USA,TX,Sweeny,Sweeny Boys Invitational
6010,thspa/2638,THSPA,2/18/2016,USA,TX,Newton,Newton High School
6011,thspa/2639,THSPA,2/20/2016,USA,TX,Quitman,Quitman Powerlifting Meet
6012,thspa/2640,THSPA,2/20/2016,USA,TX,Forney,9th Annual Jackrabbit Invitational
6013,thspa/2641,THSPA,2/20/2016,USA,TX,Crystal City,Javelina Power Fest
6014,thspa/2642,THSPA,2/20/2016,USA,TX,Poth,Poth Powerlifting Meet
6015,thspa/2643,THSPA,2/20/2016,USA,TX,Altair,Rice Saturday Meet
6016,thspa/2644,THSPA,2/11/2016,USA,TX,,Jasper 2016
6017,thspa/2645,THSPA,2/23/2016,USA,TX,Saginaw,Rough Rider Championships
6018,thspa/2646,THSPA,2/24/2016,USA,TX,Prosper,2016 Prosper Powerlifting Meet
6019,thspa/2647,THSPA,2/24/2016,USA,TX,Hull-Daisetta,Hull-Daisetta Boys Last Chance Qualifier
6020,thspa/2648,THSPA,2/25/2016,USA,TX,Anahuac,Anahuac Last Qualifing Meet
6021,thspa/2649,THSPA,2/25/2016,USA,TX,Fairfield,Fairfield Last Qualifier
6022,thspa/2650,THSPA,2/25/2016,USA,TX,Meridian,Meridian Last Chance Qualifier
6023,thspa/2651,THSPA,2/26/2016,USA,TX,Strawn,Strawn LQM
6024,thspa/2652,THSPA,2/27/2016,USA,TX,Fort Worth,Ft. Worth Police Dept. Meet
6025,thspa/2653,THSPA,2/25/2016,USA,TX,Burleson,BHS Last Chance Qualifier
6026,thspa/2654,THSPA,2/27/2016,USA,TX,Skidmore,2016 Skidmore-Tynan Final Boys Qualifying Meet
6027,thspa/2655,THSPA,2/27/2016,USA,TX,Navasota,Rattled...
6028,thspa/2656,THSPA,2/27/2016,USA,TX,Midland,Midland High Power Invitational
6029,thspa/2657,THSPA,2/25/2016,USA,TX,Iowa Park,Iowa Park L.C.Q.
6030,thspa/2658,THSPA,2/26/2016,USA,TX,Pharr,Valley View Boys Regional Qualifier
6031,thspa/2659,THSPA,2/27/2016,USA,TX,Raymondville,Raymondville Invitational
6032,thspa/2660,THSPA,2/27/2016,USA,TX,Southwest,PSJA Southwest
6033,thspa/2661,THSPA,2/27/2016,USA,TX,White Oak,East Texas Power Lifting Championship
6034,thspa/2662,THSPA,2/27/2016,USA,TX,Pecos,Pecos Powerlifting Meet 2016
6035,thspa/2663,THSPA,2/27/2016,USA,TX,Big Lake,Reagan County Invitational
6036,thspa/2664,THSPA,2/25/2016,USA,TX,Roosevelt,Roosevelt
6037,thspa/2665,THSPA,2/27/2016,USA,TX,Del Valle,Del Valle Powerlifting Meet 2016
6038,thspa/2667,THSPA,2/27/2016,USA,TX,Friona,Friona Powerlifting Championships
6039,thspa/2668,THSPA,2/26/2016,USA,TX,Madison,Madison Last Qualifier
6040,thspa/2669,THSPA,2/27/2016,USA,TX,Pflugerville,John B. Connally
6041,thspa/2671,THSPA,2/27/2016,USA,TX,Holy Cross,Holy Cross Invitational 1A-3A
6042,thspa/2672,THSPA,2/27/2016,USA,TX,,Holy Cross Invitational 4A-6A
6043,thspa/2673,THSPA,3/3/2016,USA,TX,Lindale,Reg 3 Div 2 Regional Meet
6044,thspa/2674,THSPA,3/4/2016,USA,TX,Chico,Region 6 Division 3 Championship
6045,thspa/2675,THSPA,3/5/2016,USA,TX,Lindale,Reg 3 Div 1 Regional Meet
6046,thspa/2676,THSPA,3/5/2016,USA,TX,Elkhart,Reion 3 Division 3
6047,thspa/2677,THSPA,3/5/2016,USA,TX,Chico,Region 6 Division 2 Championship
6048,thspa/2678,THSPA,3/5/2016,USA,TX,James E. Taylor,Boys Region 4 Division 1
6049,thspa/2679,THSPA,3/5/2016,USA,TX,Anahuac,2016 Region IV Division 3 Championships
6050,thspa/2680,THSPA,3/5/2016,USA,TX,Anahuac,2016 Region IV Divsion 2 Championships
6051,thspa/2681,THSPA,3/5/2016,USA,TX,Everman,Boys Region 6 Division 1
6052,thspa/2682,THSPA,3/11/2016,USA,TX,Sundown,Boys Region 1 Division 2
6053,thspa/2684,THSPA,3/10/2016,USA,TX,East View,Boys Region 2 Division 1
6054,thspa/2685,THSPA,3/11/2016,USA,TX,West Oso,Region 5 Division 2 Meet
6055,thspa/2686,THSPA,3/12/2016,USA,TX,Sundown,Boys Region 1 Division 3
6056,thspa/2688,THSPA,3/12/2016,USA,TX,Midland,Boys Region 1 Division 1 Championship
6057,thspa/2690,THSPA,3/12/2016,USA,TX,Robinson,Boys Region 2 Division 2
6058,thspa/2691,THSPA,3/11/2016,USA,TX,Robinson,Boys Region 2 Division 3
6059,thspa/2692,THSPA,3/12/2016,USA,TX,Bishop Texas,2016 Region 5 Division 3 Powerlifting Meet
6060,thspa/2693,THSPA,3/12/2016,USA,TX,Weslaco East,Region 5 Division 1 Regional Championship
6061,thspa/2694,THSPA,4/2/2016,USA,TX,Abilene,Boys State Meet
6062,thspa/2695,THSPA,4/2/2016,USA,TX,Abilene,THSPA Boys State
6063,thspa/2696,THSPA,4/2/2016,USA,TX,Abilene,Boys State Meet
6064,thspa/2701,THSPA,1/4/2017,USA,TX,Moody JH,Moody Quad Meet
6065,thspa/2702,THSPA,1/3/2017,USA,TX,Central,Keller Central Meet
6066,thspa/2704,THSPA,1/7/2017,USA,TX,Lindale,Lindale Invitational
6067,thspa/2705,THSPA,1/7/2017,USA,TX,Geronimo Navarro,Navarro Invitational
6068,thspa/2706,THSPA,1/3/2017,USA,TX,Cameron,Cameron Yoe Invitational 2017
6069,thspa/2707,THSPA,1/7/2017,USA,TX,Bowie Texas,Jackrabbit Invitational
6070,thspa/2708,THSPA,1/7/2017,USA,TX,Lake Worth Texas,Lake Worth Bullfrog Invitational
6071,thspa/2709,THSPA,1/7/2017,USA,TX,Zapata,Zapata Hawks
6072,thspa/2710,THSPA,1/7/2017,USA,TX,Goliad,Goliad Iron Tiger & Tigerette Power Lifting Meet
6073,thspa/2711,THSPA,1/7/2017,USA,TX,Mathis,Mathis Tri-Meet
6074,thspa/2712,THSPA,1/7/2017,USA,TX,Edgewood ISD Gymnasium,Edgewood Invitational
6075,thspa/2713,THSPA,1/7/2017,USA,TX,Martin,Martin HiS Invitational
6076,thspa/2714,THSPA,1/7/2017,USA,TX,Martin,Martin HS Invitational Freshmen
6077,thspa/2715,THSPA,1/7/2017,USA,TX,Dickinson,Dickinson Gator Powerlifting
6078,thspa/2716,THSPA,1/7/2017,USA,TX,Georgetown,Georgetown Eagles Invitational
6079,thspa/2717,THSPA,1/9/2017,USA,TX,Hull-Daisetta,Hull-Daisetta
6080,thspa/2718,THSPA,1/10/2017,USA,TX,Fort Worth,Boswell Invitational
6081,thspa/2721,THSPA,1/10/2017,USA,TX,Weatherford,Weatherford Power Lifting Invitational
6082,thspa/2722,THSPA,1/11/2017,USA,TX,Mansfield,Lake Ridge Invitational Mens Meet
6083,thspa/2723,THSPA,1/12/2017,USA,TX,Burleson,Burleson Invitational
6084,thspa/2724,THSPA,1/12/2017,USA,TX,Clute,Brazoria County League Boys Meet
6085,thspa/2725,THSPA,1/12/2017,USA,TX,Lumberton,Lumberton Invitational
6086,thspa/2728,THSPA,1/10/2017,USA,TX,Brewer,Brewer High School Invitational
6087,thspa/2729,THSPA,1/12/2017,USA,TX,Needville,Needville 1-12
6088,thspa/2730,THSPA,1/12/2017,USA,TX,Liberty,Liberty League Meet
6089,thspa/2732,THSPA,1/12/2017,USA,TX,Holland,Holland Powerlifting Meet
6090,thspa/2733,THSPA,1/12/2017,USA,TX,WESLACO EAST,WESLACO EAST SUB VARSITY MEET
6091,thspa/2734,THSPA,1/11/2017,USA,TX,Athletic Indoor Facility,Snyder Tiger Invitational 2017
6092,thspa/2735,THSPA,1/12/2017,USA,TX,Madisonville,Madisonville Invitational
6093,thspa/2736,THSPA,1/12/2017,USA,TX,DHS,Yellow Jacket Invitational
6094,thspa/2737,THSPA,1/12/2017,USA,TX,V.R. Eaton,Eaton Invitational
6095,thspa/2738,THSPA,1/14/2017,USA,TX,Elkhart,Elkhart Invitational
6096,thspa/2739,THSPA,1/14/2017,USA,TX,Giddings,Giddings Invitational
6097,thspa/2740,THSPA,1/14/2017,USA,TX,Bridgeport,Bridgeport
6098,thspa/2741,THSPA,1/14/2017,USA,TX,ActionZone Abilene,Abilene High Invitational
6099,thspa/2743,THSPA,1/14/2017,USA,TX,Buda,Hays HS Rebel Meet
6100,thspa/2744,THSPA,1/14/2017,USA,TX,Brownsville Lopez,2nd Annual Lopez Inv. Meet
6101,thspa/2745,THSPA,1/14/2017,USA,TX,Cigarroa,Cigarroa Toro Invitational
6102,thspa/2747,THSPA,1/14/2017,USA,TX,Skidmore-Tynan,4th Annual Bobcat Classic-Boys
6103,thspa/2748,THSPA,1/14/2017,USA,TX,Bosqueville,BOSQUEVILLE INVITATIONAL
6104,thspa/2749,THSPA,1/14/2017,USA,TX,HIGH SCHOOL,CARRIZO SPRINGS
6105,thspa/2750,THSPA,1/14/2017,USA,TX,Hillsboro,Hillsboro Invitational
6106,thspa/2751,THSPA,1/14/2017,USA,TX,Rio Grande City,Rio Grande City 2017
6107,thspa/2752,THSPA,1/14/2017,USA,TX,Big Spring,Big Spring Invitational
6108,thspa/2753,THSPA,1/14/2017,USA,TX,Mertzon,Irion County Invitational
6109,thspa/2754,THSPA,1/14/2017,USA,TX,Monahans,Sandhills Invitational
6110,thspa/2755,THSPA,1/12/2017,USA,TX,,TSS-UTSA Invitational 2
6111,thspa/2756,THSPA,1/12/2017,USA,TX,Iowa Park,Iowa Park Invitational
6112,thspa/2759,THSPA,1/14/2017,USA,TX,Weimar,Weimar Wildcat Invitational
6113,thspa/2760,THSPA,1/14/2017,USA,TX,Coronado Middle School,Plainview Invitational
6114,thspa/2761,THSPA,1/14/2017,USA,TX,Splendora Junior,Splendora Powerlifting Meet
6115,thspa/2762,THSPA,1/14/2017,USA,TX,Academy,2017 Academy Invitational Powerlifting Meet
6116,thspa/2763,THSPA,1/17/2017,USA,TX,McKinney North,MISD Powerlifting Meet
6117,thspa/2764,THSPA,1/14/2017,USA,TX,Magnolia,Magnolia Bulldog Powerlifting Meet 2017
6118,thspa/2765,THSPA,1/12/2017,USA,TX,Van,Van Invitational
6119,thspa/2766,THSPA,1/14/2017,USA,TX,Victoria West,Victoria West Bar Benders Bash
6120,thspa/2767,THSPA,1/14/2017,USA,TX,Palo Alto College,Brooks Academy Invitational
6121,thspa/2769,THSPA,1/19/2017,USA,TX,CONROE HIGH SCHOOL,CONROE TRI MEET
6122,thspa/2770,THSPA,1/17/2017,USA,TX,Altair Rice,Rice Consolidated Invitational Meet
6123,thspa/2771,THSPA,1/19/2017,USA,TX,Silsbee,Silsbee
6124,thspa/2772,THSPA,1/18/2017,USA,TX,Timber Creek,Timber Creek Meet
6125,thspa/2773,THSPA,1/19/2017,USA,TX,Lampasas,Lampasas Badger Invitational
6126,thspa/2774,THSPA,1/19/2017,USA,TX,Graham,Graham Invitational
6127,thspa/2775,THSPA,1/21/2017,USA,TX,Malakoff,Malakoff Invitational
6128,thspa/2776,THSPA,1/21/2017,USA,TX,Troup,Troup Tiger Invitational
6129,thspa/2777,THSPA,1/21/2017,USA,TX,Sand Diego,San Diego Powerlifting Meet-Boys
6130,thspa/2778,THSPA,1/21/2017,USA,TX,Smithville Texas,Smithville Powerlifting Championshipts
6131,thspa/2779,THSPA,1/21/2017,USA,TX,Alvin,3rd Annual Yellow Jacket Powerlifting Classic
6132,thspa/2780,THSPA,1/21/2017,USA,TX,La Joya,La Joya 2017 PowerlifterMeet
6133,thspa/2781,THSPA,1/21/2017,USA,TX,Donna,Donna Boys Invitational 2017
6134,thspa/2782,THSPA,1/21/2017,USA,TX,Portland,G-P Wildcat Invitational
6135,thspa/2783,THSPA,1/19/2017,USA,TX,Browsville Porter,Rene Oliveira Classic
6136,thspa/2784,THSPA,1/21/2017,USA,TX,Moody,10th Annual Moody Invitational
6137,thspa/2785,THSPA,1/21/2017,USA,TX,Dublin,2017 Dublin Powerlifting Invitational
6138,thspa/2786,THSPA,1/21/2017,USA,TX,Princeton Indoor Complex,Princeton Panther Invitational
6139,thspa/2787,THSPA,1/21/2017,USA,TX,Taylor,2017 Taylor Top flight Invitational
6140,thspa/2788,THSPA,1/21/2017,USA,TX,Belton Texas,Belton Tiger Invitational
6141,thspa/2789,THSPA,1/21/2017,USA,TX,SUNNYVALE,SUNNYVALE INVITATIONAL
6142,thspa/2790,THSPA,1/21/2017,USA,TX,,2017 S&S Boys Powerlifting Meet
6143,thspa/2791,THSPA,1/21/2017,USA,TX,The Oakridge School,Oakridge Iron Championships
6144,thspa/2792,THSPA,1/21/2017,USA,TX,Bryan,Brazos Valley Invitational
6145,thspa/2793,THSPA,1/21/2017,USA,TX,Alpine Texas,2017 Alpine Invitational
6146,thspa/2794,THSPA,1/21/2017,USA,TX,Abernathy,Abernathy Invitational
6147,thspa/2798,THSPA,1/19/2017,USA,TX,Midlothian,Panther Powerlifting Meet
6148,thspa/2799,THSPA,1/21/2017,USA,TX,Detroit,Detroit Eagles 14th Annual Powerlifting Meet
6149,thspa/2800,THSPA,1/21/2017,USA,TX,Ore City High school,Ore City 4th annual invitational
6150,thspa/2801,THSPA,1/21/2017,USA,TX,Edna,Edna Invitational
6151,thspa/2802,THSPA,1/19/2017,USA,TX,Coldspring,Coldspring Invitational
6152,thspa/2803,THSPA,1/21/2017,USA,TX,Colorado City,C-City Invitational
6153,thspa/2804,THSPA,1/21/2017,USA,TX,Highland Park Amarillo,Highland Park Classic
6154,thspa/2805,THSPA,1/21/2017,USA,TX,Laredo United South,Panther Power Freshmen invitational
6155,thspa/2807,THSPA,1/21/2017,USA,TX,Laredo United South,Panther Power Inviational
6156,thspa/2808,THSPA,1/21/2017,USA,TX,UVALDE HIGH SCHOOL,UVALDE
6157,thspa/2809,THSPA,1/23/2017,USA,TX,Hull-Daisetta,Deweyville
6158,thspa/2810,THSPA,1/17/2017,USA,TX,Woodvillle,Woodville Invitational
6159,thspa/2811,THSPA,1/23/2017,USA,TX,Diboll Jr High,Diboll Powerlifting Meet
6160,thspa/2812,THSPA,1/19/2017,USA,TX,Hallsville,Hallsville Invitational
6161,thspa/2813,THSPA,1/26/2017,USA,TX,Richardson Berkner,Berkner Invitational Meet
6162,thspa/2814,THSPA,1/26/2017,USA,TX,Springtown,Pojo Classic
6163,thspa/2815,THSPA,1/26/2017,USA,TX,Plainview Field House,Plainview Triangular
6164,thspa/2816,THSPA,1/26/2017,USA,TX,Fairfield,Darrell Piske Memorial Powerlifting Meet
6165,thspa/2817,THSPA,1/26/2017,USA,TX,Brazos,Brazos Cougar Powerlifting Meet
6166,thspa/2818,THSPA,1/26/2017,USA,TX,City View,City View Invitational
6167,thspa/2819,THSPA,1/26/2017,USA,TX,Azle,Azle Invitational 2017
6168,thspa/2820,THSPA,1/26/2017,USA,TX,Creekview,Creekview Invitational
6169,thspa/2821,THSPA,1/26/2017,USA,TX,Northwest,Northwest Invitational
6170,thspa/2822,THSPA,1/26/2017,USA,TX,Wichita Falls,Wichita Falls Powerlifting Meet
6171,thspa/2823,THSPA,1/26/2017,USA,TX,Vidor,Vidor Invitational
6172,thspa/2824,THSPA,1/26/2017,USA,TX,Hardin Jefferson,HJ MEET
6173,thspa/2825,THSPA,1/26/2017,USA,TX,Needville,Needville 1-26
6174,thspa/2826,THSPA,1/26/2017,USA,TX,Clute,Brazoria County League Boys Meet
6175,thspa/2827,THSPA,1/26/2017,USA,TX,Cleburne,Cleburne Invitational
6176,thspa/2828,THSPA,1/28/2017,USA,TX,Jacksboro,Jacksboro Invitational
6177,thspa/2829,THSPA,1/28/2017,USA,TX,Comanche,Comanche Invitational
6178,thspa/2830,THSPA,1/28/2017,USA,TX,Whitney,13th Annual Whitney Wildcat Invitational
6179,thspa/2831,THSPA,1/28/2017,USA,TX,Montgomery NGC,Montgomery Bears Invitational
6180,thspa/2832,THSPA,1/28/2017,USA,TX,Elgin,Elgin Wildcat Invitational
6181,thspa/2833,THSPA,1/28/2017,USA,TX,West Oso,Bears Loaded
6182,thspa/2834,THSPA,1/28/2017,USA,TX,Coahoma,Coahoma Invitational
6183,thspa/2835,THSPA,1/28/2017,USA,TX,Dimmitt Texas,Dimmitt Powerlifting Meet
6184,thspa/2836,THSPA,1/28/2017,USA,TX,Old gym,Crane Powerlifting Meet
6185,thspa/2837,THSPA,1/28/2017,USA,TX,Eldorado Gym,War Eagle Invitational
6186,thspa/2838,THSPA,1/28/2017,USA,TX,Santo ISD,Santo Meet
6187,thspa/2840,THSPA,1/26/2017,USA,TX,,TSS-UTSA Invitational 4
6188,thspa/2841,THSPA,1/28/2017,USA,TX,EDINBURG,EDINBURG INVITATIONAL
6189,thspa/2842,THSPA,1/28/2017,USA,TX,Vanderbilt,Industrial
6190,thspa/2843,THSPA,1/28/2017,USA,TX,Alice,3rd Annual Coyote Classic
6191,thspa/2844,THSPA,1/28/2017,USA,TX,IDEA Quest,IDEA Quest Meet
6192,thspa/2846,THSPA,1/28/2017,USA,TX,HIGH SCHOOL,CS WILDCATS
6193,thspa/2847,THSPA,1/28/2017,USA,TX,Calhoun,Bayou Brawl
6194,thspa/2848,THSPA,1/26/2017,USA,TX,Daingerfield Junior High,Daingerfield High School Meet
6195,thspa/2849,THSPA,1/28/2017,USA,TX,Sulphur Springs,Sulphur Springs Invitational
6196,thspa/2850,THSPA,1/25/2017,USA,TX,Bruceville-Eddy,Bruceville-Eddy
6197,thspa/2851,THSPA,1/26/2017,USA,TX,Marshall,Iron Maverick
6198,thspa/2852,THSPA,1/26/2017,USA,TX,Leon,Cougar Invitational Powerlifting Meet
6199,thspa/2853,THSPA,1/28/2017,USA,TX,Sabine,Sabine Bo Bates Invitational
6200,thspa/2854,THSPA,1/28/2017,USA,TX,Copperas Cove JH,Copperas Cove Invitational
6201,thspa/2855,THSPA,1/28/2017,USA,TX,Yorktown,Yorktown Invitational
6202,thspa/2856,THSPA,1/26/2017,USA,TX,Legacy,Legacy Boys Invitational
6203,thspa/2857,THSPA,1/28/2017,USA,TX,Poteet,Poteet Powerlifting Meet
6204,thspa/2858,THSPA,1/30/2017,USA,TX,Hull-Daisetta,West Hardin
6205,thspa/2859,THSPA,1/26/2017,USA,TX,BHS Burnet,Burnet Powerlifting Invitational
6206,thspa/2860,THSPA,1/28/2017,USA,TX,Pace,Viking Invitational Meet
6207,thspa/2861,THSPA,1/24/2017,USA,TX,Chsiholm Trail,Chisholm Trail 2017 Meet
6208,thspa/2866,THSPA,1/28/2017,USA,TX,,Aggieland Showcase
6209,thspa/2868,THSPA,2/1/2017,USA,TX,Fossil Ridge,Fossil Ridge meet
6210,thspa/2869,THSPA,2/2/2017,USA,TX,HFHS,Hamshire-Fannett Meet
6211,thspa/2870,THSPA,2/2/2017,USA,TX,North Crowley High,North Crowley Panther Invitational
6212,thspa/2871,THSPA,2/2/2017,USA,TX,San Saba,Powerlifting Meet 2017
6213,thspa/2873,THSPA,2/2/2017,USA,TX,Jesuit College Prep of Dallas,Jesuit Powerlifting Invitational
6214,thspa/2874,THSPA,2/2/2017,USA,TX,JJ Pearce,JJ Pearce Powerlifting Meet
6215,thspa/2875,THSPA,2/2/2017,USA,TX,Frisco Reedy,Reedy Invitational
6216,thspa/2877,THSPA,2/2/2017,USA,TX,Conroe Oak Ridge,ORHS Powerlifting Meet
6217,thspa/2878,THSPA,2/2/2017,USA,TX,Pearland,Pearland Boys Meet 2017
6218,thspa/2879,THSPA,2/2/2017,USA,TX,Woodrow Wilson Junior High,Dayton Powerlifting Meet
6219,thspa/2880,THSPA,2/2/2017,USA,TX,Levelland,Levelland Quad Meet
6220,thspa/2881,THSPA,2/4/2017,USA,TX,Tahoka,Tahoka Coop 2017
6221,thspa/2882,THSPA,2/3/2017,USA,TX,PSJA Southwest,District 31-6A Boys Powerlifting Championships
6222,thspa/2883,THSPA,2/3/2017,USA,TX,Abilene Cooper,Cooper Invitational
6223,thspa/2884,THSPA,2/2/2017,USA,TX,Decatur,Decatur Invitational
6224,thspa/2885,THSPA,2/4/2017,USA,TX,Perryton,Perryton Invitional Meet
6225,thspa/2886,THSPA,2/4/2017,USA,TX,Gainesville,Platform 1 Boys Flight 1
6226,thspa/2887,THSPA,2/2/2017,USA,TX,Jarrell,Jarrell Boys Invitational 2017
6227,thspa/2888,THSPA,2/2/2017,USA,TX,Nacogdoches Texas,Nacogdoches Powerlifting Meet
6228,thspa/2889,THSPA,2/4/2017,USA,TX,Mission Veterans,Mission Veterans Invitational
6229,thspa/2890,THSPA,2/4/2017,USA,TX,Valley View Early College,Valley View ISD Pharr tx
6230,thspa/2891,THSPA,2/4/2017,USA,TX,Barton Gym,J.W. Nixon Powerlifting Championships
6231,thspa/2893,THSPA,2/2/2017,USA,TX,GHS Big Room,Georgetown High School Boys Mini Meet
6232,thspa/2894,THSPA,1/31/2017,USA,TX,Palacios,Palacios Invitational Boys
6233,thspa/2895,THSPA,2/4/2017,USA,TX,Tidehaven,Tidehaven Invitational
6234,thspa/2896,THSPA,2/3/2017,USA,TX,West Brook,West Brook Quad
6235,thspa/2897,THSPA,2/4/2017,USA,TX,Brownsville Veterans Memorial,BISD City Meet
6236,thspa/2899,THSPA,4/21/2017,USA,TX,Shepherd,Shepherd High School Invitational
6237,thspa/2900,THSPA,2/2/2017,USA,TX,Kirbyville Texas,Kirbyville Meet
6238,thspa/2901,THSPA,2/4/2017,USA,TX,Mathis,2017 Mathis Invitational
6239,thspa/2902,THSPA,2/4/2017,USA,TX,Somerset,Somerset Invitational
6240,thspa/2903,THSPA,2/4/2017,USA,TX,Lone Oak,Lone Oak
6241,thspa/2905,THSPA,2/4/2017,USA,TX,Weslaco,Weslaco Invitational
6242,thspa/2906,THSPA,2/6/2017,USA,TX,Hull-Daisetta,Hardin
6243,thspa/2907,THSPA,2/2/2017,USA,TX,Carthage Texas,Carthage Meet
6244,thspa/2908,THSPA,2/4/2017,USA,TX,Rains,Emory Rains Wildcat Invitational
6245,thspa/2909,THSPA,2/4/2017,USA,TX,Rusk,Rusk Invitational
6246,thspa/2910,THSPA,2/4/2017,USA,TX,Rice,Rice Bulldog Invitational
6247,thspa/2911,THSPA,2/9/2017,USA,TX,Elkhart,Elkhart Quad
6248,thspa/2912,THSPA,2/9/2017,USA,TX,Chapel Hill,Chapel Hill Invitational
6249,thspa/2913,THSPA,2/9/2017,USA,TX,Santo,Santo Thursday Night Invitational
6250,thspa/2914,THSPA,2/9/2017,USA,TX,Brady,Brady High School
6251,thspa/2915,THSPA,2/9/2017,USA,TX,Winnsboro,Winnsboro High School Boys Invitational
6252,thspa/2916,THSPA,2/9/2017,USA,TX,Nederland,Nederland Powerlifting Invitational
6253,thspa/2917,THSPA,2/9/2017,USA,TX,Needville,Needville 2-9
6254,thspa/2918,THSPA,2/9/2017,USA,TX,Clute,Brazoria County League Boys Meet
6255,thspa/2919,THSPA,2/9/2017,USA,TX,Henrietta Texas,Bearcat Powerlifting meet
6256,thspa/2920,THSPA,2/9/2017,USA,TX,Jasper Texas,Jasper Iron Dawg Invitational
6257,thspa/2921,THSPA,2/9/2017,USA,TX,Jasper Texas,Jasper JV Iron Dawg Invitational
6258,thspa/2923,THSPA,2/9/2017,USA,TX,Temple,Wildcat Invitational
6259,thspa/2924,THSPA,2/9/2017,USA,TX,Pearsall Texas,Pearsall Tri Meet Boys
6260,thspa/2926,THSPA,2/9/2017,USA,TX,Mansfield Timberview,Timberview Boys Invitational
6261,thspa/2927,THSPA,2/9/2017,USA,TX,Frisco,Coyote Powerlifting Championships
6262,thspa/2928,THSPA,2/9/2017,USA,TX,LCM,Bear Iron Invitational
6263,thspa/2929,THSPA,2/9/2017,USA,TX,TMS GYM,TARKINGTON MEET
6264,thspa/2930,THSPA,2/9/2017,USA,TX,Brownsville Pace,Pace Quad
6265,thspa/2931,THSPA,2/9/2017,USA,TX,Highland Park,Highland Park Scot Classic
6266,thspa/2932,THSPA,2/9/2017,USA,TX,Clyde JH,Clyde Invitational
6267,thspa/2933,THSPA,2/9/2017,USA,TX,San Angelo,Lake View Ironworks Meet
6268,thspa/2934,THSPA,2/9/2017,USA,TX,Burkburnett,Burkburnett Invitational Boys 2017
6269,thspa/2935,THSPA,2/11/2017,USA,TX,Nocona,2017 Nocona Invitational
6270,thspa/2936,THSPA,2/11/2017,USA,TX,Hidalgo Early College,Border Classic 2017
6271,thspa/2937,THSPA,2/9/2017,USA,TX,Burleson Centennial,Centenial Spartans Invitational
6272,thspa/2939,THSPA,2/9/2017,USA,TX,Granbury,Granbury Invitational
6273,thspa/2940,THSPA,2/11/2017,USA,TX,Levelland,Levelland Invitational
6274,thspa/2941,THSPA,2/11/2017,USA,TX,Childress,Childress Powerlifting Meet
6275,thspa/2942,THSPA,2/11/2017,USA,TX,Dalhart,Dalhart Invitational
6276,thspa/2943,THSPA,2/11/2017,USA,TX,Glen Rose,Glen Rose Invitational
6277,thspa/2944,THSPA,2/11/2017,USA,TX,San Antonio East Central,Hornet Invitational
6278,thspa/2945,THSPA,2/11/2017,USA,TX,Nikki Rowe McAllen,Nikki Rowe Invitational Meet
6279,thspa/2946,THSPA,2/7/2017,USA,TX,Edingburg,Eagle Strong Invitational
6280,thspa/2947,THSPA,2/9/2017,USA,TX,,TSS-UTSA Invitational 6
6281,thspa/2950,THSPA,2/11/2017,USA,TX,Livingston Junior High,Livingston HS Invitational
6282,thspa/2951,THSPA,2/9/2017,USA,TX,Texas City,Sting Invitational
6283,thspa/2952,THSPA,2/9/2017,USA,TX,Waller,Waller Varsity Boys Meet
6284,thspa/2953,THSPA,2/11/2017,USA,TX,Kyle,Lehman Lobo Invitational
6285,thspa/2954,THSPA,2/9/2017,USA,TX,Florence Middle School,Florence Powerlifting Invitational
6286,thspa/2955,THSPA,2/11/2017,USA,TX,Karnes City,Karnes City Invitational
6287,thspa/2956,THSPA,2/11/2017,USA,TX,Panther Gym,Fort Stockton Power Meet
6288,thspa/2958,THSPA,2/9/2017,USA,TX,Saginaw Field House,Saginaw Invitational
6289,thspa/2959,THSPA,2/9/2017,USA,TX,Whitesboro,Whitesboro Invitational
6290,thspa/2960,THSPA,2/11/2017,USA,TX,TEST,FINAL BOYS RESULTS
6291,thspa/2961,THSPA,2/11/2017,USA,TX,Mount Pleasant,Mount Pleasant Invitational
6292,thspa/2962,THSPA,2/9/2017,USA,TX,WILLS POINT HIGH SCHOOL,WILLS POINT 2017 MEET
6293,thspa/2963,THSPA,2/11/2017,USA,TX,Reicher Catholic,Reicher Catholic Boys Powerlifting Meet
6294,thspa/2964,THSPA,2/11/2017,USA,TX,East View,East View Patriot Classic
6295,thspa/2965,THSPA,2/9/2017,USA,TX,Aledo,Aledo Bearcat Powerlifting Meet
6296,thspa/2966,THSPA,2/9/2017,USA,TX,Altair Rice,Rice Consolidated Thursday Meet
6297,thspa/2967,THSPA,2/11/2017,USA,TX,Irma Marsh Middle School,Castleberry Powerlifting Meet
6298,thspa/2968,THSPA,2/9/2017,USA,TX,Huntington Middle School,Huntington Powerlifting Meet
6299,thspa/2969,THSPA,2/15/2017,USA,TX,Redwater,Redwater Invitational
6300,thspa/2970,THSPA,2/16/2017,USA,TX,Lovejoy H.S.,Lovejoy Invitational
6301,thspa/2971,THSPA,2/16/2017,USA,TX,Byron Nelson Weight Room,Byron Nelson Tri Meet
6302,thspa/2972,THSPA,2/14/2017,USA,TX,Paschal,Paschal Powerlifting Meet
6303,thspa/2973,THSPA,2/16/2017,USA,TX,Redwater,Redwater Invitational 2
6304,thspa/2974,THSPA,2/16/2017,USA,TX,Bridge City Middle School,Bridge City Invitational Meet
6305,thspa/2975,THSPA,2/15/2017,USA,TX,Travis,Travis HS Tri Meet
6306,thspa/2976,THSPA,2/16/2017,USA,TX,Brazos,Brazos Cougar Invitational
6307,thspa/2977,THSPA,2/16/2017,USA,TX,Lago Vista Gym,Lago Vista Invitational
6308,thspa/2978,THSPA,2/16/2017,USA,TX,Salado Junior High,Salado Invitational
6309,thspa/2979,THSPA,2/16/2017,USA,TX,Newman Smith,Newman Smith Invitational
6310,thspa/2980,THSPA,2/16/2017,USA,TX,Sweetwater,Aarlon Barnes Classic
6311,thspa/2981,THSPA,2/16/2017,USA,TX,Greenwood,Greenwood Ranger Invitational
6312,thspa/2982,THSPA,2/16/2017,USA,TX,Merkel JH,Merkel Powerlifting Meet
6313,thspa/2983,THSPA,2/16/2017,USA,TX,Frisco High,Frisco ISD District Meet
6314,thspa/2984,THSPA,2/15/2017,USA,TX,Orangefield,Orangefield Invitational
6315,thspa/2985,THSPA,2/16/2017,USA,TX,Atlanta,Atlanta Iron 2017
6316,thspa/2986,THSPA,2/16/2017,USA,TX,Caddo Mills,Caddo Mills Meet
6317,thspa/2987,THSPA,2/16/2017,USA,TX,Pittsburg,Pittsburg Powerlifting Meet
6318,thspa/2988,THSPA,2/16/2017,USA,TX,Lufkin,Lufkin Panther Invitational
6319,thspa/2989,THSPA,2/16/2017,USA,TX,Sundown,Sundown Meet 2017
6320,thspa/2991,THSPA,2/17/2017,USA,TX,Andrews,Andrews LQ
6321,thspa/2992,THSPA,2/15/2017,USA,TX,Keller,Keller meet
6322,thspa/2993,THSPA,2/18/2017,USA,TX,Panhandle,Panhandle Powerlifting Meet
6323,thspa/2994,THSPA,2/18/2017,USA,TX,Cedar Hill,Cedar Hill Boys Invitational
6324,thspa/2995,THSPA,2/18/2017,USA,TX,Altair Rice,Rice Consolidated Saturday Meet
6325,thspa/2997,THSPA,2/18/2017,USA,TX,WHITE OAK,EAST TEXAS POWERLIFTING CHAMPIONSHIP
6326,thspa/2998,THSPA,2/18/2017,USA,TX,West,West HS Invitational
6327,thspa/2999,THSPA,2/18/2017,USA,TX,Normangee Normangee,2017 Normangee Panther Powerlifting Meet
6328,thspa/3000,THSPA,2/18/2017,USA,TX,Hebbronville,Hebbronville Invitational
6329,thspa/3001,THSPA,2/18/2017,USA,TX,Medina Valley,Medina Valley Powerlifting Meet-Boys
6330,thspa/3002,THSPA,2/18/2017,USA,TX,Seagraves,Seagraves Powerlifting Invitational
6331,thspa/3003,THSPA,2/18/2017,USA,TX,Blooming Grove,Blooming Grove Invitational
6332,thspa/3004,THSPA,2/18/2017,USA,TX,Quitman,2017 Quitman Powerlifting Meet
6333,thspa/3007,THSPA,2/18/2017,USA,TX,Howe,Howe Boys Invitational
6334,thspa/3008,THSPA,2/18/2017,USA,TX,Stephenville,Stephenville Powerlifting Invitational
6335,thspa/3009,THSPA,2/18/2017,USA,TX,Bullard,Bullard Powerlifting Meet
6336,thspa/3010,THSPA,2/18/2017,USA,TX,Calallen,Asa Chambless Powerlifting Classic
6337,thspa/3011,THSPA,2/18/2017,USA,TX,Sharyland Mission,2nd Annual Sharyland Invitational Meet
6338,thspa/3012,THSPA,2/18/2017,USA,TX,Iowa Park,Mean Green Invitational
6339,thspa/3013,THSPA,2/18/2017,USA,TX,Kennedale,Kennedale PL Meet
6340,thspa/3014,THSPA,2/16/2017,USA,TX,Midway,Midway Invitational
6341,thspa/3015,THSPA,2/16/2017,USA,TX,Paris Paris,Paris High School Invitational
6342,thspa/3016,THSPA,2/18/2017,USA,TX,Bay City,Bay City PL Classic
6343,thspa/3017,THSPA,2/18/2017,USA,TX,Corrigan-Camden,Corrigan-Camden Meet
6344,thspa/3018,THSPA,2/18/2017,USA,TX,West Brook,Last Qualifier
6345,thspa/3019,THSPA,2/18/2017,USA,TX,John Tyler,1st Annual John Tyler Powerlifting Meet
6346,thspa/3020,THSPA,2/18/2017,USA,TX,Forney,10th Annual Forney Jackrabbit Invitational
6347,thspa/3021,THSPA,2/18/2017,USA,TX,Alvarado,Alvarado Invitational
6348,thspa/3022,THSPA,2/18/2017,USA,TX,Crystal City,Javelina Powerfest
6349,thspa/3023,THSPA,2/18/2017,USA,TX,Poth Gym,2017 Poth Powerlifting Meet
6350,thspa/3024,THSPA,2/18/2017,USA,TX,Commerce,Commerce Boys Meet
6351,thspa/3025,THSPA,2/18/2017,USA,TX,Maud,Maud Invitational Powerlifting Meet
6352,thspa/3026,THSPA,2/18/2017,USA,TX,The Woodlands,2017 Highlander Powerlifting Meet
6353,thspa/3027,THSPA,2/18/2017,USA,TX,Lynn Lucas Middle School,Wildkat Invitational
6354,thspa/3028,THSPA,2/16/2017,USA,TX,Burleson Centennial,Centennial Spartan Shield Invitational
6355,thspa/3029,THSPA,2/16/2017,USA,TX,Georgetown high School,Georgetown ISD Mini Meet
6356,thspa/3030,THSPA,2/21/2017,USA,TX,Granbury high School,Granbury Interleague District meet
6357,thspa/3031,THSPA,2/22/2017,USA,TX,Hull-Daisetta,Hull-Daisetta Boys Last Qualifier
6358,thspa/3032,THSPA,2/22/2017,USA,TX,Hitchcock,Hitchcock LQM
6359,thspa/3033,THSPA,2/24/2017,USA,TX,Anahuac Middle School,Anahuac LQM
6360,thspa/3034,THSPA,2/23/2017,USA,TX,Newton,Newton High School
6361,thspa/3035,THSPA,2/23/2017,USA,TX,Fairfield,Fairfield Last Qualifier
6362,thspa/3036,THSPA,2/23/2017,USA,TX,Big Lake,Reagan County Invitational
6363,thspa/3037,THSPA,2/24/2017,USA,TX,Rio Grande City Grulla,Last Chance in the Swamp Invitational Powermeeting Championship
6364,thspa/3039,THSPA,2/25/2017,USA,TX,Bovina,Bovina Invitational
6365,thspa/3041,THSPA,2/23/2017,USA,TX,Snyder Indoor Facility,Snyder Boys Last Qualifier
6366,thspa/3042,THSPA,2/25/2017,USA,TX,PECOS HIGH SCHOOL,PECOS POWERLIFTING MEET 2017
6367,thspa/3043,THSPA,2/25/2017,USA,TX,Bishop Jr High,Bishop Badger Invitational
6368,thspa/3044,THSPA,2/25/2017,USA,TX,Del Valle,Del Valle Boys Invitational
6369,thspa/3045,THSPA,2/25/2017,USA,TX,Navasota,Navasota Invitational
6370,thspa/3047,THSPA,2/25/2017,USA,TX,John B Connally,Connally Last Qualifier
6371,thspa/3048,THSPA,2/24/2017,USA,TX,Dickinson,LQM-Dickinson
6372,thspa/3051,THSPA,2/25/2017,USA,TX,L.D. Bell,L.D. Bell Invitational
6373,thspa/3053,THSPA,2/25/2017,USA,TX,Holy Cross,Holy Cross Invitational
6374,thspa/3054,THSPA,2/23/2017,USA,TX,,TSS-UTSA Invitational 8
6375,thspa/3055,THSPA,2/24/2017,USA,TX,KINGSVILLE,HM KING BRAHMA INVITATIONAL LBQ
6376,thspa/3056,THSPA,2/25/2017,USA,TX,Cotulla Texas,Cotulla Invitational
6377,thspa/3057,THSPA,2/20/2017,USA,TX,Pharr,Valley View Region 5 Boys Qualifier
6378,thspa/3058,THSPA,2/25/2017,USA,TX,Brownsville Hanna,Eagle Invitational
6379,thspa/3059,THSPA,2/25/2017,USA,TX,Victoria West,Victoria West Last Qualifier
6380,thspa/3060,THSPA,2/23/2017,USA,TX,Wichita Falls Rider,Raider Last Qualifier
6381,thspa/3061,THSPA,2/23/2017,USA,TX,Brownfield,Brownfield Powerlifting
6382,thspa/3063,THSPA,2/21/2017,USA,TX,Newton Texas,Newton High School JV Meet
6383,thspa/3066,THSPA,2/23/2017,USA,TX,Burleson High High,Burleson Elks Last Chance Qualifier
6384,thspa/3068,THSPA,3/3/2017,USA,TX,Chico,Region 6 Division 3 Championship
6385,thspa/3069,THSPA,3/4/2017,USA,TX,Lindale,Reg 3 Div 1 Regional Meet
6386,thspa/3070,THSPA,3/4/2017,USA,TX,James E. Taylor,Boys Region 4 Division 1
6387,thspa/3071,THSPA,3/4/2017,USA,TX,Keller Central H.S.,Boys Region 6 Division 1
6388,thspa/3072,THSPA,3/4/2017,USA,TX,Iowa Park,Region 6 Div 2 Regional Meet
6389,thspa/3073,THSPA,3/9/2017,USA,TX,Anahuac,Region 4 Division 3 Championships
6390,thspa/3075,THSPA,3/9/2017,USA,TX,Malakoff,Reg 3 Div 2 Regional Meet
6391,thspa/3076,THSPA,3/10/2017,USA,TX,Sundown,Boys Region 1 Division 2
6392,thspa/3077,THSPA,3/10/2017,USA,TX,Anahuac,Region 4 Division 2 Championships
6393,thspa/3078,THSPA,3/10/2017,USA,TX,Elkhart,Region 3 Division 3
6394,thspa/3079,THSPA,3/11/2017,USA,TX,Abilene,Boys Region 1 Division 1 Championship
6395,thspa/3080,THSPA,3/11/2017,USA,TX,Sundown,Boys Region 1 Division 3
6396,thspa/3081,THSPA,3/11/2017,USA,TX,Smithville Texas,Region 2 Div 2 Championship
6397,thspa/3082,THSPA,3/9/2017,USA,TX,West,Region 2 Division 3 Boys
6398,thspa/3083,THSPA,3/8/2017,USA,TX,Bishop,2017 Region 5 Division 3 Meet
6399,thspa/3084,THSPA,3/11/2017,USA,TX,Bishop Texas,2017 Region 5 Division 2
6400,thspa/3085,THSPA,3/11/2017,USA,TX,Weslaco East,Boys Region 5 Division 1
6401,thspa/3086,THSPA,3/11/2017,USA,TX,Burleson,2017 Region 2-Division 1 Championships
6402,thspa/3087,THSPA,3/25/2017,USA,TX,Abilene,Boys State Meet
6403,thspa/3088,THSPA,3/25/2017,USA,TX,Abilene,Boys State Meet
6404,thspa/3089,THSPA,3/24/2017,USA,TX,Abilene,Boys State Meet
6405,upa/1401,UPA,11/7/2014,USA,MI,Detroit,Relentless Detroit
6406,upa/1501,UPA,11/14/2015,USA,IA,Dubuque,Power Weekend
6407,upa/1502,UPA,8/1/2015,USA,IA,Dubuque,Iron Battle on the Mississippi
6408,upa/1503,UPA,1/31/2015,USA,IA,,Raw Midwest Powerlifting Championship
6409,upa/1504,UPA,12/12/2015,USA,OH,Cleveland,UPA Winter Rack Attack
6410,upa/1505,UPA,3/14/2015,USA,MI,,Michigan State Powerlifting Championship
6411,upa/1506,UPA,1/17/2015,USA,MI,Detroit,Detroit Barbell In-House Classic
6412,upa/1507,UPA,10/17/2015,USA,MN,Burnsville,Fall Classic
6413,upa/1508,UPA,11/7/2015,USA,MI,Detroit,Relentless Detroit
6414,upa/1509,UPA,9/19/2015,USA,OR,Oregon City,Savage Strength Fest
6415,upa/1510,UPA,8/1/2015,USA,OH,Cleveland,Old School Iron Gym Summer Showdown
6416,upa/1511,UPA,3/27/2015,USA,MN,Minneapolis,Relentless Minnesota
6417,upa/1512,UPA,12/5/2015,USA,MN,Eagan,Holiday Throwdown 2
6418,upa/1513,UPA,9/19/2015,USA,IN,Wheatfield,Indiana State Powerlifting Championship
6419,upa/1514,UPA,12/5/2015,USA,IL,Peoria,War of the Demigods
6420,upa/1515,UPA,9/26/2015,USA,AZ,Phoenix,Fall Barbender
6421,upa/1516,UPA,9/26/2015,USA,IL,Montgomery,Illinois State Powerlifting Championship
6422,upa/1517,UPA,8/1/2015,USA,UT,Roy,USSC Summer Meet
6423,upa/1518,UPA,6/27/2015,USA,MI,Detroit,Detroit Barbell Summer Bash
6424,upa/1519,UPA,6/20/2015,USA,IN,Wheatfield,Put Up or Shut Up Powerlifting Championship
6425,upa/1520,UPA,5/16/2015,USA,WI,Madison,Wisconsin State Powerlifting Championship
6426,upa/1521,UPA,5/16/2015,USA,MN,Burnsville,Southside Spring Showdown
6427,upa/1522,UPA,4/25/2015,USA,OH,Cleveland,Old School Spring Bash
6428,upa/1523,UPA,4/18/2015,USA,,,Powerlifting National Championship
6429,upa/1601,UPA,6/4/2016,USA,WI,Kenosha,UPA Clash of the Titans
6430,upa/1602,UPA,1/24/2016,USA,IA,Dubuque,2016 UPA Raw Powerlifting Championship
6431,upa/1603,UPA,1/9/2016,USA,OR,Oregon City,Skip Leg Day Bench Only Meet
6432,upa/1604,UPA,1/26/2016,USA,MI,Brownstown,UPA Detroit Barbell In-House Classic
6433,upa/1605,UPA,1/23/2016,USA,AZ,Tucson,UPA Wildwest Iron Fest
6434,upa/1606,UPA,1/23/2016,USA,UT,Layton,UPA Barbells and Beatings
6435,upa/1607,UPA,3/12/2016,USA,MN,Burnsville,Spring Showdown
6436,upa/1608,UPA,3/19/2016,USA,MI,Brownstown,Michigan Powerlifting State Championships
6437,upa/1609,UPA,3/26/2016,USA,AZ,Glendale,UPA Bar Brawl
6438,upa/1610,UPA,4/16/2016,USA,IA,Dubuque,UPA Powerlifting Nationals
6439,upa/1611,UPA,4/23/2016,USA,OH,Brook Park,UPA Old School Iron Spring Classic
6440,upa/1612,UPA,6/4/2016,USA,IN,Merrillville,UPA Battle at the Mecca
6441,upa/1613,UPA,6/4/2016,USA,MI,Detroit,UPA Detroit Barbell Summer Bash
6442,upa/1614,UPA,5/28/2016,USA,OR,,UPA Push-Pull Oregon State Championship
6443,upa/1615,UPA,7/1/2016,USA,IL,Tinley Park,UPA Teen Junior and Masters Powerlifting National Championship
6444,upa/1616,UPA,7/2/2016,USA,IL,Tinley Park,UPA Women's Pro Powerlifting
6445,upa/1617,UPA,7/8/2016,USA,MN,Rosemount,UPA Relentless Minnesota
6446,upa/1618,UPA,7/16/2016,USA,IA,Dubuque,UPA Iron Battle on the Mississippi
6447,upa/1619,UPA,8/6/2016,USA,OH,Brook Park,UPA OSIG Summer Showdown
6448,upa/1620,UPA,10/1/2016,USA,MN,Burnsville,Southside Fall Classic
6449,upa/1621,UPA,10/1/2016,USA,AZ,Phoenix,UPA Fall Bar Benders
6450,upa/1622,UPA,9/17/2016,USA,OR,,UPA Oregon Full Power
6451,upa/1623,UPA,8/20/2016,USA,MI,Detroit,UPA Detroit Barbell Summer Bash
6452,upa/1624,UPA,9/24/2016,USA,IL,Montgomery,UPA Illinois State Powerlifting Championship
6453,upa/1625,UPA,11/12/2016,USA,IA,Dubuque,UPA Power Weekend
6454,upa/1626,UPA,11/5/2016,USA,MI,Flat Rock,Relentless Detroit
6455,upa/1627,UPA,12/10/2016,USA,IL,Peoria,War of the Demigods
6456,upa/1628,UPA,9/10/2016,USA,WA,Kenniwick,Washington State Championships
6457,upa/1629,UPA,12/17/2016,USA,OH,Cleveland,Winter Rack Attack
6458,upa/1630,UPA,12/10/2016,USA,NY,Farmingdale,Long Island Powerlifting Meet
6459,upa/1631,UPA,9/17/2016,USA,IN,Wheatfield,Indiana State Powerlifting Championship
6460,upa/1701,UPA,2/18/2017,USA,NY,Farmingdale,Gaglione Strength Deadlifting Meet
6461,upa/1702,UPA,2/25/2017,USA,NV,Reno,Westcoast Championships
6462,upa/1703,UPA,2/18/2017,USA,UT,Roy,Utah Heartbreakers
6463,upa/1704,UPA,3/4/2017,USA,WA,Wenatchee,Washington Spring Championship
6464,upa/1705,UPA,3/11/2017,USA,MN,Burnsville,Southside Spring Showdown
6465,upa/1706,UPA,3/26/2017,USA,MI,Detroit,Michigan Powerlifting State Championship
6466,upa/1707,UPA,4/22/2017,USA,IA,Dubuque,Powerlifting and Bench Press National Championship
6467,upa/1708,UPA,1/22/2017,USA,AZ,Tucson,Tucson Iron Classic
6468,upa/1709,UPA,4/29/2017,USA,OH,Cleveland,Old School Iron Gym Spring Classic
6469,upa/1710,UPA,4/8/2017,USA,AZ,Phoenix,Iron Maiden Ladies of Strength
6470,upa/1711,UPA,1/14/2017,USA,MI,Detroit,DBB In-House Classic
6471,upa/1712,UPA,2/25/2017,USA,OR,Portland,Oregon State Powerlifting Meet
6472,upa/1713,UPA,1/22/2017,USA,IA,Dubuque,Raw Powerlifting Championship
6473,upa/1714,UPA,6/3/2017,USA,IL,Peoria,King of Everything
6474,upa/1715,UPA,6/10/2017,USA,MI,Detroit,Detroit Barbell Summer Bash
6475,upa/1716,UPA,7/7/2017,USA,MN,Apple Valley,Relentless Minnesota
6476,upa/1717,UPA,7/22/2017,USA,IA,Dubuque,Iron Battle on the Mississippi
6477,upa/1718,UPA,9/2/2017,USA,OH,Brookpark,Summer Showdown
6478,upa/1719,UPA,9/9/2017,USA,WA,Wenatchee,Washington Fall Championship
6479,upa/1720,UPA,9/23/2017,USA,IL,Montgomery,Illinois State Championship
6480,upa/1721,UPA,10/21/2017,USA,MN,Burnsville,Southside Fall
6481,upa/1722,UPA,11/4/2017,USA,NV,Reno,American Iron Championship
6482,upa/1723,UPA,11/4/2017,USA,MI,Detroit,Relentless Detroit
6483,upa/1724,UPA,11/18/2017,USA,IA,Dubuque,Power Weekend
6484,upa/1725,UPA,12/2/2017,USA,IL,Peoria,War of the Demigods
6485,upa/1726,UPA,12/9/2017,USA,NY,Farmingdale,Youth & Novice Powerlifting Meet
6486,upa/1727,UPA,12/9/2017,USA,UT,Roy,Holiday Havoc
6487,upa/1728,UPA,12/9/2017,USA,OH,Brook Park,Old School Iron Gym Winter Attack
6488,upa/1801,UPA,1/20/2018,USA,MI,Rochester,Winter Warfare
6489,usapl/2012-08-03,USAPL,8/3/2012,USA,TX,Killeen,2012 Raw Nationals
6490,usapl/2014-12-08,USAPL,12/8/2014,USA,CO,,2014 Colorado State Championships
6491,usapl/2015-03-14,USAPL,3/14/2015,USA,GA,Atlanta,2015 Military Nationals
6492,usapl/AK-2013-01,USAPL,4/20/2013,USA,AK,,2013 Alaska State Championships
6493,usapl/AK-2013-02,USAPL,9/14/2013,USA,AK,,Top of the World Powerlifting Challenge
6494,usapl/AK-2013-03,USAPL,12/7/2013,USA,AK,,2013 Southside Winter Classic
6495,usapl/AK-2013-04,USAPL,10/26/2013,USA,AK,,Alaska Fitness Expo - GNC Alaska Deadlift Invitational
6496,usapl/AK-2014-01,USAPL,2/22/2014,USA,AK,,Frostbite Classic
6497,usapl/AK-2014-02,USAPL,4/26/2014,USA,AK,,Alaska State Championship
6498,usapl/AK-2014-03,USAPL,8/23/2014,USA,AK,,2014 Alaska State Fair
6499,usapl/AK-2014-04,USAPL,5/17/2014,USA,AK,,Ketchikan Spring Powerlifting Meet
6500,usapl/AK-2014-06,USAPL,10/11/2014,USA,AK,,2014 Alaska Fitness Expo
6501,usapl/AK-2014-07,USAPL,9/27/2014,USA,AK,,2014 Top of the World
6502,usapl/AK-2014-08,USAPL,12/6/2014,USA,AK,,Southside Winter Classic
6503,usapl/AK-2015-01,USAPL,2/7/2015,USA,AK,,2nd Frostbite Classic
6504,usapl/AK-2015-02,USAPL,5/2/2015,USA,AK,,31st Alaska Powerlifting Championship
6505,usapl/AK-2015-03,USAPL,4/11/2015,USA,AK,,2015 Kenai PL Challenge
6506,usapl/AK-2015-04,USAPL,4/18/2015,USA,AK,,2015 Pioneer Peak Power Fest
6507,usapl/AK-2015-05,USAPL,5/23/2015,USA,AK,,Ketchikan
6508,usapl/AK-2015-07,USAPL,9/26/2015,USA,AK,,3rd Top of the World Powerlifting Challenge
6509,usapl/AK-2015-08,USAPL,11/14/2015,USA,AK,,Southside Winter Classic
6510,usapl/AK-2015-09,USAPL,11/21/2015,USA,AK,,Dena'ina Powerlifting Challenge
6511,usapl/AK-2015-10,USAPL,9/11/2015,USA,AK,,Last Man Standing Qualifier
6512,usapl/AK-2015-11,USAPL,12/5/2015,USA,AK,,Ketchikan Winter Meet
6513,usapl/AK-2016-01,USAPL,2/20/2016,USA,AK,,3rd Frostbite Challenge
6514,usapl/AK-2016-02,USAPL,1/23/2016,USA,AK,,Southside Winter Classic
6515,usapl/AK-2016-03,USAPL,2/27/2016,USA,AK,,Kenai Classic
6516,usapl/AK-2016-04,USAPL,3/5/2016,USA,AK,,2016 Alaska Muscle Raw
6517,usapl/AK-2016-05,USAPL,3/12/2016,USA,AK,,2016 Anchorage High School Classic
6518,usapl/AK-2016-06,USAPL,6/11/2016,USA,AK,,Alaska Deadlift Invitational
6519,usapl/AK-2016-07,USAPL,4/30/2016,USA,AK,,32nd Alaska State Championship
6520,usapl/AK-2016-09,USAPL,5/7/2016,USA,AK,,19th Ketchikan Spring Powerlifting Meet
6521,usapl/AK-2016-10,USAPL,12/3/2016,USA,AK,,2016 Southside Fall Classic
6522,usapl/AK-2016-11,USAPL,7/16/2016,USA,AK,,Soldotna Stars Summer Classic
6523,usapl/AK-2016-12,USAPL,9/24/2016,USA,AK,Eagle River,Alaska Muscle Fall Raw Open
6524,usapl/AK-2016-13,USAPL,8/25/2016,USA,AK,,3rd Alaska State Fair Challenge
6525,usapl/AK-2016-14,USAPL,12/10/2016,USA,AK,,16th Ketchikan Winter Meet
6526,usapl/AK-2016-15,USAPL,11/12/2016,USA,AK,,2016 SoHi Fall Classic
6527,usapl/AK-2017-01,USAPL,4/22/2017,USA,AK,,2017 Alaska State Championship
6528,usapl/AK-2017-03,USAPL,2/25/2017,USA,AK,,3rd Frostbite Challenge
6529,usapl/AK-2017-06,USAPL,3/25/2017,USA,AK,,2017 Kenai Peninsula Classic
6530,usapl/AK-2017-08,USAPL,5/6/2017,USA,AK,,2017 Husky Invitational
6531,usapl/AK-2017-09,USAPL,5/27/2017,USA,AK,,Ketchikan 21st Spring Meet
6532,usapl/AK-2017-10,USAPL,7/15/2017,USA,AK,,2nd Annual Justin Maile Classic
6533,usapl/AK-2017-11,USAPL,12/16/2017,USA,AK,,Southside Christmas Classic
6534,usapl/AK-2017-12,USAPL,10/28/2017,USA,AK,,Tundra Rumble
6535,usapl/AK-2017-13,USAPL,12/9/2017,USA,AK,,17th Annual Ketchikan Winter Meet
6536,usapl/AL-2013-01,USAPL,4/27/2013,USA,AL,,S.E HS State Wars
6537,usapl/AL-2014-01,USAPL,3/15/2014,USA,AL,,Alabama State Powerlifting Championship
6538,usapl/AL-2015-01,USAPL,2/21/2015,USA,AL,,2015 Alabama State Powerlifting Championship
6539,usapl/AL-2015-02,USAPL,5/9/2015,USA,AL,,2015 Border Bash
6540,usapl/AL-2016-01,USAPL,2/20/2016,USA,AL,,Alabama State Championships
6541,usapl/AL-2016-02,USAPL,7/23/2016,USA,AL,,Border Bash Alabama vs Georgia
6542,usapl/AL-2017-01,USAPL,3/25/2017,USA,AL,,Iron City Open
6543,usapl/AL-2017-02,USAPL,2/25/2017,USA,AL,,Alabama State Championships
6544,usapl/AZ-2014-01,USAPL,11/22/2014,USA,AZ,,2014 AZ Fall Championship
6545,usapl/AZ-2015-01,USAPL,2/14/2015,USA,AZ,,Valentine's Day Lover's Quarrel
6546,usapl/AZ-2015-02,USAPL,4/25/2015,USA,AZ,,Arizona State Championships
6547,usapl/AZ-2015-03,USAPL,7/4/2015,USA,AZ,,The Freedom Lift
6548,usapl/AZ-2015-04,USAPL,11/21/2015,USA,AZ,,AZ Fall Championships
6549,usapl/AZ-2015-05,USAPL,9/19/2015,USA,AZ,,Route 66 Classic
6550,usapl/AZ-2016-01,USAPL,1/23/2016,USA,AZ,,59 Bus Brewery Winter Classic
6551,usapl/AZ-2016-02,USAPL,4/2/2016,USA,AZ,,Arizona State Championships
6552,usapl/AZ-2016-03,USAPL,4/30/2016,USA,AZ,,Arizona High School Championship & Spring Open
6553,usapl/AZ-2016-04,USAPL,9/24/2016,USA,AZ,Peoria,Lake Pleasant Classic
6554,usapl/AZ-2016-05,USAPL,7/9/2016,USA,AZ,,2nd Annual Route 66 Classic
6555,usapl/AZ-2016-06,USAPL,11/12/2016,USA,AZ,,Arizona 2016 Fall Classic
6556,usapl/AZ-2017-01,USAPL,1/28/2017,USA,AZ,,Arizona Winter High School Championships & Open
6557,usapl/AZ-2017-02,USAPL,4/8/2017,USA,AZ,,2017 Arizona State Championship
6558,usapl/AZ-2017-03,USAPL,2/25/2017,USA,AZ,,Tempe Classic
6559,usapl/AZ-2017-04,USAPL,8/27/2017,USA,AZ,,Sun Devil Classic
6560,usapl/AZ-2017-05,USAPL,7/22/2017,USA,AZ,,3rd Annual Route 66 Classic
6561,usapl/AZ-2017-06,USAPL,11/11/2017,USA,AZ,,Arizona Fall Classic
6562,usapl/AZ-2017-07,USAPL,9/23/2017,USA,AZ,,Apeman Strong Fest
6563,usapl/CA-2013-01,USAPL,7/13/2013,USA,CA,,2013 CA State Games
6564,usapl/CA-2013-02,USAPL,11/2/2013,USA,,,2013 So Cal Regional Championships
6565,usapl/CA-2014-01,USAPL,7/12/2014,USA,CA,,2014 California State Games
6566,usapl/CA-2014-02,USAPL,2/15/2014,USA,CA,,2014 California State Championships
6567,usapl/CA-2014-03,USAPL,11/8/2014,USA,CA,,2014 CA Fall Classic
6568,usapl/CA-2015-01,USAPL,4/11/2015,USA,CA,,2015 CA State Championship
6569,usapl/CA-2015-02,USAPL,5/23/2015,USA,CA,Mountain View,Boss of NorCal
6570,usapl/CA-2015-03,USAPL,7/18/2015,USA,CA,,CA State Games Powerlifting
6571,usapl/CA-2015-04,USAPL,6/27/2015,USA,CA,,NorCal Open
6572,usapl/CA-2015-05,USAPL,11/14/2015,USA,CA,,2015 Fall Classic/SoCal Regional
6573,usapl/CA-2015-06,USAPL,12/5/2015,USA,CA,Sacramento,NorCal Regional Championships
6574,usapl/CA-2015-07,USAPL,9/12/2015,USA,CA,,2015 CA Barbell LCQ
6575,usapl/CA-2016-01,USAPL,2/28/2016,USA,CA,,2016 Spartan Raw Championships
6576,usapl/CA-2016-02,USAPL,3/19/2016,USA,CA,,2016 Brand X Method youth/teen/junior Showdown
6577,usapl/CA-2016-03,USAPL,4/16/2016,USA,CA,,2016 California State Championships
6578,usapl/CA-2016-04,USAPL,5/14/2016,USA,CA,Mountain View,Boss of NorCal II
6579,usapl/CA-2016-05,USAPL,9/24/2016,USA,CA,Mountain View,Boss of NorCal 3
6580,usapl/CA-2016-06,USAPL,4/2/2016,USA,CA,,2016 Midtown Spring Fling
6581,usapl/CA-2016-07,USAPL,7/16/2016,USA,CA,,2016 California State Games
6582,usapl/CA-2016-08,USAPL,8/13/2016,USA,CA,Laguna Niguel,Juggernaut Summer Showdown
6583,usapl/CA-2016-09,USAPL,9/17/2016,USA,CA,Poway,2016 Right to Bear Iron
6584,usapl/CA-2016-10,USAPL,12/4/2016,USA,CA,,2016 California Winter Classic
6585,usapl/CA-2017-01,USAPL,2/19/2017,USA,CA,,2017 Brand X Method Teen Junior Championship
6586,usapl/CA-2017-02,USAPL,1/22/2017,USA,CA,,Juggernaut Winter Open
6587,usapl/CA-2017-03,USAPL,1/29/2017,USA,CA,,2017 Spartan Open
6588,usapl/CA-2017-04,USAPL,5/27/2017,USA,CA,Mountain View,Boss of NorCal 4
6589,usapl/CA-2017-05,USAPL,11/11/2017,USA,CA,Mountain View,Boss of NorCal V
6590,usapl/CA-2017-06,USAPL,7/15/2017,USA,CA,,CA State Games & USA Masters Games
6591,usapl/CA-2017-07,USAPL,4/29/2017,USA,CA,,2017 California State Championship
6592,usapl/CA-2017-08,USAPL,6/10/2017,USA,CA,,NorCal Open
6593,usapl/CA-2017-09,USAPL,9/9/2017,USA,CA,Santa Cruz,Santa Cruz Strength Fall Classic
6594,usapl/CA-2017-10,USAPL,10/7/2017,USA,CA,,Humanity Open
6595,usapl/CA-2017-11,USAPL,8/20/2017,USA,CA,,Juggernaut Summer Open
6596,usapl/CA-2017-12,USAPL,12/16/2017,USA,CA,,NorCal Winter Classic
6597,usapl/CA-2017-13,USAPL,11/18/2017,USA,CA,,Ferrigno Legacy
6598,usapl/CA-2018-01,USAPL,1/13/2018,USA,CA,Santa Cruz,LiftingLarge Open
6599,usapl/CO-2013-01,USAPL,7/27/2013,USA,CO,,2013 Rocky Mountain State Games
6600,usapl/CO-2013-02,USAPL,10/26/2013,USA,CO,,2013 Mile High Push Pull
6601,usapl/CO-2013-03,USAPL,12/7/2013,USA,CO,,2013 Colorado State Championships
6602,usapl/CO-2014-01,USAPL,2/1/2014,USA,CO,,2014 RMLC Championships
6603,usapl/CO-2014-02,USAPL,3/9/2014,USA,CO,,2014 Last Chance Qualifier
6604,usapl/CO-2014-04,USAPL,7/26/2014,USA,CO,,2014 Rocky Mountain State Games
6605,usapl/CO-2014-05,USAPL,10/18/2014,USA,CO,,Mile High Push Pull
6606,usapl/CO-2014-06,USAPL,12/6/2014,USA,CO,,Rocky Mountain Pro Bench
6607,usapl/CO-2015-01,USAPL,2/14/2015,USA,CO,,RMLC Raw Collegiate Invitational
6608,usapl/CO-2015-02,USAPL,2/14/2015,USA,,,2015 Youth Nationals
6609,usapl/CO-2015-03,USAPL,2/15/2015,USA,CO,,RMLC Championships
6610,usapl/CO-2015-04,USAPL,7/25/2015,USA,CO,,Rocky Mountain State Games
6611,usapl/CO-2015-05,USAPL,12/5/2015,USA,CO,,Colorado State Championships
6612,usapl/CO-2016-01,USAPL,2/13/2016,USA,CO,,2016 RMLC Championships
6613,usapl/CO-2016-02,USAPL,7/30/2016,USA,CO,,Rocky Mountain State Games
6614,usapl/CO-2016-03,USAPL,9/25/2016,USA,CO,Wheat Ridge,Colorado Fall Open
6615,usapl/CO-2016-04,USAPL,12/2/2016,USA,CO,,2016 Colorado State Championships
6616,usapl/CO-2017-01,USAPL,2/11/2017,USA,CO,,2017 Colorado State Championships
6617,usapl/CO-2017-02,USAPL,4/29/2017,USA,CO,,Gorilla Warfare
6618,usapl/CO-2017-03,USAPL,7/30/2017,USA,CO,,2017 Rocky Mountain State Games
6619,usapl/CO-2017-04,USAPL,9/16/2017,USA,CO,,2nd Annual Colorado Fall Open
6620,usapl/CO-2017-05,USAPL,11/18/2017,USA,CO,,2017 RMLC Championships
6621,usapl/CT-2014-01,USAPL,5/4/2014,USA,CT,,1st Annual Connecticut Spring Classic
6622,usapl/CT-2015-01,USAPL,2/21/2015,USA,CT,,CONNECTICUT NATURALLY HARDCORE CLASSIC
6623,usapl/CT-2015-04,USAPL,11/7/2015,USA,CT,,Connecticut Strength Sports Festival
6624,usapl/CT-2015-05,USAPL,9/19/2015,USA,CT,,TEF Meet
6625,usapl/CT-2016-01,USAPL,2/27/2016,USA,CT,,2016 Naturally Hardcore Classic
6626,usapl/CT-2016-02,USAPL,5/7/2016,USA,CT,,3rd Annual Connecticut Spring Classic
6627,usapl/CT-2016-03,USAPL,9/11/2016,USA,CT,Derby,Connecticut Last Show for Nationals
6628,usapl/CT-2016-04,USAPL,10/8/2016,USA,CT,Derby,Connecticut Bench Press Against Breast Cancer
6629,usapl/CT-2016-05,USAPL,11/12/2016,USA,CT,,Connecticut Deadlift Against Diabetes
6630,usapl/CT-2017-01,USAPL,5/6/2017,USA,CT,,Connecticut State Championships and Spring Classic
6631,usapl/CT-2017-02,USAPL,2/18/2017,USA,CT,,Connecticut Winter Invitational
6632,usapl/CT-2017-03,USAPL,7/22/2017,USA,CT,,Connecticut Summer Showdown
6633,usapl/CT-2017-04,USAPL,10/28/2017,USA,CT,,New England Showdown
6634,usapl/CT-2017-05,USAPL,9/9/2017,USA,CT,,Connecticut Fall Classic
6635,usapl/CT-2017-07,USAPL,9/30/2017,USA,CT,,CT Bench Press Against Breast Cancer
6636,usapl/CT-2018-01,USAPL,1/13/2018,USA,CT,,Connecticut Winter Classic
6637,usapl/DC-2017-01,USAPL,4/1/2017,USA,DC,,District Open
6638,usapl/DE-2017-01,USAPL,4/30/2017,USA,DE,,2017 Delaware State Championship
6639,usapl/DE-2017-02,USAPL,10/29/2017,USA,DE,,2017 Delaware Fall Classic
6640,usapl/FL-2013-03,USAPL,7/8/2013,USA,FL,,2013 Central Florida Open Powerlifting Championships
6641,usapl/FL-2014-01,USAPL,3/15/2014,USA,FL,,32nd Annual Florida State Powerlifting Championships
6642,usapl/FL-2014-02,USAPL,5/24/2014,USA,FL,,2014 Boynton Barbell Center Raw Open Championships
6643,usapl/FL-2014-03,USAPL,6/14/2014,USA,FL,,2014 Central Florida Open Powerlifting Championships
6644,usapl/FL-2014-04,USAPL,11/16/2014,USA,FL,,2014 Florida Collegiate
6645,usapl/FL-2015-01,USAPL,3/14/2015,USA,FL,,2015 Florida State Championships
6646,usapl/FL-2015-03,USAPL,6/13/2015,USA,FL,,36th Florida Sunshine Games
6647,usapl/FL-2015-04,USAPL,7/25/2015,USA,FL,,Central Florida Championship
6648,usapl/FL-2015-05,USAPL,9/26/2015,USA,FL,,9th Annual South Florida Open Powerlifting Championships
6649,usapl/FL-2015-06,USAPL,10/25/2015,USA,FL,,12th Annual Florida Collegiate Powerlifting Championship
6650,usapl/FL-2015-07,USAPL,4/26/2015,USA,FL,,1st Annual North Florida Open Powerlifting Championships
6651,usapl/FL-2015-08,USAPL,12/13/2015,USA,FL,,2015 Southeastern USA Regional Championships
6652,usapl/FL-2016-01,USAPL,3/20/2016,USA,FL,,2016 Orlando Open Championships
6653,usapl/FL-2016-02,USAPL,5/14/2016,USA,FL,,2nd Annual Boynton Barbell Raw Powerlifting Championship
6654,usapl/FL-2016-03,USAPL,5/28/2016,USA,FL,,35th Annual Florida State Powerlifting Championship
6655,usapl/FL-2016-04,USAPL,6/11/2016,USA,FL,,37th Annual Sunshine State Games
6656,usapl/FL-2016-05,USAPL,7/23/2016,USA,FL,,5th Annual Central Florida Powerlifting Championships
6657,usapl/FL-2016-06,USAPL,9/25/2016,USA,FL,Davie,10th Annual South Florida Open Powerlifting Championships
6658,usapl/FL-2016-08,USAPL,11/20/2016,USA,FL,,13th Annual Florida Collegiate Powerlifting Championships
6659,usapl/FL-2017-01,USAPL,1/21/2017,USA,FL,,Boynton Barbell Center Powerlifting Championship
6660,usapl/FL-2017-02,USAPL,3/26/2017,USA,FL,,35th Annual Florida State Championships
6661,usapl/FL-2017-03,USAPL,4/22/2017,USA,FL,,Capital City Barbell Raw Powerlifting Championship
6662,usapl/FL-2017-04,USAPL,6/3/2017,USA,FL,,Gulf Breeze Open
6663,usapl/FL-2017-05,USAPL,7/9/2017,USA,FL,,6th Annual Central Florida Open Championships
6664,usapl/FL-2017-06,USAPL,6/10/2017,USA,FL,,Boynton Barbell Center Invitational
6665,usapl/FL-2017-07,USAPL,9/3/2017,USA,FL,,Florida Last Chance Qualifier
6666,usapl/FL-2017-08,USAPL,9/30/2017,USA,FL,,14th Annual Florida Collegiate Championships
6667,usapl/FL-2017-09,USAPL,12/16/2017,USA,FL,Orlando,2nd Annual Orlando Open Championships
6668,usapl/FL-2018-01,USAPL,1/13/2018,USA,FL,,Boynton Barbell Center Championship
6669,usapl/GA-2013-01,USAPL,4/6/2013,USA,GA,,2013 GA Spring Open
6670,usapl/GA-2013-02,USAPL,4/20/2013,USA,GA,,Powerlifting for Pink
6671,usapl/GA-2013-03,USAPL,8/10/2013,USA,GA,,Powerlifting for Pups
6672,usapl/GA-2013-04,USAPL,11/9/2013,USA,,,2013 Georgia & Southern States
6673,usapl/GA-2013-06,USAPL,12/7/2013,USA,GA,,Border Bash
6674,usapl/GA-2014-01,USAPL,1/25/2014,USA,GA,,GA Winter Classic & Single Ply Invitational
6675,usapl/GA-2014-02,USAPL,4/5/2014,USA,GA,,Georgia Spring Open
6676,usapl/GA-2014-03,USAPL,5/10/2014,USA,GA,,Border Bash & Southeastern High School State Wars
6677,usapl/GA-2014-04,USAPL,8/9/2014,USA,GA,,Powerlifting for Pups
6678,usapl/GA-2014-05,USAPL,3/8/2014,USA,GA,,Georgia High School State Championships
6679,usapl/GA-2014-07,USAPL,6/28/2014,USA,GA,,Powerlifting for Pink
6680,usapl/GA-2014-08,USAPL,10/25/2014,USA,GA,,2014 GA & Southern States BP & PL Championships
6681,usapl/GA-2015-01,USAPL,2/28/2015,USA,GA,,2015 Georgia Spring Open
6682,usapl/GA-2015-02,USAPL,6/26/2015,USA,GA,,Summer Showdown
6683,usapl/GA-2015-03,USAPL,8/8/2015,USA,GA,,Powerlifting For Pups
6684,usapl/GA-2015-04,USAPL,11/7/2015,USA,GA,,3rd Annual Powerlifting for Pink
6685,usapl/GA-2015-05,USAPL,12/12/2015,USA,GA,,Georgia & Southern States
6686,usapl/GA-2016-01,USAPL,2/13/2016,USA,GA,,Citadel Nutrition Open
6687,usapl/GA-2016-02,USAPL,4/2/2016,USA,GA,,Georgia Spring Open
6688,usapl/GA-2016-03,USAPL,5/7/2016,USA,GA,,Lift for Life
6689,usapl/GA-2016-04,USAPL,6/10/2016,USA,GA,,Summer Showdown
6690,usapl/GA-2016-05,USAPL,8/13/2016,USA,GA,,Powerlifting for Pups
6691,usapl/GA-2016-06,USAPL,4/23/2016,USA,GA,,Explosive Mechanics Day of Mayhem
6692,usapl/GA-2016-07,USAPL,7/9/2016,USA,GA,,Kilo Classic
6693,usapl/GA-2016-08,USAPL,12/10/2016,USA,GA,,Powerlifting for Pink
6694,usapl/GA-2016-09,USAPL,9/11/2016,USA,GA,Duluth,No Frills Quest Qualifier
6695,usapl/GA-2017-01,USAPL,2/4/2017,USA,GA,,Georgia High School State Championships
6696,usapl/GA-2017-02,USAPL,2/4/2017,USA,GA,,Georgia State Championships
6697,usapl/GA-2017-03,USAPL,4/1/2017,USA,GA,,Georgia Spring Open
6698,usapl/GA-2017-04,USAPL,5/6/2017,USA,GA,,2017 Atlanta Women's Open
6699,usapl/GA-2017-05,USAPL,6/10/2017,USA,GA,,Dirty South Bench Press and Deadlift Challenge
6700,usapl/GA-2017-06,USAPL,7/8/2017,USA,GA,,5 Bar Showdown
6701,usapl/GA-2017-07,USAPL,11/11/2017,USA,GA,,Savage Open
6702,usapl/GA-2017-08,USAPL,9/16/2017,USA,GA,,Powerlifting For Pups
6703,usapl/GA-2017-09,USAPL,8/27/2017,USA,GA,,Bring A Volunteer Last Minute Qualifier
6704,usapl/GA-2018-05,USAPL,1/20/2018,USA,GA,,Atlanta Winter Smash
6705,usapl/HI-2016-01,USAPL,4/30/2016,USA,HI,,2016 Island Qualifier
6706,usapl/IA-2014-01,USAPL,3/8/2014,USA,IA,,2014 WOODWARD ACADEMY INVITATIONAL
6707,usapl/IA-2014-02,USAPL,10/25/2014,USA,IA,,Best of the Midwest
6708,usapl/IA-2015-01,USAPL,1/17/2015,USA,IA,,Iowa Open
6709,usapl/IA-2015-02,USAPL,3/14/2015,USA,IA,,Woodward Academy High School Open
6710,usapl/IA-2016-01,USAPL,2/20/2016,USA,IA,,Woodward Academy High School Meet
6711,usapl/IA-2016-02,USAPL,7/30/2016,USA,IA,,2016 Iowa State Open
6712,usapl/IA-2017-01,USAPL,1/21/2017,USA,IA,,2017 Des Moines Metro Classic
6713,usapl/IA-2017-02,USAPL,3/4/2017,USA,IA,,Quad City Throw Down
6714,usapl/IA-2017-03,USAPL,7/8/2017,USA,IA,,2017 Iowa State Championship
6715,usapl/IA-2017-04,USAPL,3/11/2017,USA,IA,,2017 Woodward Academy High School Invitational
6716,usapl/IA-2017-05,USAPL,6/17/2017,USA,IA,,Quad Cities Summer Blastoff
6717,usapl/IA-2017-06,USAPL,11/19/2017,USA,IA,,Quad City Iron Thriller
6718,usapl/ID-2014-01,USAPL,5/24/2014,USA,ID,,2014 Annual Idaho Spring Classic Raw Powerlifting Championships
6719,usapl/ID-2014-02,USAPL,12/13/2014,USA,ID,,2014 Idaho State Open/High School Championships
6720,usapl/ID-2015-01,USAPL,5/23/2015,USA,ID,,Idaho Raw Classic
6721,usapl/ID-2015-02,USAPL,12/12/2015,USA,ID,,2015 Idaho State Powerlifting Championships
6722,usapl/ID-2016-01,USAPL,6/4/2016,USA,ID,,Bodybuilding.com Fit Expo Pro Deadlift
6723,usapl/ID-2016-02,USAPL,8/27/2016,USA,ID,,M'powered Raw Ruckus
6724,usapl/ID-2016-03,USAPL,5/28/2016,USA,ID,,Idaho RAW Classic
6725,usapl/ID-2016-04,USAPL,12/3/2016,USA,ID,,Winter Wars
6726,usapl/ID-2017-01,USAPL,2/25/2017,USA,ID,,Idaho State Championships
6727,usapl/ID-2017-02,USAPL,6/3/2017,USA,ID,,BFE Classic
6728,usapl/ID-2017-04,USAPL,7/8/2017,USA,ID,,NW Regionals Last Chance Qualifier
6729,usapl/ID-2017-05,USAPL,11/11/2017,USA,ID,,Winter Wars 2017
6730,usapl/IL-2014-02,USAPL,5/17/2014,USA,IL,,Illinois State/ Great Rivers Open
6731,usapl/IL-2014-03,USAPL,11/15/2014,USA,IL,,2014 MO Rivers Edge
6732,usapl/IL-2015-01,USAPL,4/25/2015,USA,IL,,2015 Illinois States and Great Rivers Open
6733,usapl/IL-2015-02,USAPL,11/7/2015,USA,IL,,2015 Battle of Belleville
6734,usapl/IL-2015-03,USAPL,10/25/2015,USA,IL,,Windy City Open Raw Bench
6735,usapl/IL-2016-01,USAPL,1/31/2016,USA,IL,,Illinois Women's Raw Open & Bench
6736,usapl/IL-2016-02,USAPL,3/6/2016,USA,IL,,Chicagoland Men's Open Power
6737,usapl/IL-2016-03,USAPL,4/16/2016,USA,IL,,All Midwest Raw Bench
6738,usapl/IL-2016-04,USAPL,2/13/2016,USA,IL,,2016 River's Edge
6739,usapl/IL-2016-05,USAPL,4/30/2016,USA,IL,,2016 Illinois State Championships
6740,usapl/IL-2016-06,USAPL,9/18/2016,USA,IL,Chicago,Windy City Raw Bench
6741,usapl/IL-2016-07,USAPL,11/6/2016,USA,IL,,Chicago Raw Novice
6742,usapl/IL-2016-08,USAPL,12/10/2016,USA,IL,,Beast of the Metro East
6743,usapl/IL-2017-01,USAPL,2/12/2017,USA,IL,,Illinois Women's Raw Open
6744,usapl/IL-2017-02,USAPL,3/19/2017,USA,IL,,Men's Chicagoland Raw Open
6745,usapl/IL-2017-03,USAPL,4/30/2017,USA,IL,,2017 All Midwest Bench and Deadlift
6746,usapl/IL-2017-04,USAPL,1/15/2017,USA,IL,,Illinois Collegiate Powerlifting Meet
6747,usapl/IL-2017-06,USAPL,5/6/2017,USA,IL,,Illinois State Meet 2017
6748,usapl/IL-2017-07,USAPL,11/5/2017,USA,IL,,2017 Chicagoland Women's Raw Novice
6749,usapl/IL-2017-08,USAPL,12/17/2017,USA,IL,,Chicagoland Men's Raw Novice
6750,usapl/IL-2017-09,USAPL,11/11/2017,USA,IL,,The Beast of the Metro East
6751,usapl/IN-2013-01,USAPL,10/12/2013,USA,IN,Fort Wayne,Indiana Powerfest
6752,usapl/IN-2014-01,USAPL,5/10/2014,USA,IN,,2014 Hoosier Open
6753,usapl/IN-2015-01,USAPL,9/15/2015,USA,IN,,Warrior Closed
6754,usapl/IN-2016-01,USAPL,4/2/2016,USA,IN,,Southern Indiana Spring Classic
6755,usapl/IN-2016-02,USAPL,9/10/2016,USA,IN,,Southern Indiana Fall Raw Classic
6756,usapl/IN-2017-01,USAPL,6/24/2017,USA,IN,,Northern Indiana Bench & Deadlift Championships
6757,usapl/KS-2014-01,USAPL,5/31/2014,USA,KS,,2014 KANSAS HEAVY METAL
6758,usapl/KS-2015-01,USAPL,6/6/2015,USA,KS,,KS Heavy Metal Open
6759,usapl/KS-2015-02,USAPL,12/5/2015,USA,KS,,Kansas State Open
6760,usapl/KS-2016-01,USAPL,6/4/2016,USA,KS,,Kansas Heavy Metal Open
6761,usapl/KS-2016-02,USAPL,9/17/2016,USA,KS,Lawrence,Best in the Midwest Raw Deadlift Challenge
6762,usapl/KS-2016-03,USAPL,12/3/2016,USA,KS,,Kansas State Open
6763,usapl/KS-2017-01,USAPL,6/3/2017,USA,KS,,Kansas Heavy Metal Open
6764,usapl/KS-2017-02,USAPL,9/16/2017,USA,KS,,Kansas Klassic
6765,usapl/KS-2017-03,USAPL,12/2/2017,USA,KS,,Kansas State Championship
6766,usapl/KY-2017-01,USAPL,1/28/2017,USA,KY,,Kentucky Open Raw Championship
6767,usapl/KY-2017-02,USAPL,9/17/2017,USA,KY,,Supertotal Weekend
6768,usapl/KY-2017-03,USAPL,6/24/2017,USA,KY,,Kentucky State Raw Champs
6769,usapl/LA-2014-01,USAPL,1/18/2014,USA,LA,,LOUISIANA STATE POWERLIFTING CHAMPIONSHIP
6770,usapl/LA-2014-02,USAPL,2/21/2014,USA,LA,,LaTech Collegiate Qualifer
6771,usapl/LA-2014-03,USAPL,2/7/2014,USA,LA,,Lutcher High School Nationals Qualifier
6772,usapl/LA-2014-04,USAPL,7/12/2014,USA,LA,,LOUISIANA SUMMER CLASSIC
6773,usapl/LA-2014-05,USAPL,3/8/2014,USA,LA,,Covington Qualifier
6774,usapl/LA-2014-06,USAPL,3/22/2014,USA,LA,,CAJUN PRIDE
6775,usapl/LA-2014-07,USAPL,4/26/2014,USA,LA,,2014 PATRIOT QUALIFIER
6776,usapl/LA-2014-08,USAPL,11/15/2014,USA,LA,,LOUISIANA COLLEGIATE REGIONALS
6777,usapl/LA-2015-01,USAPL,1/10/2015,USA,LA,,2015 LOUISIANA STATE POWERLIFTING CHAMPIONSHIP
6778,usapl/LA-2015-02,USAPL,2/13/2015,USA,LA,,La Tech Collegiate Qualifier
6779,usapl/LA-2015-03,USAPL,3/22/2015,USA,LA,,Cajun pride
6780,usapl/LA-2015-04,USAPL,7/18/2015,USA,LA,,2015 Louisiana Summer Classic
6781,usapl/LA-2015-05,USAPL,5/23/2015,USA,LA,,Battle of Legends
6782,usapl/LA-2015-06,USAPL,3/11/2015,USA,LA,,Covington Qualifier
6783,usapl/LA-2015-08,USAPL,11/21/2015,USA,LA,,Louisiana Open & Collegiate Regionals
6784,usapl/LA-2015-10,USAPL,12/26/2015,USA,LA,,Legends' Iron Christmas
6785,usapl/LA-2015-11,USAPL,12/5/2015,USA,LA,,La Tech Collegiate Qualifier
6786,usapl/LA-2016-01,USAPL,1/16/2016,USA,LA,,2016 Louisiana State Championship
6787,usapl/LA-2016-02,USAPL,3/26/2016,USA,LA,,Pelican State Open and National Meet Qualifier
6788,usapl/LA-2016-03,USAPL,2/13/2016,USA,LA,,South Louisiana Qualifier
6789,usapl/LA-2016-04,USAPL,7/16/2016,USA,LA,,Louisiana Summer Classic
6790,usapl/LA-2016-05,USAPL,5/14/2016,USA,LA,,2016 Louisiana State Games
6791,usapl/LA-2016-06,USAPL,3/12/2016,USA,LA,,2016 Cajun Pride
6792,usapl/LA-2016-07,USAPL,2/14/2016,USA,LA,,Cenla High School Qualifying Meet
6793,usapl/LA-2016-08,USAPL,11/19/2016,USA,LA,,Abbeville Open & Louisiana Collegiate Championship
6794,usapl/LA-2016-09,USAPL,9/4/2016,USA,LA,,New Orleans Invitational
6795,usapl/LA-2016-10,USAPL,12/10/2016,USA,LA,,La Tech Intersquad Meet
6796,usapl/LA-2017-01,USAPL,2/18/2017,USA,LA,,Pelican State Open & Free High School Qualifier
6797,usapl/LA-2017-02,USAPL,5/6/2017,USA,LA,,2017 LA State Games
6798,usapl/LA-2017-03,USAPL,1/14/2017,USA,LA,,2017 Louisiana State Championship
6799,usapl/LA-2017-04,USAPL,3/9/2017,USA,LA,,New Orleans Invitational
6800,usapl/LA-2017-05,USAPL,11/18/2017,USA,LA,,2017 Abbeville Open and Collegiate Championships
6801,usapl/LA-2017-06,USAPL,7/15/2017,USA,LA,,2017 Louisiana Summer Classic
6802,usapl/LA-2017-07,USAPL,2/4/2017,USA,LA,,South Louisiana High School Qualifier
6803,usapl/LA-2017-08,USAPL,3/11/2017,USA,LA,,Cajun Pride National Qualifier
6804,usapl/LA-2017-09,USAPL,3/12/2017,USA,LA,,University Academy Qualifier
6805,usapl/LA-2017-10,USAPL,6/24/2017,USA,LA,,2017 Calcasieu Cup
6806,usapl/LA-2017-11,USAPL,12/2/2017,USA,LA,,Shreveport Showdown
6807,usapl/LA-2017-12,USAPL,12/9/2017,USA,LA,,LA Tech Rookie Meet
6808,usapl/LA-2018-01,USAPL,1/13/2018,USA,LA,,Louisiana State Meet
6809,usapl/MA-2013-05,USAPL,11/17/2013,USA,MA,,First Annual Raw Collegiate Cup
6810,usapl/MA-2014-01,USAPL,1/20/2014,USA,MA,,St. John's Classic
6811,usapl/MA-2014-03,USAPL,1/11/2014,USA,MA,,New England Open
6812,usapl/MA-2014-04,USAPL,2/8/2014,USA,MA,,Elite Sports & Fitness High School PL Open
6813,usapl/MA-2014-05,USAPL,2/22/2014,USA,MA,,Winter Classic
6814,usapl/MA-2014-06,USAPL,3/9/2014,USA,MA,,4th Annual Ryan Moore New England High School Championships
6815,usapl/MA-2014-07,USAPL,11/15/2014,USA,MA,,Raw Collegiate Cup
6816,usapl/MA-2014-08,USAPL,11/22/2014,USA,MA,,2014 New England Open PL Championships
6817,usapl/MA-2015-01,USAPL,3/15/2015,USA,MA,,5th Annual Ryan Moore N.E. Open High School Championships
6818,usapl/MA-2015-04,USAPL,2/28/2015,USA,MA,,Winter Classic
6819,usapl/MA-2016-01,USAPL,1/16/2016,USA,MA,,St. John's High School Classic and Worcester Open
6820,usapl/MA-2016-02,USAPL,2/27/2016,USA,MA,,Winter Classic
6821,usapl/MA-2016-03,USAPL,3/13/2016,USA,MA,,6th Annual Ryan Moore New England Open High School Championship
6822,usapl/MA-2016-04,USAPL,2/7/2016,USA,MA,,3rd Annual Elite Sports & Fitness High School Open
6823,usapl/MA-2017-01,USAPL,1/14/2017,USA,MA,,Worcester Open
6824,usapl/MA-2017-02,USAPL,3/12/2017,USA,MA,,7th Annual Ryan Moore New England States Open High School Championshp
6825,usapl/MA-2017-03,USAPL,2/25/2017,USA,MA,,5th Annual Winter Classic
6826,usapl/MA-2017-04,USAPL,2/12/2017,USA,MA,,4th Annual Elite High School Cup
6827,usapl/MA-2017-05,USAPL,11/12/2017,USA,MA,,Raw Collegiate Cup
6828,usapl/MA-2017-06,USAPL,7/15/2017,USA,MA,,2017 Massachusetts Quickie Qualifier
6829,usapl/MA-2017-07,USAPL,12/2/2017,USA,MA,,2017 New England Open
6830,usapl/MA-2017-XA,USAPL,1/14/2017,USA,MA,,St John's High School Raw Classic
6831,usapl/MA-2018-02,USAPL,1/13/2018,USA,MA,,5th Annual Saint John's Raw High School Classic
6832,usapl/MA-2018-03,USAPL,1/14/2018,USA,MA,,3rd Annual Worcester Open
6833,usapl/MD-2014-01,USAPL,4/12/2014,USA,MD,,2014 Equinox Open
6834,usapl/MD-2014-02,USAPL,6/14/2014,USA,MD,,2014 Colosseum Push-Pull
6835,usapl/MD-2014-03,USAPL,8/3/2014,USA,MD,,2014 SSPT INVITATIONAL POWERLIFTING CHAMPIONSHIPS
6836,usapl/MD-2014-04,USAPL,11/1/2014,USA,MD,,2014 Maryland State Powerlifting Championship
6837,usapl/MD-2014-05,USAPL,12/6/2014,USA,MD,,Army-Navy Powerlifting Meet
6838,usapl/MD-2015-01,USAPL,3/21/2015,USA,MD,,EASTERN REGIONALS
6839,usapl/MD-2015-02,USAPL,7/11/2015,USA,MD,,Baltimore Raw Open
6840,usapl/MD-2015-03,USAPL,2/28/2015,USA,MD,,Navy Meet
6841,usapl/MD-2015-04,USAPL,5/30/2015,USA,MD,,Syke Out Classic
6842,usapl/MD-2015-05,USAPL,4/11/2015,USA,MD,,2015 Equinox Open
6843,usapl/MD-2015-06,USAPL,7/19/2015,USA,MD,,SSPT Invitational
6844,usapl/MD-2015-07,USAPL,4/18/2015,USA,MD,,Terrapin Invitational
6845,usapl/MD-2015-08,USAPL,9/20/2015,USA,MD,,2015 Colosseum Clash
6846,usapl/MD-2015-09,USAPL,11/21/2015,USA,MD,,Maryland State Championship
6847,usapl/MD-2016-01,USAPL,1/30/2016,USA,MD,,Athens Winter Showdown
6848,usapl/MD-2016-02,USAPL,3/5/2016,USA,MD,,2016 Terrapin Open
6849,usapl/MD-2016-03,USAPL,3/19/2016,USA,MD,,Eastern Bench Open
6850,usapl/MD-2016-04,USAPL,7/16/2016,USA,MD,,Baltimore Raw Full-Lift Open
6851,usapl/MD-2016-05,USAPL,4/16/2016,USA,MD,,2016 Equinox Open
6852,usapl/MD-2016-06,USAPL,8/20/2016,USA,MD,,Maryland State Championship
6853,usapl/MD-2016-07,USAPL,12/3/2016,USA,MD,,2016 Maryland Collegiate Duel
6854,usapl/MD-2017-01,USAPL,2/25/2017,USA,MD,,Terrapin Open
6855,usapl/MD-2017-02,USAPL,3/18/2017,USA,MD,,Exile Open
6856,usapl/MD-2017-03,USAPL,8/26/2017,USA,MD,,Baltimore Open
6857,usapl/MD-2017-04,USAPL,7/15/2017,USA,MD,,Rumble on Pratt Street
6858,usapl/MD-2017-05,USAPL,5/13/2017,USA,MD,,2017 Maryland State Championships
6859,usapl/MD-2017-06,USAPL,9/9/2017,USA,MD,,Charm City Classic
6860,usapl/MD-2017-07,USAPL,11/11/2017,USA,MD,,I-STEP Inaugural Invitational Powerlifting Meet
6861,usapl/MD-2017-08,USAPL,12/9/2017,USA,MD,,Equinox Open
6862,usapl/ME-2015-01,USAPL,8/22/2015,USA,ME,,New England Open
6863,usapl/ME-2017-01,USAPL,11/4/2017,USA,ME,,Undaunted Powerhouse Push-Pull
6864,usapl/MI-2014-02,USAPL,5/10/2014,USA,MI,,5th Annual Ironman Push/Pull Meet
6865,usapl/MI-2014-03,USAPL,8/2/2014,USA,MI,,Iron Works Open X
6866,usapl/MI-2014-04,USAPL,9/27/2014,USA,MI,,Kalamazoo Klassic II
6867,usapl/MI-2014-05,USAPL,11/1/2014,USA,MI,,Michigan State PL & BP Championships
6868,usapl/MI-2015-01,USAPL,8/1/2015,USA,MI,,Ironwork's Open 2015
6869,usapl/MI-2015-02,USAPL,2/28/2015,USA,MI,,MI No Frills Meet
6870,usapl/MI-2015-03,USAPL,5/30/2015,USA,MI,,7th Annual Ironman Meet
6871,usapl/MI-2015-05,USAPL,11/14/2015,USA,MI,,2015 Michigan Powerlifting and Bench Press Championships
6872,usapl/MI-2015-06,USAPL,9/26/2015,USA,MI,,Kalamazoo Klassic III
6873,usapl/MI-2016-01,USAPL,4/16/2016,USA,MI,,ABBRx Natural and Fit Meet
6874,usapl/MI-2016-02,USAPL,3/12/2016,USA,MI,,Michigan Annual No Frills Qualifier
6875,usapl/MI-2016-03,USAPL,8/6/2016,USA,MI,,Iron Works Open XII
6876,usapl/MI-2016-04,USAPL,6/4/2016,USA,MI,,MI Ironman Push/Pull or Bench Only Championships
6877,usapl/MI-2016-05,USAPL,11/5/2016,USA,MI,,Michigan Powerlifting and BP State Championships
6878,usapl/MI-2016-07,USAPL,9/24/2016,USA,MI,Grand Rapids,Grand Rapids BarBellum
6879,usapl/MI-2016-08,USAPL,12/10/2016,USA,MI,,2016 Michigan No Frills Meet 2
6880,usapl/MI-2016-09,USAPL,9/10/2016,USA,MI,,Michigan BarBellum
6881,usapl/MI-2017-01,USAPL,4/29/2017,USA,MI,,2017 Spring Natural and Fit BarBellum
6882,usapl/MI-2017-03,USAPL,7/15/2017,USA,MI,,2017 Rochester Hills BarBellum
6883,usapl/MI-2017-04,USAPL,9/23/2017,USA,MI,,Michigan Rookie Rumble
6884,usapl/MI-2017-05,USAPL,12/2/2017,USA,MI,,2017 Michigan State Meet
6885,usapl/MI-2017-06,USAPL,4/1/2017,USA,MI,,2017 Kalamazoo BarBellum
6886,usapl/MI-2017-07,USAPL,2/25/2017,USA,MI,,2017 Michigan High School Qualifier
6887,usapl/MI-2017-08,USAPL,6/3/2017,USA,MI,,2017 Unreal BarBellum
6888,usapl/MI-2017-09,USAPL,9/23/2017,USA,MI,,2017 Michigan Rookie Rumble
6889,usapl/MI-2017-11,USAPL,10/21/2017,USA,MI,,2017 Michigan Iron Monger
6890,usapl/MI-2017-12,USAPL,11/4/2017,USA,MI,,2017 Michigan Teen Meet
6891,usapl/MI-2018-06,USAPL,1/20/2018,USA,MI,,Michigan High School Qualifier
6892,usapl/MN-2014-01,USAPL,2/1/2014,USA,MN,,2014 MN State Meet & Midwest Open Championships
6893,usapl/MN-2014-02,USAPL,5/17/2014,USA,MN,Duluth,2014 Twin Ports Raw Open
6894,usapl/MN-2014-03,USAPL,8/16/2014,USA,MN,,Twin Cities Open
6895,usapl/MN-2014-04,USAPL,12/6/2014,USA,MN,,Minnesota Senior State Open
6896,usapl/MN-2015-01,USAPL,2/21/2015,USA,MN,,Minnesota State Powerlifting Open
6897,usapl/MN-2015-02,USAPL,5/30/2015,USA,MN,,Twin Ports Raw Open
6898,usapl/MN-2015-04,USAPL,9/26/2015,USA,MN,,Solcana Beginners Meet
6899,usapl/MN-2015-05,USAPL,10/10/2015,USA,MN,,Noonan Barbell Raw Open
6900,usapl/MN-2015-06,USAPL,12/12/2015,USA,MN,,The Senior Powerlifting Championships
6901,usapl/MN-2016-01,USAPL,2/20/2016,USA,MN,,2016 Minnesota State & Midwest Open
6902,usapl/MN-2016-02,USAPL,6/11/2016,USA,MN,,2016 Twin Ports Raw Open
6903,usapl/MN-2016-03,USAPL,10/22/2016,USA,MN,Alexandria,Noonan Barbell Raw Open
6904,usapl/MN-2016-04,USAPL,4/23/2016,USA,MN,,Southeast RAW Showdown
6905,usapl/MN-2016-05,USAPL,7/16/2016,USA,MN,,Women of Steel Summer Showdown
6906,usapl/MN-2016-06,USAPL,8/20/2016,USA,MN,,Twin Cities Open
6907,usapl/MN-2016-07,USAPL,9/24/2016,USA,MN,Minneapolis,2016 Solcana Novice Meet
6908,usapl/MN-2016-08,USAPL,12/10/2016,USA,MN,,Next Level Fitness Lift4Life Raw Open
6909,usapl/MN-2016-09,USAPL,11/12/2016,USA,MN,,Solcana Open Bench Press Championship
6910,usapl/MN-2017-01,USAPL,2/18/2017,USA,MN,,2017 Minnesota Women's State Championship
6911,usapl/MN-2017-02,USAPL,2/4/2017,USA,MN,,2017 Minnesota High School State Championship
6912,usapl/MN-2017-03,USAPL,5/6/2017,USA,MN,,2017 American Strength Master's Brawl
6913,usapl/MN-2017-04,USAPL,3/4/2017,USA,MN,,Minnesota State Men's Powerlifting Championships
6914,usapl/MN-2017-05,USAPL,6/10/2017,USA,MN,,Twin Ports Raw Open
6915,usapl/MN-2017-06,USAPL,7/15/2017,USA,MN,,Women of Steel Summer Showdown
6916,usapl/MN-2017-07,USAPL,4/22/2017,USA,MN,,2017 Twin Cities Open
6917,usapl/MN-2017-08,USAPL,8/5/2017,USA,MN,,Minnesota Summer Push/Pull Classic
6918,usapl/MN-2017-09,USAPL,9/30/2017,USA,MN,,2017 Solcana Novice Meet
6919,usapl/MN-2017-10,USAPL,10/21/2017,USA,MN,,Noonan Barbell Raw Open
6920,usapl/MN-2017-11,USAPL,11/11/2017,USA,MN,,Champion's Fall Classic
6921,usapl/MN-2017-12,USAPL,8/26/2017,USA,MN,,JBC Invitational
6922,usapl/MN-2017-13,USAPL,12/9/2017,USA,MN,,Pounds for Paws
6923,usapl/MN-2018-03,USAPL,1/20/2018,USA,MN,,MN Women's State Championship
6924,usapl/MO-2015-01,USAPL,6/20/2015,USA,MO,,2015 MO State/Midwest Open
6925,usapl/MO-2016-01,USAPL,6/4/2016,USA,MO,,2016 Missouri State Open
6926,usapl/MO-2016-02,USAPL,9/3/2016,USA,MO,,2016 Last Chance Qualifier
6927,usapl/MO-2017-01,USAPL,6/17/2017,USA,MO,,2017 Missouri State Championships
6928,usapl/MO-2017-02,USAPL,8/27/2017,USA,MO,,Last Chance Qualifier 2017
6929,usapl/MS-2014-01,USAPL,3/15/2014,USA,MS,,The Brother Bennett Memorial Powerlifting Meet
6930,usapl/MS-2014-02,USAPL,5/3/2014,USA,MS,,2014 Mississippi State Championship
6931,usapl/MS-2015-02,USAPL,7/25/2015,USA,MS,,Mississippi State Champioship
6932,usapl/MS-2015-03,USAPL,12/12/2015,USA,MS,,Region VI Championship
6933,usapl/MS-2016-01,USAPL,3/19/2016,USA,MS,,North MS Championships
6934,usapl/MS-2016-02,USAPL,7/16/2016,USA,MS,,Mississippi Bench & Powerlifting Championships
6935,usapl/MS-2016-03,USAPL,4/17/2016,USA,MS,,RevFit Closed Meet
6936,usapl/MS-2016-04,USAPL,12/10/2016,USA,MS,,Brother Bennett Memorial
6937,usapl/MS-2017-01,USAPL,1/21/2017,USA,MS,,2017 North Mississippi Championships
6938,usapl/MS-2017-02,USAPL,4/1/2017,USA,MS,,2017 Mississippi Championship
6939,usapl/MS-2017-03,USAPL,12/2/2017,USA,MS,,Brother Bennett Memorial
6940,usapl/MT-2014-02,USAPL,11/8/2014,USA,MT,,Big Sky Raw Powerlifting Championships
6941,usapl/MT-2016-01,USAPL,8/6/2016,USA,MT,,Montana State Raw Championship
6942,usapl/MT-2017-01,USAPL,2/11/2017,USA,MT,,Montana State Championships
6943,usapl/MT-2017-02,USAPL,8/26/2017,USA,MT,,Big Iron Classic
6944,usapl/MT-2018-02,USAPL,1/27/2018,USA,MT,,Butte Barbell Push/Pull
6945,usapl/NC-2014-01,USAPL,3/22/2014,USA,NC,,Battle on the Border VIII
6946,usapl/NC-2014-02,USAPL,6/14/2014,USA,NC,,North Carolina State Championships
6947,usapl/NC-2014-03,USAPL,11/1/2014,USA,NC,,2014 FALL FESTIVAL OF POWER
6948,usapl/NC-2015-01,USAPL,3/21/2015,USA,NC,,Battle on the Border IX
6949,usapl/NC-2015-02,USAPL,5/30/2015,USA,NC,,2015 North Carolina State Championships
6950,usapl/NC-2015-03,USAPL,11/7/2015,USA,NC,,Fall Festival of Power
6951,usapl/NC-2016-01,USAPL,7/30/2016,USA,NC,,2016 Procrastinators Championships
6952,usapl/NC-2016-02,USAPL,6/4/2016,USA,NC,,2016 North Carolina State Championships
6953,usapl/NC-2016-03,USAPL,11/5/2016,USA,NC,,Fall Festival of Power
6954,usapl/NC-2017-01,USAPL,6/10/2017,USA,NC,,2017 North Carolina State Championships
6955,usapl/NC-2017-03,USAPL,11/4/2017,USA,NC,,Fall Festival of Power
6956,usapl/NE-2014-01,USAPL,1/25/2014,USA,NE,,2014 NE Capital City Clash
6957,usapl/NE-2014-03,USAPL,8/16/2014,USA,NE,,NE Patriot Open
6958,usapl/NE-2015-01,USAPL,1/24/2015,USA,NE,,NE Capital City Clash
6959,usapl/NE-2015-02,USAPL,4/25/2015,USA,NE,,2015 NE State Championship & Midwest Open
6960,usapl/NE-2015-03,USAPL,8/15/2015,USA,NE,,NE Patriot Open
6961,usapl/NE-2015-04,USAPL,11/14/2015,USA,NE,,Power on the Platte
6962,usapl/NE-2016-01,USAPL,1/23/2016,USA,NE,,Ninth Annual Capitol City Clash
6963,usapl/NE-2016-02,USAPL,8/13/2016,USA,NE,,4th Annual Patriot Open
6964,usapl/NE-2016-03,USAPL,4/30/2016,USA,NE,,Nebraska State Championships & Husker Open
6965,usapl/NE-2016-04,USAPL,11/19/2016,USA,NE,,Power on the Platte
6966,usapl/NE-2016-05,USAPL,12/11/2016,USA,NE,,Midwest Senior States
6967,usapl/NE-2017-01,USAPL,1/21/2017,USA,NE,,2017 Tenth Annual Capital City Clash
6968,usapl/NE-2017-02,USAPL,4/29/2017,USA,NE,,Nebraska State Championships
6969,usapl/NE-2017-03,USAPL,12/9/2017,USA,NE,,Warrior Collegiate Open
6970,usapl/NE-2017-04,USAPL,12/10/2017,USA,NE,,Midwest Senior States
6971,usapl/NE-2017-05,USAPL,10/21/2017,USA,NE,,Power on the Platte
6972,usapl/NH-2016-01,USAPL,5/7/2016,USA,NH,,Granite State Open
6973,usapl/NH-2016-02,USAPL,11/5/2016,USA,NH,,New Hampshire State Championships
6974,usapl/NH-2017-01,USAPL,4/29/2017,USA,NH,,2017 New Hampshire State Championship
6975,usapl/NH-2017-02,USAPL,9/23/2017,USA,NH,,Phoenix Taskforce Powerlifting Festival
6976,usapl/NH-2017-03,USAPL,11/18/2017,USA,NH,,2017 Iron Empire Classic
6977,usapl/NJ-2014-01,USAPL,3/8/2014,USA,NJ,,The Guerilla Fitness Raw Nationals Qualifier
6978,usapl/NJ-2014-02,USAPL,8/2/2014,USA,NJ,,2014 New Jersey State Championships
6979,usapl/NJ-2015-01,USAPL,8/1/2015,USA,NJ,,New Jersey State Championships
6980,usapl/NJ-2016-01,USAPL,1/24/2016,USA,NJ,,2016 Garden State Winter War
6981,usapl/NJ-2016-02,USAPL,6/5/2016,USA,NJ,,New Jersey Summer Classic
6982,usapl/NJ-2016-03,USAPL,3/20/2016,USA,NJ,,2016 Whippany Athletic Club Spring Classic
6983,usapl/NJ-2016-04,USAPL,11/13/2016,USA,NJ,,New Jersey Iron Gobbler Championship
6984,usapl/NJ-2016-05,USAPL,8/5/2016,USA,NJ,New Brunswick,34th Annual New Jersey State Championships
6985,usapl/NJ-2016-06,USAPL,9/25/2016,USA,NJ,Township,2016 New Jersey Heavy Metal Classic
6986,usapl/NJ-2016-07,USAPL,9/11/2016,USA,NJ,Whippany,2016 New Jersey State Push-Pull Championships
6987,usapl/NJ-2016-08,USAPL,12/4/2016,USA,NJ,,New Jersey Collegiate Invitational Championship
6988,usapl/NJ-2017-01,USAPL,1/22/2017,USA,NJ,,2017 Garden State Winter War
6989,usapl/NJ-2017-02,USAPL,11/12/2017,USA,NJ,,New Jersey Iron Gobbler
6990,usapl/NJ-2017-03,USAPL,3/19/2017,USA,NJ,,2017 Whippany Athletic Club Spring Classic
6991,usapl/NJ-2017-04,USAPL,9/24/2017,USA,NJ,,New Jersey Heavy Metal Classic
6992,usapl/NJ-2017-05,USAPL,9/10/2017,USA,NJ,,Whippany Athletic Club Fall Power Fest
6993,usapl/NJ-2017-06,USAPL,6/3/2017,USA,NJ,,2017 New Jersey State Championships
6994,usapl/NJ-2017-07,USAPL,12/3/2017,USA,NJ,,2017 New Jersey Collegiate Invitational Championship
6995,usapl/NJ-2017-08,USAPL,8/6/2017,USA,NJ,,2017 NJ Last Chance Qualifier
6996,usapl/NM-2016-01,USAPL,3/19/2016,USA,NM,,Duke City Showdown
6997,usapl/NM-2016-02,USAPL,9/18/2016,USA,NM,Albuquerque,2016 New Mexico Fall Classic
6998,usapl/NM-2017-01,USAPL,3/18/2017,USA,NM,,2017 New Mexico Open State Championships
6999,usapl/NS-2013-01,USAPL,5/18/2013,USA,,,2013 Women's National Championships
7000,usapl/NS-2013-03,USAPL,7/19/2013,USA,FL,Orlando,2013 Raw Nationals
7001,usapl/NS-2014-01,USAPL,8/23/2014,USA,TX,,2014 Bench Nationals
7002,usapl/NS-2014-02,USAPL,3/28/2014,USA,TX,,2014 HS Nationals-JV
7003,usapl/NS-2014-03,USAPL,4/11/2014,USA,FL,,2014 Collegiate Nationals
7004,usapl/NS-2014-04,USAPL,12/12/2014,USA,MA,,American Open
7005,usapl/NS-2014-05,USAPL,6/20/2014,USA,PA,,32nd Annual Men's National Powerlifting Championships
7006,usapl/NS-2014-06,USAPL,5/16/2014,USA,LA,,2014 Womens Nationals
7007,usapl/NS-2014-07,USAPL,5/2/2014,USA,TX,,2014 Masters Nationals
7008,usapl/NS-2014-08,USAPL,3/14/2014,USA,TX,,2014 Military National Powerlifting Championships
7009,usapl/NS-2014-09,USAPL,7/17/2014,USA,CO,,2014 Raw Nationals
7010,usapl/NS-2014-10,USAPL,9/21/2014,USA,FL,,South Florida Open
7011,usapl/NS-2015-01,USAPL,4/10/2015,USA,GA,,2015 Collegiate Nationals
7012,usapl/NS-2015-02,USAPL,8/29/2015,USA,,,Bench Press Nationals
7013,usapl/NS-2015-03,USAPL,3/27/2015,USA,,,High School Nationals 2015
7014,usapl/NS-2015-04,USAPL,3/14/2015,USA,GA,,SE States BP
7015,usapl/NS-2015-06,USAPL,10/15/2015,USA,,,2015 Raw Nationals
7016,usapl/NS-2015-07,USAPL,12/4/2015,USA,,,14th Annual American Open Powerlifting Championships
7017,usapl/NS-2015-08,USAPL,9/5/2015,USA,,,2015 Push Pull Nationals
7018,usapl/NS-2016-01,USAPL,5/20/2016,USA,CO,,Open Nationals
7019,usapl/NS-2016-02,USAPL,4/1/2016,USA,,,High School Nationals
7020,usapl/NS-2016-03,USAPL,3/19/2016,USA,,,Military Nationals
7021,usapl/NS-2016-04,USAPL,10/13/2016,USA,GA,Atlanta,Raw Nationals 2016
7022,usapl/NS-2016-05,USAPL,9/10/2016,USA,CO,Aurora,Bench Press National Championships
7023,usapl/NS-2016-06,USAPL,4/14/2016,USA,,,2016 Collegiate Nationals
7024,usapl/NS-2016-08,USAPL,2/14/2016,USA,,,2016 Youth National Championships
7025,usapl/NS-2016-09,USAPL,12/16/2016,USA,TX,Killeen,2016 High School Raw Nationals
7026,usapl/NS-2016-10,USAPL,11/19/2016,USA,,,Deadlift and Push-Pull Nationals
7027,usapl/NS-2017-01,USAPL,4/7/2017,USA,TX,,2017 Collegiate National Championship
7028,usapl/NS-2017-02,USAPL,10/10/2017,USA,FL,Orlando,2017 Raw National Championships
7029,usapl/NS-2017-03,USAPL,5/19/2017,USA,FL,,35th Annual Open National Championship
7030,usapl/NS-2017-04,USAPL,12/8/2017,USA,CA,Anaheim,2017 American Open
7031,usapl/NS-2017-05,USAPL,3/29/2017,USA,,,High School Raw & Equipped Nationals
7032,usapl/NS-2017-06,USAPL,2/18/2017,USA,CA,,Youth Nationals
7033,usapl/NS-2017-07,USAPL,9/9/2017,USA,TX,,2017 Benchpress Nationals
7034,usapl/NS-2017-08,USAPL,9/16/2017,USA,PA,,Deadlift and Push Pull Nationals
7035,usapl/NV-2015-01,USAPL,3/28/2015,USA,NV,,2015 Southwest Regional Championships
7036,usapl/NV-2015-02,USAPL,5/30/2015,USA,NV,,Nevada State & West Coast Classic
7037,usapl/NV-2015-03,USAPL,12/5/2015,USA,NV,,West Coast Regionals
7038,usapl/NV-2015-04,USAPL,11/7/2015,USA,NV,,Wild West Showdown
7039,usapl/NV-2016-01,USAPL,5/28/2016,USA,NV,,Nevada State Championships
7040,usapl/NV-2016-02,USAPL,12/17/2016,USA,NV,,2016 SkillCon Competition
7041,usapl/NV-2017-01,USAPL,5/27/2017,USA,NV,,2017 Nevada State Championship
7042,usapl/NY-2014-01,USAPL,1/19/2014,USA,NY,,Northeast Iron Beast Winter Classic
7043,usapl/NY-2014-02,USAPL,2/22/2014,USA,NY,,Albany Strength Powerlifting Championship
7044,usapl/NY-2014-04,USAPL,9/13/2014,USA,NY,,New York State Championships 2014
7045,usapl/NY-2014-06,USAPL,10/18/2014,USA,NY,,SBWC Raw Open Powerlifting Fall Classic 2014
7046,usapl/NY-2015-01,USAPL,1/25/2015,USA,NY,,Northeast Iron Beast Winter Classic II
7047,usapl/NY-2015-02,USAPL,5/2/2015,USA,NY,,Orange County Powerlifting Championships
7048,usapl/NY-2015-03,USAPL,7/11/2015,USA,NY,,Liberty Games
7049,usapl/NY-2015-04,USAPL,4/25/2015,USA,NY,,SBWC Raw Open Powerlifting Spring Classic 2015
7050,usapl/NY-2015-05,USAPL,3/13/2015,USA,NY,,2 MAN QUALIFIER
7051,usapl/NY-2015-06,USAPL,6/28/2015,USA,NY,,SBWC Summer Invitational 2015
7052,usapl/NY-2015-07,USAPL,8/15/2015,USA,NY,,2015 Limitless Championship
7053,usapl/NY-2015-08,USAPL,9/12/2015,USA,NY,,SBWC Raw Open Powerlifting Fall Classic 2015
7054,usapl/NY-2015-09,USAPL,10/3/2015,USA,NY,,Northeast Iron Beast Fall Push/Pull
7055,usapl/NY-2016-01,USAPL,10/2/2016,USA,NY,Latham,New York State Championships
7056,usapl/NY-2016-02,USAPL,1/23/2016,USA,NY,,Northeast Iron Beast Winter Classic III
7057,usapl/NY-2016-03,USAPL,4/30/2016,USA,NY,,SBWC Spring Classic
7058,usapl/NY-2016-04,USAPL,2/13/2016,USA,NY,,2016 Northeast Regional Championships
7059,usapl/NY-2016-05,USAPL,3/19/2016,USA,NY,,Western NY Championships
7060,usapl/NY-2016-06,USAPL,5/14/2016,USA,NY,,Westchester Championships
7061,usapl/NY-2016-07,USAPL,11/5/2016,USA,NY,,2016 SBWC Fall Classic
7062,usapl/NY-2016-08,USAPL,7/30/2016,USA,NY,,Staten Island Championships
7063,usapl/NY-2016-09,USAPL,7/9/2016,USA,NY,,Liberty Games
7064,usapl/NY-2016-10,USAPL,8/13/2016,USA,NY,,Northern NY Championships
7065,usapl/NY-2016-11,USAPL,9/10/2016,USA,NY,,Squats & Science Raw Powerlifting Challenge
7066,usapl/NY-2016-12,USAPL,9/17/2016,USA,NY,Buffalo,Buffalo Fall Powerfest
7067,usapl/NY-2016-13,USAPL,11/12/2016,USA,NY,Latham,Ivy League Championship
7068,usapl/NY-2017-01,USAPL,3/11/2017,USA,NY,,2017 Spring Forward Championship
7069,usapl/NY-2017-02,USAPL,4/29/2017,USA,NY,,2017 SBWC Spring Classic
7070,usapl/NY-2017-03,USAPL,1/28/2017,USA,NY,,Northeast Iron Beast Classic IV NYS Championships
7071,usapl/NY-2017-04,USAPL,2/5/2017,USA,NY,,2017 SBWC Winter Invitational
7072,usapl/NY-2017-05,USAPL,10/27/2017,USA,NY,,2017 SBWC Fall Classic
7073,usapl/NY-2017-06,USAPL,4/15/2017,USA,NY,,Buffalo Battle at the Border
7074,usapl/NY-2017-07,USAPL,5/13/2017,USA,NY,,Westchester County Championships II
7075,usapl/NY-2017-08,USAPL,2/19/2017,USA,NY,,2017 Murder of Crows Open
7076,usapl/NY-2017-09,USAPL,3/25/2017,USA,NY,,Squats & Science Powerlifting Championship
7077,usapl/NY-2017-10,USAPL,7/8/2017,USA,NY,,Liberty Games 2017
7078,usapl/NY-2017-11,USAPL,6/10/2017,USA,NY,Syracuse,Syracuse Summer Showdown
7079,usapl/NY-2017-12,USAPL,11/11/2017,USA,NY,,Salute to Service
7080,usapl/NY-2017-13,USAPL,10/28/2017,USA,NY,,Finger Lakes Championships
7081,usapl/NY-2017-14,USAPL,11/18/2017,USA,NY,,Long Island Gobbler Open
7082,usapl/NY-2017-15,USAPL,11/4/2017,USA,NY,,Ivy League Championships II
7083,usapl/NY-2017-16,USAPL,12/2/2017,USA,NY,,2017 Army-Navy Invitational
7084,usapl/NY-2018-03,USAPL,1/20/2018,USA,NY,,Northeast Iron Beast Winter Classic V
7085,usapl/OH-2013-02,USAPL,11/9/2013,USA,OH,,2013 Ohio State Meet
7086,usapl/OH-2014-01,USAPL,4/12/2014,USA,OH,,THE BATTLE OF THE GREAT LAKES XVII
7087,usapl/OH-2014-02,USAPL,6/14/2014,USA,OH,,BIG K's 13th ANNUAL POWERLIFTING CHAMPIONSHIPS
7088,usapl/OH-2014-03,USAPL,11/8/2014,USA,OH,,2014 Ohio State PL Championships
7089,usapl/OH-2015-01,USAPL,7/12/2015,USA,OH,,2015 Ohio State Championships
7090,usapl/OH-2015-03,USAPL,5/16/2015,USA,OH,,Delaware Dungeon Invitational
7091,usapl/OH-2015-04,USAPL,12/12/2015,USA,OH,,Future Winter Meltdown
7092,usapl/OH-2015-05,USAPL,8/22/2015,USA,OH,,2015 Future Summer Shakedown
7093,usapl/OH-2015-06,USAPL,11/14/2015,USA,OH,,MUWC Red Hawk Open
7094,usapl/OH-2015-07,USAPL,10/24/2015,USA,OH,,Battle by the Island
7095,usapl/OH-2016-01,USAPL,1/30/2016,USA,OH,,No Frills Blizzard Buster
7096,usapl/OH-2016-02,USAPL,1/16/2016,USA,OH,,2016 Energy New Year Open
7097,usapl/OH-2016-03,USAPL,2/13/2016,USA,OH,,Ohio High School State Championship
7098,usapl/OH-2016-04,USAPL,7/30/2016,USA,OH,,Ohio State Championship
7099,usapl/OH-2016-05,USAPL,2/27/2016,USA,OH,,2016 Collegiate Qualifier
7100,usapl/OH-2016-06,USAPL,4/30/2016,USA,OH,,Spring Fling at CrossFit Future
7101,usapl/OH-2016-07,USAPL,4/2/2016,USA,OH,,Zephyrs Fitness Open
7102,usapl/OH-2016-08,USAPL,6/4/2016,USA,OH,,Lift4Life Meet 2016
7103,usapl/OH-2016-10,USAPL,12/4/2016,USA,OH,,No Frills Red Hawke Open
7104,usapl/OH-2017-01,USAPL,6/3/2017,USA,OH,,2017 Ohio State Championships
7105,usapl/OH-2017-02,USAPL,6/3/2017,USA,OH,,2017 Non-Resident Ohio State Championship
7106,usapl/OH-2017-03,USAPL,4/1/2017,USA,OH,,2017 CBUS Lifting Co Spring Classic
7107,usapl/OH-2017-04,USAPL,9/9/2017,USA,OH,,CBUS Lifting Co Fall Classic
7108,usapl/OH-2017-05,USAPL,2/4/2017,USA,OH,,Beyond Limits Classic
7109,usapl/OH-2017-07,USAPL,5/6/2017,USA,OH,,2017 STS Ohio Spring Classic
7110,usapl/OH-2017-08,USAPL,11/5/2017,USA,OH,,2017 No Frills Midwest Collegiate Cup
7111,usapl/OH-2017-09,USAPL,12/2/2017,USA,OH,,2017 STS Lifts for Gifts
7112,usapl/OK-2017-01,USAPL,1/21/2017,USA,OK,,2017 Oklahoma State Championships
7113,usapl/OK-2017-03,USAPL,8/26/2017,USA,OK,,2017 OK Summer Bash
7114,usapl/OK-2018-01,USAPL,1/14/2018,USA,OK,,Oklahoma State Championships
7115,usapl/OR-2016-01,USAPL,4/2/2016,USA,OR,,Oregon State Championships
7116,usapl/OR-2017-01,USAPL,4/1/2017,USA,OR,,2017 Oregon State Championships
7117,usapl/OR-2017-02,USAPL,11/18/2017,USA,OR,,Ironside Lift for Pits
7118,usapl/PA-2013-01,USAPL,3/23/2013,USA,,,2013 PA State Powerlifting Championship
7119,usapl/PA-2014-01,USAPL,5/17/2014,USA,PA,,2014 Pennsylvania State Powerlifting Championships
7120,usapl/PA-2014-02,USAPL,1/26/2014,USA,PA,,2014 Winter Open / NE Regional / Raw Collegiate PL/BP/DL Championships
7121,usapl/PA-2014-04,USAPL,2/15/2014,USA,PA,,Northeast Collegiate Conference Championship
7122,usapl/PA-2014-06,USAPL,8/23/2014,USA,PA,,2014 Summer BP & PL Championships
7123,usapl/PA-2014-07,USAPL,11/22/2014,USA,PA,,2014 Stars and Stripes SQ BP and DL Championships
7124,usapl/PA-2014-09,USAPL,10/11/2014,USA,PA,,Penn State Iron Lion Meet
7125,usapl/PA-2015-01,USAPL,2/14/2015,USA,PA,Scranton,NE Regional Collegiate Championships
7126,usapl/PA-2015-02,USAPL,4/18/2015,USA,PA,,PA State Championships
7127,usapl/PA-2015-03,USAPL,2/28/2015,USA,PA,,Central PA Invitational
7128,usapl/PA-2015-04,USAPL,2/20/2015,USA,PA,,2015 Glen Mills Schools Invitational
7129,usapl/PA-2015-05,USAPL,5/16/2015,USA,PA,,015 Pennsylvania State Bench Press and Deadlift
7130,usapl/PA-2015-06,USAPL,7/18/2015,USA,PA,,Gym and TLS Raw Challenge
7131,usapl/PA-2015-07,USAPL,7/26/2015,USA,PA,,2015 Brown's Gym Qualifier for Nationals
7132,usapl/PA-2015-08,USAPL,9/12/2015,USA,PA,,Separation Training Power Team Last Minute Qualifier
7133,usapl/PA-2015-09,USAPL,11/7/2015,USA,PA,,2015 Iron Lion
7134,usapl/PA-2015-10,USAPL,12/13/2015,USA,PA,,2015 Stars and Stripes Bench Press & Deadlift Championships
7135,usapl/PA-2016-01,USAPL,5/14/2016,USA,PA,,Pennsylvania State BP/DL Championships
7136,usapl/PA-2016-02,USAPL,1/16/2016,USA,PA,,Liberty Bell Classic
7137,usapl/PA-2016-03,USAPL,2/6/2016,USA,PA,,2016 Winter Open Championship
7138,usapl/PA-2016-04,USAPL,3/19/2016,USA,PA,,Pennsylvania States Championships
7139,usapl/PA-2016-05,USAPL,5/21/2016,USA,PA,,Philadelphia Freedom Championship
7140,usapl/PA-2016-06,USAPL,8/27/2016,USA,PA,,2016 Bucks County Powerlifting Meet
7141,usapl/PA-2016-07,USAPL,3/12/2016,USA,PA,,SCI-Graterford Meet
7142,usapl/PA-2016-08,USAPL,3/26/2016,USA,PA,,Penn State - State Penn Throw Down
7143,usapl/PA-2016-09,USAPL,8/6/2016,USA,PA,,Summer Classic
7144,usapl/PA-2016-10,USAPL,3/12/2016,USA,PA,,Glen Mills High School National Qualifying Meet
7145,usapl/PA-2016-11,USAPL,7/23/2016,USA,PA,,PurePowerlifting Summer Classic
7146,usapl/PA-2016-12,USAPL,12/17/2016,USA,PA,,2016 Philadelphia LOVE Championship
7147,usapl/PA-2016-13,USAPL,9/18/2016,USA,PA,Collegeville,SCI-Graterford Powerlifting Meet
7148,usapl/PA-2016-14,USAPL,10/30/2016,USA,PA,Pittsburgh,Pittsburgh Raw Open
7149,usapl/PA-2016-16,USAPL,11/12/2016,USA,PA,,Iron Lion 2016
7150,usapl/PA-2016-17,USAPL,12/10/2016,USA,PA,,2016 Holiday Havoc
7151,usapl/PA-2017-01,USAPL,2/25/2017,USA,PA,,2017 Liberty Bell Classic
7152,usapl/PA-2017-02,USAPL,2/4/2017,USA,PA,,Winter Open
7153,usapl/PA-2017-03,USAPL,4/8/2017,USA,PA,,2017 Pennsylvania State Championship
7154,usapl/PA-2017-04,USAPL,5/27/2017,USA,PA,,2017 Philadelphia Freedom Championship
7155,usapl/PA-2017-05,USAPL,5/20/2017,USA,PA,,2017 Bench press and Deadlift PA State Championships
7156,usapl/PA-2017-07,USAPL,4/23/2017,USA,PA,,Pittsburgh Raw Open
7157,usapl/PA-2017-08,USAPL,4/23/2017,USA,PA,,SCI- Graterford Meet
7158,usapl/PA-2017-09,USAPL,7/15/2017,USA,PA,,2017 DC Barbell Club PRO Invitational
7159,usapl/PA-2017-10,USAPL,6/25/2017,USA,PA,,2017 Independence Championships
7160,usapl/PA-2017-11,USAPL,11/19/2017,USA,PA,,Stars and Stripes Championship
7161,usapl/PA-2017-12,USAPL,12/10/2017,USA,PA,,Holiday Havoc
7162,usapl/PA-2017-13,USAPL,9/10/2017,USA,PA,,Lehigh Valley Championships
7163,usapl/PA-2017-14,USAPL,10/14/2017,USA,PA,,2017 Philadelphia Fall Championship
7164,usapl/PA-2017-16,USAPL,9/30/2017,USA,PA,,2017 Anthracite Open
7165,usapl/PA-2017-17,USAPL,12/16/2017,USA,PA,,2017 Philadelphia Love Championship
7166,usapl/PA-2017-18,USAPL,11/5/2017,USA,PA,Pittsburgh,Pittsburgh Raw Open
7167,usapl/PA-2017-20,USAPL,12/3/2017,USA,PA,,SCI-Graterford Winter Powerlifting Meet
7168,usapl/PA-2018-07,USAPL,1/27/2018,USA,PA,,Gorilla House Championships
7169,usapl/RG-2016-01,USAPL,11/5/2016,USA,WA,,2016 Northwest Regional Championships
7170,usapl/RG-2016-02,USAPL,11/5/2016,USA,OH,Columbus,2016 Mid-West & Central Region Championships
7171,usapl/RG-2016-03,USAPL,12/3/2016,USA,TX,,Southern Regional Championships
7172,usapl/RG-2016-04,USAPL,10/29/2016,USA,CA,Rancho Mirage,Southwest Regionals & Ferrigno Power Classic
7173,usapl/RG-2016-05,USAPL,11/19/2016,USA,PA,Wilkes-Barre,2016 Northeast and Mid-Atlantic Regionals
7174,usapl/RG-2016-06,USAPL,12/9/2016,USA,FL,Orlando,2016 Southeast Regionals
7175,usapl/RG-2017-01,USAPL,8/19/2017,USA,OH,,2017 Mid-West Regional Championship
7176,usapl/RG-2017-02,USAPL,8/5/2017,USA,ID,,Northwest Regional Championship
7177,usapl/RG-2017-03,USAPL,9/2/2017,USA,MN,,Central Region Championship
7178,usapl/RG-2017-04,USAPL,8/19/2017,USA,MA,,2017 Northeast Regional Championships
7179,usapl/RG-2017-05,USAPL,8/4/2017,USA,NJ,,2017 Mid-Atlantic Regional Championship
7180,usapl/RG-2017-06,USAPL,8/5/2017,USA,MS,,Southern Regional Championships
7181,usapl/RG-2017-07,USAPL,7/7/2017,USA,NV,Reno,2017 Southwest Regional
7182,usapl/RG-2017-08,USAPL,8/5/2017,USA,FL,,2017 Southeast Regionals
7183,usapl/RI-2014-01,USAPL,8/16/2014,USA,RI,,Newport Open
7184,usapl/RI-2015-01,USAPL,5/30/2015,USA,MA,,MA & RI Open State Championships
7185,usapl/RI-2016-01,USAPL,5/28/2016,USA,RI,,MA and RI Open State Championships
7186,usapl/RI-2016-02,USAPL,8/27/2016,USA,RI,,Newport Open
7187,usapl/RI-2016-03,USAPL,12/3/2016,USA,RI,,2016 New England Open
7188,usapl/RI-2017-01,USAPL,5/6/2017,USA,RI,,2017 Massachusetts and Rhode Island State Championships
7189,usapl/SC-2014-01,USAPL,12/13/2014,USA,SC,,South Carolina State Championships
7190,usapl/SC-2015-02,USAPL,12/12/2015,USA,SC,,South Carolina State Championship
7191,usapl/SC-2016-01,USAPL,3/19/2016,USA,SC,,Battle on the Border X
7192,usapl/SC-2016-02,USAPL,8/13/2016,USA,SC,,2016 Palmetto Classic
7193,usapl/SC-2017-01,USAPL,12/9/2017,USA,SC,,South Carolina State Championship
7194,usapl/SC-2017-02,USAPL,4/8/2017,USA,SC,,Battle on the Border
7195,usapl/SC-2017-03,USAPL,8/19/2017,USA,SC,,Palmetto Classic
7196,usapl/SD-2014-01,USAPL,3/14/2014,USA,SD,,2014 South Dakota State Bench Press & Powerlifting Championships
7197,usapl/SD-2014-02,USAPL,2/15/2014,USA,SD,,2014 South Dakota High School Qualifier
7198,usapl/SD-2015-01,USAPL,3/13/2015,USA,SD,,2015 SD State Meet Bench
7199,usapl/SD-2015-02,USAPL,2/21/2015,USA,SD,,2015 South Dakota High School Qualifier
7200,usapl/SD-2015-03,USAPL,12/5/2015,USA,SD,,Sioux Empire Push Pull
7201,usapl/SD-2016-01,USAPL,3/4/2016,USA,SD,,2016 South Dakota Bench Press and Powerlifting Championships
7202,usapl/SD-2016-02,USAPL,2/13/2016,USA,SD,,High School Qualifier
7203,usapl/SD-2016-03,USAPL,12/10/2016,USA,SD,,2016 Sioux Empire Push-Pull Open
7204,usapl/SD-2017-01,USAPL,3/25/2017,USA,SD,,2017 South Dakota State Championships
7205,usapl/SD-2017-02,USAPL,2/25/2017,USA,SD,,South Dakota High School Qualifier
7206,usapl/SD-2017-03,USAPL,12/16/2017,USA,SD,,South Dakota Championships
7207,usapl/TN-2015-02,USAPL,8/29/2015,USA,TN,,Music City Open
7208,usapl/TN-2017-01,USAPL,4/29/2017,USA,TN,,Tennessee State Championship
7209,usapl/TN-2017-02,USAPL,3/3/2017,USA,TN,,2017 Southern Iron Raw Open
7210,usapl/TN-2017-03,USAPL,11/18/2017,USA,TN,,2017 Power Partners Raw Open
7211,usapl/TX-2013-01,USAPL,12/7/2013,USA,TX,,2013 Texas Regional Championships
7212,usapl/TX-2013-02,USAPL,9/28/2013,USA,,,5th Annual Iron Wars
7213,usapl/TX-2014-01,USAPL,3/9/2014,USA,TX,,Gulf Coast Championships
7214,usapl/TX-2014-02,USAPL,2/22/2014,USA,TX,,2014 Aggie Showdown
7215,usapl/TX-2014-03,USAPL,7/12/2014,USA,TX,,2014 Summer Power Fest
7216,usapl/TX-2014-04,USAPL,9/20/2014,USA,TX,,IRON WARS
7217,usapl/TX-2014-05,USAPL,4/26/2014,USA,TX,,2014 Texas State Championships
7218,usapl/TX-2014-06,USAPL,12/6/2014,USA,TX,,Texas Regional Championships
7219,usapl/TX-2014-07,USAPL,11/22/2014,USA,TX,,2014 Longhorn Open
7220,usapl/TX-2014-08,USAPL,12/13/2014,USA,TX,,2014 Holiday Classic
7221,usapl/TX-2015-01,USAPL,3/8/2015,USA,TX,,2015 Texas Strength Classic
7222,usapl/TX-2015-03,USAPL,7/11/2015,USA,TX,,2015 Summer Power Fest
7223,usapl/TX-2015-04,USAPL,4/25/2015,USA,TX,,2015 Texas State Championships
7224,usapl/TX-2015-06,USAPL,9/26/2015,USA,TX,,Iron Wars
7225,usapl/TX-2015-07,USAPL,12/19/2015,USA,TX,,Texas Regional Championships
7226,usapl/TX-2015-08,USAPL,11/7/2015,USA,TX,,Raw Collegiate Cup
7227,usapl/TX-2015-09,USAPL,11/14/2015,USA,TX,,2015 Longhorn Open
7228,usapl/TX-2016-01,USAPL,1/17/2016,USA,TX,,Winter Games of Texas
7229,usapl/TX-2016-02,USAPL,2/20/2016,USA,TX,,2016 Aggie Showdown
7230,usapl/TX-2016-03,USAPL,4/9/2016,USA,TX,,Texas State Championships
7231,usapl/TX-2016-04,USAPL,3/13/2016,USA,TX,,Texas Strength Classic
7232,usapl/TX-2016-05,USAPL,7/16/2016,USA,TX,,2016 Summer Power Fest
7233,usapl/TX-2016-06,USAPL,5/7/2016,USA,TX,,2016 CBC Powerlifting Championships
7234,usapl/TX-2016-07,USAPL,4/3/2016,USA,TX,,Mean Green Classic
7235,usapl/TX-2016-08,USAPL,2/28/2016,USA,TX,,2016 Bare Bones Qualifier
7236,usapl/TX-2016-09,USAPL,5/29/2016,USA,TX,,2016 Central Texas Classic
7237,usapl/TX-2016-10,USAPL,11/5/2016,USA,TX,,2016 Raw Collegiate Cup
7238,usapl/TX-2016-11,USAPL,9/17/2016,USA,TX,San Antonio,2016 8th Annual Iron Wars
7239,usapl/TX-2016-12,USAPL,4/18/2016,USA,TX,,2016 Bare Bones Qualifer
7240,usapl/TX-2016-13,USAPL,11/4/2016,USA,TX,,Rise of the Dead Push Pull
7241,usapl/TX-2016-14,USAPL,8/28/2016,USA,TX,,Late Summer Qualifier
7242,usapl/TX-2016-15,USAPL,11/19/2016,USA,TX,,2016 Longhorn Open
7243,usapl/TX-2017-01,USAPL,1/15/2017,USA,TX,,2017 Winter Games of Texas
7244,usapl/TX-2017-02,USAPL,2/18/2017,USA,TX,,2017 Aggie Showdown
7245,usapl/TX-2017-03,USAPL,3/4/2017,USA,TX,Arlington,2017 Arlington Strength Raw Classic
7246,usapl/TX-2017-04,USAPL,7/15/2017,USA,TX,,2017 Summer Power Fest
7247,usapl/TX-2017-05,USAPL,8/26/2017,USA,TX,,Texas Raw Championships
7248,usapl/TX-2017-06,USAPL,2/26/2017,USA,TX,,2017 Texas Strength Classic
7249,usapl/TX-2017-07,USAPL,4/29/2017,USA,TX,,2017 Central Texas Classic
7250,usapl/TX-2017-08,USAPL,6/3/2017,USA,TX,,2017 Texas State Powerlifting Championships
7251,usapl/TX-2017-09,USAPL,2/26/2017,USA,TX,,2017 Bare Bones Qualifier
7252,usapl/TX-2017-10,USAPL,4/22/2017,USA,TX,,2017 CBC Powerlifting Championships
7253,usapl/TX-2017-11,USAPL,4/23/2017,USA,TX,,2017 Dallas Open
7254,usapl/TX-2017-12,USAPL,9/30/2017,USA,TX,,9th Annual Iron Wars
7255,usapl/TX-2017-13,USAPL,12/2/2017,USA,TX,,2017 Texas Open & Collegiate Cup
7256,usapl/TX-2017-14,USAPL,12/16/2017,USA,TX,,Winter Iron Open
7257,usapl/TX-2017-15,USAPL,9/2/2017,USA,TX,El Paso,El Paso Iron Open
7258,usapl/TX-2017-16,USAPL,11/11/2017,USA,TX,,Rio Grande Valley Fall Classic
7259,usapl/TX-2017-17,USAPL,11/18/2017,USA,TX,,Longhorn Open
7260,usapl/TX-2018-01,USAPL,1/14/2018,USA,TX,,Winter Games of Texas
7261,usapl/TX-2018-09,USAPL,1/20/2018,USA,TX,,Mean Green Raw Classic
7262,usapl/USAPL-2014-01,USAPL,2/28/2014,USA,OH,,Arnold
7263,usapl/USAPL-2014-02,USAPL,9/13/2014,USA,PA,,Great Lakes Pro Deadlift
7264,usapl/USAPL-2015-01,USAPL,3/6/2015,USA,,,2015 Arnold - Pro American
7265,usapl/USAPL-2015-02,USAPL,8/29/2015,USA,PA,,2015 Great Lakes Sports Festival Pro Raw Deadlift
7266,usapl/USAPL-2016-01,USAPL,3/6/2016,USA,OH,,Arnold - Titan Pro Raw Bench Bash
7267,usapl/USAPL-2017-01,USAPL,3/4/2017,USA,OH,,Arnold Slingshot Pro American
7268,usapl/USAPL-2017-01-A,USAPL,3/5/2017,USA,OH,,Arnold Slingshot Pro Deadlift
7269,usapl/USAPL-2017-01-B,USAPL,3/5/2017,USA,OH,,Arnold NextLifter Ohio Classic
7270,usapl/USAPL-2017-01-C,USAPL,3/4/2017,USA,OH,,Arnold SSP Nutrition Pro Raw Bench
7271,usapl/USAPL-2017-01-D,USAPL,3/4/2017,USA,OH,,Arnold Grand Prix
7272,usapl/USAPL-2017-01-E,USAPL,3/3/2017,USA,OH,,Arnold A7 Bar Grip Pro Raw Challenge
7273,usapl/VA-2015-01,USAPL,2/28/2015,USA,VA,,VA Classic 2015
7274,usapl/VA-2015-04,USAPL,11/14/2015,USA,VA,,2015 Virginia State Championships
7275,usapl/VA-2016-01,USAPL,2/20/2016,USA,VA,,2016 Richmond Open
7276,usapl/VA-2016-02,USAPL,4/24/2016,USA,VA,,Inaugural MASS Weekend Powerlifting Meet
7277,usapl/VA-2016-03,USAPL,7/16/2016,USA,VA,,2016 Virginia Beach Battle
7278,usapl/VA-2016-04,USAPL,8/13/2016,USA,VA,,3rd Annual NoVa Open
7279,usapl/VA-2016-05,USAPL,11/5/2016,USA,VA,,2016 Virginia State Championship
7280,usapl/VA-2017-01,USAPL,2/25/2017,USA,VA,,2017 Virginia State Championship
7281,usapl/VA-2017-02,USAPL,4/22/2017,USA,VA,,4th Annual NoVa Open
7282,usapl/VA-2017-03,USAPL,6/10/2017,USA,VA,,2nd Annual Battle at the Beach
7283,usapl/VA-2017-04,USAPL,9/10/2017,USA,VA,,Virginia Last Chance Qualifier
7284,usapl/VA-2017-05,USAPL,12/2/2017,USA,VA,,Inaugural Virginia High School and Collegiate Championships
7285,usapl/VA-2018-02,USAPL,1/13/2018,USA,VA,,Virginia Winter Open
7286,usapl/VT-2014-01,USAPL,10/25/2014,USA,VT,,Vermont Fall Open
7287,usapl/VT-2017-01,USAPL,6/17/2017,USA,VT,,Vermont State Championships
7288,usapl/WA-2014-02,USAPL,2/22/2014,USA,WA,,2014 Washington State Championships
7289,usapl/WA-2014-03,USAPL,6/14/2014,USA,WA,,2014 Seattle Summer Classic
7290,usapl/WA-2014-04,USAPL,8/16/2014,USA,WA,,Bull Stewart Battle on the Beach - Alki Classic
7291,usapl/WA-2014-05,USAPL,8/23/2014,USA,WA,,Summer End 2014
7292,usapl/WA-2014-06,USAPL,12/6/2014,USA,WA,,2014 Team Phoinix Holiday Classic
7293,usapl/WA-2014-07,USAPL,10/26/2014,USA,WA,,2014 Columbia City Classic
7294,usapl/WA-2015-01,USAPL,5/2/2015,USA,WA,,TSI & Metaboloic Technologies Pro Deadlift
7295,usapl/WA-2015-02,USAPL,2/28/2015,USA,WA,,Pirates Powerlifting Championship
7296,usapl/WA-2015-03,USAPL,8/22/2015,USA,WA,,2015 Summers End
7297,usapl/WA-2015-04,USAPL,2/21/2015,USA,WA,,2015 Washington State Championships
7298,usapl/WA-2015-06,USAPL,10/24/2015,USA,WA,,2015 7th Annual Columbia City Classic Powerlifting and BP/DL
7299,usapl/WA-2015-07,USAPL,2/7/2015,USA,WA,,Team Phoinix Qualifyer 2015
7300,usapl/WA-2015-08,USAPL,6/27/2015,USA,WA,,Seattle Summer Classic 2015
7301,usapl/WA-2015-09,USAPL,12/5/2015,USA,WA,,Team Phoinix Holliday Classic
7302,usapl/WA-2016-02,USAPL,5/7/2016,USA,WA,,Empire Classic Powerlifting Championships
7303,usapl/WA-2016-03,USAPL,2/20/2016,USA,WA,,Washington State Championship
7304,usapl/WA-2016-04,USAPL,7/23/2016,USA,WA,,Washington State Junior & Collegiate Open
7305,usapl/WA-2016-05,USAPL,8/27/2016,USA,WA,,2016 Summer End
7306,usapl/WA-2016-06,USAPL,12/10/2016,USA,WA,,Team Phoinix Holiday Classic 2016
7307,usapl/WA-2017-01,USAPL,3/18/2017,USA,WA,,2017 Washington State Championships
7308,usapl/WA-2017-02,USAPL,1/21/2017,USA,WA,,2017 Rookie Competition
7309,usapl/WA-2017-03,USAPL,4/22/2017,USA,WA,,2017 Empire Classic
7310,usapl/WA-2017-04,USAPL,5/13/2017,USA,WA,,Team Cup Challenge
7311,usapl/WA-2017-05,USAPL,6/24/2017,USA,WA,,Seattle Summer Classic
7312,usapl/WA-2017-06,USAPL,9/16/2017,USA,WA,Spokane,Spokane Open
7313,usapl/WA-2017-07,USAPL,10/22/2017,USA,WA,,Team Phoenix Halloween Havoc
7314,usapl/WA-2017-08,USAPL,12/2/2017,USA,WA,,Merry Muscle Madness
7315,usapl/WA-2018-02,USAPL,1/20/2018,USA,WA,Tacoma,Tacoma Rookie Competition
7316,usapl/WI-2014-01,USAPL,1/18/2014,USA,WI,,Wisconsin State Open
7317,usapl/WI-2014-02,USAPL,3/8/2014,USA,WI,,2014 Wisconsin High School State Championships
7318,usapl/WI-2014-03,USAPL,2/22/2014,USA,WI,,2014 Whitehall High School Meet
7319,usapl/WI-2014-04,USAPL,6/14/2014,USA,WI,,Badger Open 2014
7320,usapl/WI-2014-05,USAPL,8/2/2014,USA,WI,,Omro Summer Classic
7321,usapl/WI-2014-06,USAPL,11/1/2014,USA,WI,,Hudson Natural Open
7322,usapl/WI-2015-01,USAPL,1/16/2016,USA,WI,,Wisconsin State Open
7323,usapl/WI-2015-02,USAPL,3/14/2015,USA,WI,,WHSPA State Meet
7324,usapl/WI-2015-03,USAPL,2/21/2015,USA,WI,,2015 Whitehall H.S. Meet
7325,usapl/WI-2015-04,USAPL,2/28/2015,USA,WI,,South Milwaukee High School Qualifier
7326,usapl/WI-2015-05,USAPL,6/13/2015,USA,WI,,Badger Open 2015
7327,usapl/WI-2015-06,USAPL,8/22/2015,USA,WI,,Wolf Open
7328,usapl/WI-2015-07,USAPL,9/19/2015,USA,WI,,Pure Fitness Open
7329,usapl/WI-2015-08,USAPL,7/25/2015,USA,WI,,Summer Splash Powerlifting Meet
7330,usapl/WI-2015-09,USAPL,10/31/2015,USA,WI,,Western Wisconsin Open
7331,usapl/WI-2015-10,USAPL,8/29/2015,USA,WI,,No Frills
7332,usapl/WI-2015-11,USAPL,12/12/2015,USA,WI,,Blizzard Classic
7333,usapl/WI-2016-03,USAPL,3/11/2016,USA,WI,,WHSPA State Meet
7334,usapl/WI-2016-04,USAPL,2/6/2016,USA,WI,,Pure Fitness Open
7335,usapl/WI-2016-05,USAPL,8/20/2016,USA,WI,,Wolf Open
7336,usapl/WI-2016-06,USAPL,6/11/2016,USA,WI,,Badger Open 2016
7337,usapl/WI-2016-07,USAPL,4/23/2016,USA,WI,,2016 Cudahy Open
7338,usapl/WI-2016-08,USAPL,2/27/2016,USA,WI,,2016 South Milwaukee National Qualifier
7339,usapl/WI-2016-09,USAPL,7/16/2016,USA,WI,,920 Raw Open
7340,usapl/WI-2016-10,USAPL,9/24/2016,USA,WI,Mequon,2016 Pure Fitness Open
7341,usapl/WI-2016-11,USAPL,10/29/2016,USA,WI,Hudson,Western Wisconsin Open
7342,usapl/WI-2016-13,USAPL,7/23/2016,USA,WI,,2016 WHSPA Raw State Championship
7343,usapl/WI-2016-14,USAPL,12/10/2016,USA,WI,,Blizzard Classic
7344,usapl/WI-2016-15,USAPL,12/17/2016,USA,WI,,2016 Winter Pure Fitness Open
7345,usapl/WI-2017-01,USAPL,3/11/2017,USA,WI,,2017 Wisconsin State High School Championships
7346,usapl/WI-2017-02,USAPL,1/28/2017,USA,WI,,2017 Wisconsin State Open
7347,usapl/WI-2017-03,USAPL,2/11/2017,USA,WI,,2017 Pure Fitness Open
7348,usapl/WI-2017-04,USAPL,2/4/2017,USA,WI,,2017 Silver Star Open
7349,usapl/WI-2017-05,USAPL,3/18/2017,USA,WI,,920 Raw Open
7350,usapl/WI-2017-06,USAPL,8/26/2017,USA,WI,,Wolf Open
7351,usapl/WI-2017-07,USAPL,2/26/2017,USA,WI,,Cudahy High School National Qualifier
7352,usapl/WI-2017-08,USAPL,6/10/2017,USA,WI,,Badger Open 2017
7353,usapl/WI-2017-09,USAPL,7/15/2017,USA,WI,,Wolf Pack Bench Open
7354,usapl/WI-2017-10,USAPL,5/6/2017,USA,WI,,Milwaukee Open
7355,usapl/WI-2017-11,USAPL,4/29/2017,USA,WI,,Pure Fitness Spring Open
7356,usapl/WI-2017-12,USAPL,9/30/2017,USA,WI,,Western Wisconsin Open
7357,usapl/WI-2017-13,USAPL,7/22/2017,USA,WI,,Sweet Applewood Open
7358,usapl/WI-2017-14,USAPL,12/16/2017,USA,WI,,Blizzard Open
7359,usapl/WI-2017-15,USAPL,11/4/2017,USA,WI,,Eau Claire Open
7360,usapl/WI-2017-16,USAPL,9/16/2017,USA,WI,,Pure Fitness Fall Open
7361,usapl/WI-2017-17,USAPL,7/22/2017,USA,WI,,Limitless Push/Pull
7362,usapl/WI-2017-18,USAPL,12/2/2017,USA,WI,,Wisconsin Collegiate State Championship
7363,usapl/WI-2017-19,USAPL,12/16/2017,USA,WI,,Pure Fitness Open December
7364,usapl/WI-2018-02,USAPL,1/20/2018,USA,WI,,Wisconsin Open State Championships
7365,usapl/WI-2018-02B,USAPL,1/20/2018,USA,WI,,Wisconsin Rookie State Championships
7366,usapl/WI-2018-14,USAPL,1/27/2018,USA,WI,,Happy New Year
7367,usapl/WV-2016-01,USAPL,12/10/2016,USA,WV,,Power for a Purpose
7368,usapl/WV-2017-02,USAPL,12/9/2017,USA,WV,,2017 Power for a Purpose
7369,usapl/WV-2017-03,USAPL,8/19/2017,USA,WV,,Summer Raid
7370,usapl/WY-2014-01,USAPL,12/6/2014,USA,WY,,Wyoming State PL&BP Championships
7371,usapl/WY-2015-01,USAPL,2/28/2015,USA,WY,,Cowboy State Raw
7372,usapl/WY-2015-02,USAPL,11/21/2015,USA,WY,,5th Annual Wyoming State Powerlifting Championships
7373,usapl/WY-2016-02,USAPL,1/9/2016,USA,WY,,Trojan Iron Wars
7374,usapl/WY-2016-03,USAPL,11/19/2016,USA,WY,,2016 Trojan Iron Wars
7375,usapl/WY-2016-04,USAPL,3/12/2016,USA,WY,,2016 Cowboy State Raw Meet
7376,usapl/WY-2017-01,USAPL,1/7/2017,USA,WY,,Wyoming State Powerlifting & BP Championships
7377,usapl/WY-2017-02,USAPL,3/11/2017,USA,WY,,2017 Cowboy State Raw
7378,usapl/WY-2017-04,USAPL,11/18/2017,USA,WY,,Trojan Iron Wars
7379,usapl/WY-2018-01,USAPL,1/13/2018,USA,WY,,Wyoming State Championship
7380,usapl-archive/CA-2005-08-13,USAPL,8/13/2005,USA,CA,Sylmar,Southern California Regionals
7381,usapl-archive/CA-2005-11-05,USAPL,11/5/2005,USA,CA,Northridge,California State Powerlifting & Bench Press Championships
7382,usapl-archive/CA-2006-06-17,USAPL,6/17/2006,USA,CA,Napa,NorCal Bench Press
7383,usapl-archive/CA-2006-08-26,USAPL,8/26/2006,USA,CA,Modesto,California State Championships
7384,usapl-archive/CA-2007-01-13,USAPL,1/13/2007,USA,CA,El Cerrito,Nor Cal Winter Classic
7385,usapl-archive/CA-2007-03-17,USAPL,3/17/2007,USA,CA,Modesto,California State PL BP and DL Championships
7386,usapl-archive/CA-2007-07-07,USAPL,7/7/2007,USA,CA,Hemet,Iron Eagle Powerlifting Championship
7387,usapl-archive/CA-2007-11-03,USAPL,11/3/2007,USA,CA,Hemet,Iron Eagle Desert Thunder
7388,usapl-archive/CA-2008-03-01,USAPL,3/1/2008,USA,CA,Hemet,California State Championships
7389,usapl-archive/CA-2008-08-16,USAPL,8/16/2008,USA,CA,Santa Clarita,California Summertime Push/Pull
7390,usapl-archive/CA-2008-11-01,USAPL,11/1/2008,USA,CA,San Bernardino,California State Collegiate Push/Pull
7391,usapl-archive/CA-2008-11-15,USAPL,11/15/2008,USA,CA,Santa Clarita,Southern California Regional PL & BP Championships
7392,usapl-archive/CA-2009-02-21,USAPL,2/21/2009,USA,CA,Santa Clarita,California State Championships
7393,usapl-archive/CA-2009-07-18,USAPL,7/18/2009,USA,CA,San Diego,California State Games
7394,usapl-archive/CA-2009-11-07,USAPL,11/7/2009,USA,CA,Santa Clarita,Southern California Regionals
7395,usapl-archive/CA-2010-02-06,USAPL,2/6/2010,USA,CA,Santa Clarita,California State PL & BP Championships
7396,usapl-archive/CA-2010-07-10,USAPL,7/10/2010,USA,CA,San Diego,California State Games
7397,usapl-archive/CA-2010-11-06,USAPL,11/6/2010,USA,CA,Santa Clarita,Southern California Regionals
7398,usapl-archive/CA-2011-02-19,USAPL,2/19/2011,USA,CA,Santa Clarita,California State PL & BP Championships
7399,usapl-archive/CA-2011-06-25,USAPL,6/25/2011,USA,CA,Santa Clarita,Summertime Push/Pull & BBQ
7400,usapl-archive/CA-2011-08-05,USAPL,8/5/2011,USA,CA,San Diego,State Games of America
7401,usapl-archive/CA-2011-11-19,USAPL,11/19/2011,USA,CA,Santa Clarita,Southern California Regionals
7402,usapl-archive/CA-2012-02-11,USAPL,2/11/2012,USA,CA,Santa Clarita,California State Powerlifting and Bench Press Championships
7403,usapl-archive/NS-1997-04-26,USAPL,4/26/1997,USA,NE,Lincoln,1997 USAPL/ADFPA Women's National Powerlifting Championships
7404,usapl-archive/NS-1997-07-26,USAPL,7/26/1997,USA,IL,Chicago,1997 USAPL/ADFPA Men's National Powerlifting Championships
7405,usapl-archive/NS-1998-01-24,USAPL,1/24/1998,USA,WA,Seattle,1998 USAPL/ADFPA Women's National Powerlifting Championships
7406,usapl-archive/NS-1998-07-03,USAPL,7/3/1998,USA,CO,Denver,1998 USAPL/ADFPA Men's National Powerlifting Championships
7407,usapl-archive/NS-1998-07-18,USAPL,7/18/1998,USA,IL,Chicago,1998 USAPL Junior National Powerlifting Championships
7408,usapl-archive/NS-1998-09-26,USAPL,9/26/1998,USA,OH,Cleveland,1998 USAPL National Bench Press Championships
7409,usapl-archive/NS-1998-12-05,USAPL,12/5/1998,USA,NE,Omaha,1998 Police & Firefighters National Powerlifting Championships
7410,usapl-archive/NS-1999-02-27,USAPL,2/27/1999,USA,NE,Lincoln,1999 USAPL Women's National Powerlifting Championships
7411,usapl-archive/NS-1999-03-27,USAPL,3/27/1999,USA,IN,Ft. Wayne,1999 USAPL National Collegiate Powerlifting Championship
7412,usapl-archive/NS-1999-04-09,USAPL,4/9/1999,USA,TX,Ft. Hood,1999 High School National Powerlifting Championships
7413,usapl-archive/NS-1999-05-21,USAPL,5/21/1999,USA,LA,New Orleans,1999 USAPL Brother Bennet Memorial Men's Masters National Powerlifting Championships
7414,usapl-archive/NS-1999-06-19,USAPL,6/19/1999,USA,NE,Lincoln,1999 USAPL Teenage & Junior Men's National Powerlifting Championships
7415,usapl-archive/NS-1999-07-16,USAPL,7/16/1999,USA,MO,St. Louis,1999 USAPL Men's National Powerlifting Championships
7416,usapl-archive/NS-1999-09-18,USAPL,9/18/1999,USA,IL,Chicago,1999 National Bench Press Championships
7417,usapl-archive/NS-2000-01-29,USAPL,1/29/2000,USA,TX,Killeen,2000 USAPL Women's National Powerlifting Championships
7418,usapl-archive/NS-2000-03-24,USAPL,3/24/2000,USA,WI,Neenah,2000 High School National Powerlifting Championships
7419,usapl-archive/NS-2000-04-15,USAPL,4/15/2000,USA,CO,Colorado Springs,2000 Collegiate National Powerlifting Championships
7420,usapl-archive/NS-2000-05-06,USAPL,5/6/2000,USA,OH,Bedford Heights,2000 USAPL Masters' National Powerlifting Championships
7421,usapl-archive/NS-2000-06-10,USAPL,6/10/2000,USA,TX,Ft. Hood,2000 USAPL Teenage & Junior Men's National Powerlifting Championships
7422,usapl-archive/NS-2000-07-09,USAPL,7/9/2000,USA,IL,Chicago,2000 USAPL Men's National Powerlifting Championships
7423,usapl-archive/NS-2000-09-16,USAPL,9/16/2000,USA,MS,St. Louis,2000 USAPL National Bench Press Championships
7424,usapl-archive/NS-2001-01-20,USAPL,1/20/2001,USA,IN,Ft. Wayne,2001 USAPL Women's National Powerlifting Championships
7425,usapl-archive/NS-2001-03-10,USAPL,3/10/2001,USA,LA,Alexandria,2001 Collegiate National Powerlifting Championships
7426,usapl-archive/NS-2001-03-30,USAPL,3/30/2001,USA,TX,Ft. Hood,2001 High School National Powerlifting Championships
7427,usapl-archive/NS-2001-05-05,USAPL,5/5/2001,USA,TX,Ft. Hood,2001 USAPL Masters' National Powerlifting Championships
7428,usapl-archive/NS-2001-06-23,USAPL,6/23/2001,USA,IL,Chicago,2001 USAPL Teenage & Junior Men's National Powerlifting Championships
7429,usapl-archive/NS-2001-07-13,USAPL,7/13/2001,USA,NE,Ohama,2001 USAPL Men's National Powerlifting Championships
7430,usapl-archive/NS-2001-08-25,USAPL,8/25/2001,USA,VA,Charlottesville,Lifetime Drug Free Nationals
7431,usapl-archive/NS-2001-08-26,USAPL,8/26/2001,USA,VA,Charlottesville,Police and Fire Nationals
7432,usapl-archive/NS-2001-09-22,USAPL,9/22/2001,USA,OH,Cleveland,2001 USAPL National Bench Press Championships
7433,usapl-archive/NS-2002-02-09,USAPL,2/9/2002,USA,IL,Chicago,2002 USAPL Women's National Powerlifting Championships
7434,usapl-archive/NS-2002-03-10,USAPL,3/10/2002,USA,TX,Killeen,2002 USAPL Military National Powerlifting Championships
7435,usapl-archive/NS-2002-03-14,USAPL,3/14/2002,USA,TX,Ft. Hood,2002 High School National Powerlifting Championships
7436,usapl-archive/NS-2002-04-12,USAPL,4/12/2002,USA,TX,Killeen,2002 Collegiate National Powerlifting Championships
7437,usapl-archive/NS-2002-05-04,USAPL,5/4/2002,USA,VA,Charlottesville,2002 USAPL Masters' National Powerlifting Championships
7438,usapl-archive/NS-2002-06-14,USAPL,6/14/2002,USA,TX,Killeen,2002 USAPL Men's Teenage/Junior National Powerlifting Championships
7439,usapl-archive/NS-2002-07-13,USAPL,7/13/2002,USA,IL,Chicago,2002 USAPL Men's National Powerlifting Championships
7440,usapl-archive/NS-2002-08-24,USAPL,8/24/2002,USA,OH,Bedford Heights,Bench Press Nationals
7441,usapl-archive/NS-2002-09-28,USAPL,9/28/2002,USA,CO,Denver,Squat & Deadlift Nationals
7442,usapl-archive/NS-2002-11-02,USAPL,11/2/2002,USA,OH,Bedford Heights,Police & Fire Nationals
7443,usapl-archive/NS-2003-01-25,USAPL,1/25/2003,USA,TX,Killeen,2003 USAPL Women's National Powerlifting Championships
7444,usapl-archive/NS-2003-07-19,USAPL,7/19/2003,USA,SD,Rapid City,2003 Men's National Powerlifting Championships
7445,usapl-archive/NS-2003-08-22,USAPL,8/22/2003,USA,NJ,,2003 Bench Press Nationals
7446,usapl-archive/NS-2003-09-20,USAPL,9/20/2003,USA,TX,Killeen,Lifetime Drug Free Nationals
7447,usapl-archive/NS-2003-10-04,USAPL,10/4/2003,USA,MO,St. Louis,2003 Deadlift Nationals
7448,usapl-archive/NS-2003-12-13,USAPL,12/13/2003,USA,NE,Omaha,Police & Fire Nationals
7449,usapl-archive/NS-2004-07-09,USAPL,7/9/2004,USA,LA,Baton Rouge,2004 USAPL Men's National Championships
7450,usapl-archive/NS-2004-07-09/womens-invitational,USAPL,7/9/2004,USA,LA,Baton Rouge,Women's Invitational
7451,usapl-archive/NS-2004-09-19,USAPL,9/19/2004,USA,CO,Aurora,Deadlift Nationals
7452,usapl-archive/NS-2005-05-06,USAPL,5/6/2005,USA,TX,Killeen,2005 Men's Open Nationals
7453,usapl-archive/NS-2005-11-19,USAPL,11/19/2005,USA,OK,Oklahoma City,Police and Fire Nationals
7454,usapl-archive/NS-2005-12-10,USAPL,12/10/2005,USA,PA,King of Prussia,4th USAPL American Open Powerlifting Championships
7455,usapl-archive/NS-2006-12-02,USAPL,12/2/2006,USA,CA,Palm Springs,2006 USAPL American Open
7456,usapl-archive/NS-2008-02-15,USAPL,2/15/2008,USA,TX,Killeen,2008 USAPL Women's National Powerlifting Championships
7457,usapl-archive/NS-2008-07-25,USAPL,7/25/2008,USA,MO,St Louis,2008 USAPL Raw Nationals
7458,usapl-archive/NS-2008-09-13,USAPL,9/13/2008,USA,CO,Denver,2008 Squat Deadlift and Push-Pull Nationals
7459,usapl-archive/NS-2009-07-24,USAPL,7/24/2009,USA,VA,Charlottesville,2009 USAPL Raw Nationals
7460,usapl-archive/NS-2010-05-22,USAPL,5/22/2010,USA,OH,Cleveland,2010 USAPL Women's Nationals
7461,usapl-archive/NS-2010-06-20,USAPL,6/20/2010,USA,CA,Palm Springs,2010 USAPL Men's Open-Junior-Teen Nationals
7462,usapl-archive/NS-2010-07-16,USAPL,7/16/2010,USA,CO,Denver,2010 USAPL Raw Nationals
7463,usapl-archive/NS-2010-10-16,USAPL,10/16/2010,USA,CO,Denver,2010 Deadlift and Push Pull Nationals
7464,usapl-archive/NS-2010-12-04,USAPL,12/4/2010,USA,PA,King of Prussia,2010 American Open
7465,uspa/0001,USPF,10/2/1999,USA,CA,Bakersfield,1999 USPF California State Powerlifting Championships
7466,uspa/0002,USPF,2/5/2000,USA,CA,Bakersfield,2000 USPF California State Push/Pull Championship
7467,uspa/0003,USPF,3/4/2000,USA,CA,Frazier Park,2000 USPF California State Bench Press Championship
7468,uspa/0004,USPF,4/8/2000,USA,CA,Bakersfield,2000 USPF California State Powerlifting Championships
7469,uspa/0005,USPF,5/6/2000,USA,CA,Norwalk,USPF Mid-Cities Bench Press Championship
7470,uspa/0006,USPF,6/3/2000,USA,CA,Frazier Park,2000 USPF California State Novice & Junior Powerlifting Championships
7471,uspa/0007,USPF,11/11/2000,USA,CA,Burbank,2000 USPF USA National Powerlifting and Bench Press Championships
7472,uspa/0008,USPF,12/16/2000,USA,CA,Norwalk,USPF Winter Benchpress and Bicep Bonanza
7473,uspa/0009,USPF,5/12/2001,USA,NV,Las Vegas,USPF Sub-Master and Master National Powerlifting Championships
7474,uspa/0010,USPF,5/19/2001,USA,CA,Granada Hills,USPF Spartan Benchpress Classic
7475,uspa/0011,USPF,7/18/2001,USA,CA,San Diego,USPF California Fire Olympic Powerlifting and Benchpress Championship
7476,uspa/0012,USPF,7/21/2001,USA,CA,Santa Barbara,USPF California State Powerlifting and Benchpress Championship
7477,uspa/0013,USPF,10/6/2001,USA,CA,Bakersfield,USPF Central California Powerlifting/Benchpress and Deadlift Championship
7478,uspa/0014,USPF,7/20/2002,USA,CA,Santa Barbara,USPF California State Powerlifting and Benchpress Championship
7479,uspa/0015,USPF,10/5/2002,USA,CA,Bakersfield,USPF Central California Powerlifting/Benchpress and Deadlift Championship
7480,uspa/0016,USPF,4/26/2003,USA,CA,Bakersfield,Kern County High School Powerlifting Championship
7481,uspa/0017,USPF,5/17/2003,USA,CA,Granada Hills,USPF Spartan Benchpress
7482,uspa/0018,USPF,6/14/2003,USA,CA,Norwalk,California State Championship
7483,uspa/0019,USPF,8/23/2003,USA,CA,Napa,NorCal Bench & Deadlift
7484,uspa/0020,USPF,9/20/2003,USA,CA,Norwalk,Mid-Cities Bench Press Championship
7485,uspa/0021,USPF,12/13/2003,USA,CA,Mission Viejo,Southern California Benchpress Championship
7486,uspa/0022,USPF,2/7/2004,USA,CA,Los Alamitos,West Coast BP & DL Championship
7487,uspa/0023,USPF,3/27/2004,USA,CA,Los Alamitos,Powerlifting and Bench Press Championships
7488,uspa/0024,USPF,4/17/2004,USA,CA,Bakersfield,Kern County High School Powerlifting Championships
7489,uspa/0025,USPF,5/22/2004,USA,CA,Livermore,Battle of the Bay Benchpress and Deadlift
7490,uspa/0026,USPF,6/12/2004,USA,CA,Venice Beach,Venice Beach Benchpress Championship
7491,uspa/0027,USPF,7/10/2004,USA,CA,Santa Barbara,Powerlifting and Bench Press Championship
7492,uspa/0028,USPF,7/17/2004,USA,CA,Venice Beach,Venice Beach DL Championship
7493,uspa/0029,USPF,8/7/2004,USA,CA,Venice Beach,Venice Beach BP & DL Championship
7494,uspa/0030,USPF,8/14/2004,USA,NV,LasVegas,Mountaineer Cup VI and Senior Nationals
7495,uspa/0031,USPF,8/28/2004,USA,TX,Austin,National Benchpress and Deadlift
7496,uspa/0032,USPF,9/18/2004,USA,CA,Venice Beach,Venice Beach PL & BP
7497,uspa/0033,USPF,10/30/2004,USA,CA,Chatsworth,Monster BP and Return of the Living Deadlift
7498,uspa/0034,USPF,11/21/2004,USA,CA,Modesto,Central California BP DL PL Championship
7499,uspa/0035,USPF,1/29/2005,USA,AZ,Tombstone,Cold Iron Deadlift Shootout
7500,uspa/0036,USPF,2/19/2005,USA,CA,Pasadena,Western USA Cup
7501,uspa/0037,USPF,3/19/2005,USA,CA,Los Alamitos,California State PL BP DL Championship
7502,uspa/0038,USPF,4/23/2005,USA,CA,Bakersfield,Kern County High School Powerlifting Championships
7503,uspa/0039,USPF,6/11/2005,USA,CA,Venice Beach,West Coast Benchpress and Deadlift
7504,uspa/0040,USPF,6/18/2005,USA,CA,Los Alamitos,National Powerlifting Championship
7505,uspa/0041,USPF,6/25/2005,USA,WV,Chester,Mountaineer Cup VII
7506,uspa/0042,USPF,7/2/2005,USA,CA,Fullerton,Koloseum Bench and Deadlift
7507,uspa/0043,USPF,8/6/2005,USA,CA,Venice,Venice Beach Push-Pull
7508,uspa/0044,USPF,9/10/2005,USA,CA,Venice Beach,Venice Beach PL BP & DL Championship
7509,uspa/0045,USPF,10/23/2005,USA,CA,Modesto,Central California Open PL BP DL
7510,uspa/0046,USPF,1/29/2006,USA,CA,Chatsworth,Super Bench Sunday
7511,uspa/0047,USPF,2/19/2006,USA,CA,Pasadena,Western USA Cup and The Fit Expo Benchpress and Deadlift
7512,uspa/0048,USPF,3/25/2006,USA,CA,Los Alamitos,California State Powerlifting Championship
7513,uspa/0049,USPF,4/2/2006,USA,CA,Los Alamitos,Southern California High School Benchpress
7514,uspa/0050,USPF,4/29/2006,USA,CA,Bakersfield,4th Annual Kern County High School PL Championship
7515,uspa/0051,USPF,5/6/2006,USA,CA,San Diego,San Diego Open PL BP and DL
7516,uspa/0052,USPF,5/20/2006,USA,CA,San Jose,San Jose Open Benchpress and Deadlift
7517,uspa/0053,USPF,6/10/2006,USA,CA,Venice Beach,West Coast BP and DL Championship
7518,uspa/0054,USPF,8/5/2006,USA,CA,Venice,Venice Beach Push-Pull
7519,uspa/0055,USPF,8/19/2006,USA,WV,,National Powerlifting and Bench/Deadlift Championship
7520,uspa/0056,USPF,9/9/2006,USA,CA,Venice Beach,Venice Beach PL BP and DL Championship
7521,uspa/0057,USPF,10/7/2006,USA,CA,Modesto,Central California PL BP and DL Championship
7522,uspa/0058,USPF,10/21/2006,USA,CA,Chatsworth,Monster Bench and Night of the Living Deadlift
7523,uspa/0059,USPF,1/28/2007,USA,CA,Chatsworth,Super Bench and Deadlift Sunday
7524,uspa/0060,USPF,3/31/2007,USA,CA,Los Alamitos,California State PL BP DL Championship
7525,uspa/0061,USPF,4/28/2007,USA,CA,Bakersfield,Kern County High School PL Championship
7526,uspa/0062,USPF,5/5/2007,USA,CA,San Diego,San Diego Open PL BP DL Championship
7527,uspa/0063,USPF,5/19/2007,USA,CA,San Jose,San Jose Open PL BP DL Championship
7528,uspa/0064,USPF,6/9/2007,USA,CA,Venice Beach,Muscle Beach BP and DL
7529,uspa/0065,USPF,7/21/2007,USA,CA,Venice,Muscle Beach Push-Pull Championship
7530,uspa/0066,USPF,8/11/2007,USA,NV,Las Vegas,National PL Championship
7531,uspa/0067,USPF,8/12/2007,USA,NV,Las Vegas,National Benchpress and Deadlift Championship
7532,uspa/0068,USPF,10/8/2007,USA,CA,Venice Beach,Muscle Beach Championship
7533,uspa/0069,USPF,10/6/2007,USA,CA,Modesto,Central California PL BP DL Championship
7534,uspa/0070,USPF,10/20/2007,USA,CA,Chatsworth,Monster Benchpress and Return of the Living Deadlift
7535,uspa/0071,USPF,12/8/2007,USA,CA,Yuba City,Northern California Championships
7536,uspa/0072,USPF,1/27/2008,USA,CA,Chatsworth,Super Bench & Deadlift Sunday
7537,uspa/0073,USPF,2/16/2008,USA,CA,Los Angeles,American PL Cup and Fit Expo BP/DL
7538,uspa/0074,USPF,3/29/2008,USA,CA,Los Alamitos,California State PL BP DL Championship
7539,uspa/0075,USPA,4/19/2008,USA,CA,Bakersfield,Kern County High School Powerlifting
7540,uspa/0076,USPF,5/3/2008,USA,CA,San Diego,Military and Collegiate Nationals and San Diego Open
7541,uspa/0077,USPF,5/17/2008,USA,CA,San Jose,San Jose Open
7542,uspa/0078,USPF,6/14/2008,USA,CA,Venice Beach,Muscle Beach BP & DL
7543,uspa/0080,USPF,7/12/2008,USA,CA,Fresno,Open PL BP DL Championship
7544,uspa/0081,USPF,8/2/2008,USA,CA,Venice Beach,USPF Muscle Beach Push-Pull
7545,uspa/0082,USPF,9/13/2008,USA,CA,Venice Beach,Muscle Beach PL BP & DL
7546,uspa/0083,USPF,9/27/2008,USA,CA,Grass Valley,Sierra Nevada Cup
7547,uspa/0084,USPF,10/18/2008,USA,CA,Chatsworth,Monster Benchpress and Deadlift
7548,uspa/0086,USPF,12/13/2008,USA,CA,Sacramento,North California Championship
7549,uspa/0087,USPF,1/24/2009,USA,CA,Los Angeles,USPF American PL Cup
7550,uspa/0088,USPF,1/25/2009,USA,CA,Los Angeles,Fit Expo Bench and Deadlift
7551,uspa/0098,USPA,9/5/2009,USA,CA,San Jose,Mike Womack Summer Classic PL BP DL PP
7552,uspa/0110,USPA,3/6/2010,USA,CA,Saratoga,Silicon Valley Championship
7553,uspa/0135,USPA,5/21/2011,USA,CA,Santa Maria,Patriot Games Powerlifting Challenge
7554,uspa/0140,USPA,7/1/2011,USA,FL,Port St. Lucie,Raw National Powerlifting Championship
7555,uspa/0141,USPA,7/1/2011,USA,CA,Costa Mesa,National Powerlifting Single-Ply Championship & National Bench Press Championships & National Deadlift Championships & Westernstates Multiply Invitationals
7556,uspa/0142,USPA,7/16/2011,USA,NY,Angola,New York Benchpress and Deadlift Championship
7557,uspa/0143,USPA,8/5/2011,USA,WY,Rock Springs,Baddest Bench at the Big Show
7558,uspa/0144,USPA,8/6/2011,USA,WY,Rock Springs,Rocky Mountain Powerlifting Championship
7559,uspa/0145,USPA,8/13/2011,USA,OR,Portland,Northwest Summer Powerlifting Open
7560,uspa/0146,USPA,8/20/2011,USA,CA,Norwalk,Mid-Cities Benchpress
7561,uspa/0147,USPA,8/27/2011,USA,FL,Port St Lucie,Treasure Coast Classic Powerlifting Championship
7562,uspa/0148,USPA,8/27/2011,USA,HI,Honolulu,Hawaii Benchpress and Deadlift
7563,uspa/0149,USPA,9/3/2011,USA,CA,Long Beach,Southern California Powerlifting Championship
7564,uspa/0150,USPA,9/10/2011,USA,CA,Grass Valley,Sierra Nevada Cup
7565,uspa/0151,USPA,9/16/2011,USA,NV,Las Vegas,Olympia PL BP DL Invitational
7566,uspa/0152,USPA,10/1/2011,USA,TX,Victoria,Texas State Powerlifting Championship
7567,uspa/0153,USPA,10/9/2011,USA,CA,San Jose,San Jose Open
7568,uspa/0154,USPA,10/22/2012,USA,CA,San Luis Obispo,Central California Open
7569,uspa/0155,USPA,10/22/2011,USA,MO,Blue Springs,Central States Raw Classic
7570,uspa/0156,USPA,10/29/2011,USA,CA,Sacramento,Halloween Spooktacular Push-Pull
7571,uspa/0157,USPA,11/6/2011,USA,FL,Port St Lucie,Samson Fall Classic
7572,uspa/0158,USPA,11/12/2011,USA,CA,Fresno,Iron Man Multi-Ply
7573,uspa/0159,USPA,11/12/2011,USA,MO,Branson,Baddest Bench in the Midwest
7574,uspa/0160,USPA,11/19/2011,USA,NY,Niagara Falls,New York State Powerlifting Championship
7575,uspa/0161,IPL,11/30/2011,USA,NV,Las Vegas,IPL World PL BP DL Championships
7576,uspa/0162,USPA,12/10/2011,USA,CA,Modesto,NORCAL Powerlifting Championships
7577,uspa/0163,USPA,12/17/2011,USA,GA,Marietta,Dirty South Championships
7578,uspa/0165,USPA,1/7/2012,USA,TX,Victoria,Steve Goggins Classic Championships
7579,uspa/0166,USPA,1/14/2012,USA,CA,Camp Pendleton,Camp Pendleton Open
7580,uspa/0167,USPA,1/28/2012,USA,ME,Bangor,Maine State Powerlifting and Benchpress Championship
7581,uspa/0168,USPA,1/28/2012,USA,CA,Los Angeles,American PL Cup and LA Fit Expo BP/DL
7582,uspa/0169,USPA,1/29/2012,USA,CA,Los Angeles,Mendy Benchpress Classic
7583,uspa/0170,USPA,2/18/2012,USA,CA,Concord,West Coast Open Powerlifting Championship
7584,uspa/0171,USPA,2/18/2012,USA,NY,Buffalo,Red Brick Bench Press Championship IX
7585,uspa/0172,USPA,2/26/2012,USA,AZ,Mesa,Southwest Desert Powerlifting Classic
7586,uspa/0173,USPA,3/24/2012,USA,CA,Corona,California State Powerlifting Benchpress and Deadlift Championship
7587,uspa/0174,USPA,3/31/2012,USA,FL,Callahan,IronWorks Gym Push-Pull
7588,uspa/0175,USPA,4/7/2012,USA,HI,Honolulu,Hawaii State Powerlifting Championship
7589,uspa/0176,USPA,4/14/2012,USA,CA,Fresno,California State Multiply and Fresno Raw Open Powerlifting and Benchpress Championship
7590,uspa/0177,USPA,4/21/2012,USA,TX,Austin,Texas State Championships
7591,uspa/0178,USPA,4/22/2012,USA,CA,San Jose,Wild Iron Spring Classic Powerlifting Championship
7592,uspa/0179,USPA,4/28/2012,USA,MO,Branson,Southern Missouri Ironman
7593,uspa/0180,USPA,4/28/2012,USA,CA,Santa Barbara,Santa Barbara Powerlifting Championship
7594,uspa/0181,USPA,5/5/2012,USA,NV,Las Vegas,Las Vegas Open and SW Regional Powerlifting Championship
7595,uspa/0182,USPA,5/12/2012,USA,GA,Jonesboro,Georgia State Championship
7596,uspa/0183,USPA,5/19/2012,USA,MD,Baltimore,Baltimore Open Bench & Deadlift
7597,uspa/0184,USPA,5/26/2012,USA,CA,Santa Maria,Patriot Games Powerlifting Challenge
7598,uspa/0185,USPA,5/26/2012,USA,IN,Bloomington,Hoosier Fit Expo
7599,uspa/0186,USPA,5/27/2012,USA,FL,Port St Lucie,Memorial Day Thank the Troops Powerlifting Championship
7600,uspa/0187,USPA,6/9/2012,USA,WA,Kennewick,Washington State Freedom Classic Powerlifting
7601,uspa/0188,USPA,6/9/2012,USA,MN,Minneapolis,Minnesota State Powerlifting Championship
7602,uspa/0189,USPA,6/23/2012,USA,TX,Dallas,Johnnie Jackson Pro Push/Pull
7603,uspa/0190,USPA,6/29/2012,USA,CA,Costa Mesa,National PL BP DL Championship
7604,uspa/0191,USPA,6/23/2012,USA,MO,Blue Springs,Central States Open
7605,uspa/0192,USPA,7/14/2012,USA,NY,Angola,New York State Benchpress and Deadlift
7606,uspa/0193,USPA,7/14/2012,USA,CA,San Jose,North American Multiply and Classic Raw Powerlifting
7607,uspa/0194,USPA,7/28/2012,USA,TX,Austin,Jill Mills Classic Powerlifting
7608,uspa/0195,USPA,8/3/2012,USA,WY,Rock Springs,The Baddest Bench at the Big Show
7609,uspa/0196,USPA,8/3/2012,USA,WY,Rock Springs,Rocky Mountain Regional Powerlifting
7610,uspa/0197,USPA,8/5/2012,USA,FL,Port St Lucie,House of Pain Summer Classic
7611,uspa/0198,USPA,8/11/2012,USA,CA,Norwalk,Mid-Cities Push/Pull
7612,uspa/0199,USPA,8/12/2012,USA,NY,Oneonta,Central New York Open
7613,uspa/0200,USPA,8/18/2012,USA,AZ,Peoria,Arizona State Powerlifting
7614,uspa/0201,USPA,8/25/2012,USA,MO,West Plains,Don Rockenbach Memorial PLing Meet
7615,uspa/0202,USPA,8/25/2012,USA,HI,Honolulu,Hawaii State Benchpress and Deadlift
7616,uspa/0203,USPA,9/8/2012,USA,GA,Jonesboro,Southeast Regional
7617,uspa/0204,USPA,9/8/2012,USA,CA,Grass Valley,Sierra Nevada Open Powerlifting
7618,uspa/0205,USPA,9/15/2012,USA,CA,Long Beach,Southern California Open
7619,uspa/0206,USPA,9/28/2012,USA,NV,Las Vegas,Olympia Powerlifting Benchpress and Deadlift Invitational
7620,uspa/0207,USPA,10/7/2012,USA,CA,San Jose,San Jose Open
7621,uspa/0208,USPA,10/20/2012,USA,CA,San Luis Obispo,Central California Open
7622,uspa/0209,USPA,10/20/2012,USA,MN,Minneapolis,Halloween Havoc Push/Pull
7623,uspa/0210,USPA,10/27/2012,USA,TX,San Antonio,Texas Cup Powerlifting
7624,uspa/0211,USPA,10/27/2012,USA,CA,Sacramento,Halloween Spooktacular Push/Pull
7625,uspa/0212,USPA,11/3/2012,USA,MO,Blue Springs,Fall Classic
7626,uspa/0213,USPA,11/10/2012,USA,NY,Niagara Falls,New York State Powerlifting Championship
7627,uspa/0214,USPA,11/11/2012,USA,FL,Port St Lucie,Veterans Day Thank the Troops Powerlifting Championship
7628,uspa/0215,IPL,11/9/2012,USA,NV,Las Vegas,World Powerlifting Benchpress and Deadlift Championships
7629,uspa/0216,USPA,12/1/2012,USA,OR,Newport,West Coast Open Classic Raw Powerlifting
7630,uspa/0217,USPA,12/8/2012,USA,MD,Hagerstown,Larry Gerro Memorial Raw Powerlifting Championships
7631,uspa/0218,USPA,12/8/2012,USA,CA,Fresno,59th Iron Man Powerlifting and Benchpress Championships
7632,uspa/0219,USPA,12/15/2012,USA,TX,Victoria,Lift for Gifts
7633,uspa/0220,USPA,12/15/2012,USA,CA,Modesto,NorCal Championships
7634,uspa/0221,USPA,1/12/2013,USA,CA,San Jose,UCLA vs San Jose State Collegiate
7635,uspa/0222,USPA,1/12/2013,USA,CA,Oceanside,Camp Pendleton Open
7636,uspa/0223,USPA,1/19/2013,USA,CA,Los Angeles,American Cup
7637,uspa/0224,USPA,1/19/2013,USA,GA,Lithia Springs,Dirty South Powerlifting
7638,uspa/0225,USPA,2/9/2013,USA,CA,Concord,West Coast Open
7639,uspa/0226,USPA,2/16/2013,USA,NY,Buffalo,New York State Red Brick Bench Press Championship X
7640,uspa/0227,USPA,2/23/2013,USA,AZ,Peoria,Western Warrior Challenge
7641,uspa/0228,USPA,3/3/2013,USA,FL,Port St Lucie,Florida State Powerlifting Championships
7642,uspa/0229,USPA,3/16/2013,USA,CA,Corona,California State Powerlifting Benchpress Deadlift Championship
7643,uspa/0230,USPA,3/23/2013,USA,TX,Austin,Texas State Powerlifting
7644,uspa/0231,USPA,3/23/2013,USA,MO,Springfield,Midwest Show Me Classic
7645,uspa/0232,USPA,4/6/2013,USA,NV,Las Vegas,Nevada State and SW Regional
7646,uspa/0233,USPA,4/6/2013,USA,IL,Bloomington,Illinois State/Prairie Open Championships
7647,uspa/0234,USPA,4/6/2013,USA,HI,Honolulu,Hawaii State Championship
7648,uspa/0235,USPA,4/7/2013,USA,CA,San Jose,Wild Iron Spring Classic Powerlifting Championship
7649,uspa/0236,USPA,4/13/2013,USA,CA,Fresno,California State Multiply and Central California Classic Raw Powerlifting Championship
7650,uspa/0237,USPA,4/13/2013,USA,WA,Kennewick,Teufel Hunden Classic
7651,uspa/0238,USPA,4/27/2013,USA,CA,Santa Barbara,Santa Barbara Open
7652,uspa/0239,USPA,5/4/2013,USA,OH,Eaton,Midwest Regional Powerlifting Championship
7653,uspa/0240,USPA,5/11/2013,USA,WY,Cheyenne,Wyoming State Mountain West Regional Powerlifting Championship
7654,uspa/0241,USPA,5/18/2013,USA,UT,West Jordan,Utah State Rocky Mountain Regional Championship
7655,uspa/0242,USPA,5/18/2013,USA,KY,Lawrenceburg,Beast of the Bluegrass Championship
7656,uspa/0243,USPA,5/18/2013,USA,MD,Baltimore,Baltimore Open
7657,uspa/0244,USPA,5/25/2013,USA,AZ,Peoria,Southwest Desert Classic Powerlifting
7658,uspa/0245,USPA,5/26/2013,USA,FL,Port St Lucie,Florida Memorial Day Championship
7659,uspa/0246,USPA,6/1/2013,USA,GA,Lithia Springs,Georgia State Championships
7660,uspa/0247,USPA,6/1/2013,USA,MN,Minneapolis,Minnesota State Championships
7661,uspa/0248,USPA,6/8/2013,USA,OR,Medford,Oregon State and Northwest Championships
7662,uspa/0249,USPA,6/15/2013,USA,CA,Long Beach,Metroflex Classic Championships
7663,uspa/0250,USPA,6/15/2013,USA,MO,Blue Springs,Central States III
7664,uspa/0251,USPA,6/22/2013,USA,TX,San Antonio,Alamo Classic
7665,uspa/0252,USPA,6/29/2013,USA,CA,Santa Clara,North American Championship
7666,uspa/0253,USPA,6/29/2013,USA,MS,Hattiesburg,Deep South Powerlifting
7667,uspa/0254,USPA,7/12/2013,USA,NV,Las Vegas,National PL BP DL Championship
7668,uspa/0255,USPA,7/13/2013,USA,NY,Angola,New York State Benchpress and Deadlift III
7669,uspa/0256,USPA,7/27/2013,USA,PA,Allentown,Beast of the Northeast Benchpress and Deadlift
7670,uspa/0257,USPA,8/3/2013,USA,NM,Albuquerque,New Mexico Open
7671,uspa/0258,USPA,8/3/2013,USA,WA,Kennewick,Washington Summer Strength Wars
7672,uspa/0259,USPA,8/3/2013,USA,MS,Philadelphia,Central Mississippi Open
7673,uspa/0260,USPA,8/3/2013,USA,MO,Branson,Midwest Warrior Bench for Cash
7674,uspa/0261,USPA,8/10/2013,USA,CA,Norwalk,Mid-Cities Push/Pull
7675,uspa/0262,USPA,8/17/2013,USA,CO,Colorado Springs,Centennial Open
7676,uspa/0263,USPA,8/17/2013,USA,AZ,Peoria,Arizona State Powerlifting
7677,uspa/0264,USPA,8/24/2013,USA,OR,Corvallis,Downing's Gym Classic
7678,uspa/0265,USPA,8/24/2013,USA,NV,Las Vegas,Last Chance World Qualifier
7679,uspa/0266,USPA,8/25/2013,USA,FL,Port St Lucie,Florida Summer Classic
7680,uspa/0267,USPA,9/14/2013,USA,CA,Long Beach,Southern California Open
7681,uspa/0268,USPA,9/15/2013,USA,TX,Austin,Capital of Texas Open
7682,uspa/0269,USPA,9/21/2013,USA,CA,Grass Valley,Sierra Nevada Open
7683,uspa/0270,USPA,9/27/2013,USA,NV,Las Vegas,Olympia Powerlifting Benchpress and Deadlift Invitational
7684,uspa/0271,USPA,9/28/2013,USA,MD,Rosedale,Larry Garro Memorial Benchpress and Deadlift Championships
7685,uspa/0272,USPA,10/5/2013,USA,NY,Oneonta,Central New York Open
7686,uspa/0273,USPA,10/5/2013,USA,MO,Springfield,Midwest Monster Powerlifting
7687,uspa/0274,USPA,10/5/2013,USA,GA,Lithia Springs,Southeast Regional Powerlifting Championships
7688,uspa/0275,USPA,10/6/2013,USA,CA,San Jose,San Jose Open Powerlifting Championship
7689,uspa/0276,IPL,10/12/2013,Brazil,SP,,Brazil National Powerlifting Championships
7690,uspa/0277,USPA,10/12/2013,USA,HI,Honolulu,Hawaii All Raw Powerlifting Challenge
7691,uspa/0278,USPA,10/12/2013,USA,IL,Bloomington,Illinois State/Prairie Open Powerlifting Championship
7692,uspa/0279,USPA,10/12/2013,USA,CA,Camp Pendleton,Military/Law Enforcement Nationals
7693,uspa/0280,USPA,10/12/2013,USA,TX,Carrollton,Ross Shreves Classic
7694,uspa/0281,USPA,10/19/2013,USA,CA,San Luis Obispo,Central California Open
7695,uspa/0282,USPA,10/26/2013,USA,OH,Eaton,Buckeye State Monster Bash
7696,uspa/0283,USPA,10/27/2013,USA,CA,San Jose,Spartan Open
7697,uspa/0284,IPL,11/6/2013,USA,NV,Las Vegas,World Powerlifting Benchpress and Deadlift Championships
7698,uspa/0285,USPA,11/9/2013,USA,MO,Lee's Summit,Central States Fall Classic
7699,uspa/0286,USPA,11/9/2013,USA,NY,Niagara Falls,New York State Powerlifting Championship
7700,uspa/0287,USPA,11/10/2013,USA,FL,Port St Lucie,USPA Veterans Day Classic Powerlifting Championship
7701,uspa/0288,USPA,11/16/2013,USA,WA,Kennewick,USPA Washington State Raw Push-Pull Fall Classic
7702,uspa/0289,USPA,11/30/2013,USA,OR,Corvallis,West Coast Open
7703,uspa/0290,USPA,12/7/2013,USA,CA,Fresno,60th IronMan Powerlifting & Benchpress Championships
7704,uspa/0291,USPA,12/7/2013,USA,MN,Minneapolis,Minnesota Midwest Squat Championship
7705,uspa/0292,USPA,12/7/2013,USA,NC,Hickory,Southeast Open
7706,uspa/0293,USPA,12/14/2013,USA,TX,Round Rock,Bend the Bar Powerlifting Meet
7707,uspa/0294,USPA,12/14/2013,USA,GA,Lithia Springs,Biggest Deadlift in the South
7708,uspa/0295,USPA,12/14/2013,USA,CA,Modesto,NorCal Open Championships
7709,uspa/0296,USPA,1/11/2014,USA,CA,Camp Pendleton,USPA Camp Pendleton Open
7710,uspa/0297,USPA,1/18/2014,USA,NM,Albuquerque,Southwest Open
7711,uspa/0298,USPA,1/25/2014,USA,MS,Fulton,Power Zone Classic
7712,uspa/0299,USPA,1/25/2014,USA,CA,Los Angeles,USPA American Cup
7713,uspa/0300,USPA,2/1/2014,USA,PA,Allentown,Northeast Power Bowl
7714,uspa/0301,USPA,2/8/2014,USA,CA,Vacaville,Pacific Coast Open
7715,uspa/0302,USPA,2/8/2014,USA,OH,Dayton,Love 2 Lift Powerlifting Meet
7716,uspa/0303,USPA,2/15/2014,USA,WA,Kennewick,RAB Fitness Spring Fling
7717,uspa/0304,USPA,2/15/2014,USA,NY,Buffalo,Red Brick Bench Press Championship XI
7718,uspa/0305,USPA,2/22/2014,USA,ME,Bangor,Maine State Powerlifting Championships
7719,uspa/0306,USPA,2/22/2014,USA,AZ,Peoria,Western Warrior Powerlifting Challenge
7720,uspa/0307,USPA,3/15/2014,USA,MO,Springfield,Midwest 'Show Me' Classic Powerlifting
7721,uspa/0308,USPA,3/22/2014,USA,MD,Rosedale,Eastern Regional Open
7722,uspa/0309,USPA,3/22/2014,USA,NV,Las Vegas,Nevada State and SW Regional
7723,uspa/0310,USPA,3/29/2014,USA,CA,Anaheim,USPA California State Powerlifting Championships
7724,uspa/0311,USPA,3/29/2014,USA,FL,Fort Lauderdale,East Coast Championships
7725,uspa/0312,USPA,3/29/2014,USA,TX,Austin,Texas State Powerlifting
7726,uspa/0313,USPA,3/30/2014,USA,NC,Advance,Mash Mafia's Lift for Lisa
7727,uspa/0314,USPA,4/5/2014,USA,HI,Honolulu,Hawaii State Powerlifting Championship
7728,uspa/0315,USPA,4/26/2014,USA,CA,Westlake Village,Los Angeles Open
7729,uspa/0316,USPA,4/26/2014,USA,AZ,Peoria,Southwest Desert Classic Powerlifting
7730,uspa/0317,USPA,5/3/2014,USA,OH,Miamisburg,Midwest Regional Powerlifting Championship
7731,uspa/0318,USPA,5/3/2014,USA,CA,San Jose,Raw Collegiate Nationals
7732,uspa/0319,USPA,5/10/2014,USA,CO,Colorado Springs,Colorado State Open
7733,uspa/0320,USPA,5/17/2014,USA,CA,Merced,No Limit Best of the West Classic
7734,uspa/0321,USPA,5/17/2014,USA,KY,Lawrenceburg,Beast of the Bluegrass
7735,uspa/0322,USPA,5/17/2014,USA,UT,West Jordan,Rocky Mountain Regional Powerlifting Championship
7736,uspa/0323,USPA,5/24/2014,USA,FL,Melbourne,Florida State Powerlifting Championships
7737,uspa/0324,USPA,5/24/2014,USA,GA,Lithia Springs,Georgia State Powerlifting Championship
7738,uspa/0325,USPA,5/31/2014,USA,MN,Minneapolis,Minnesota State Powerlifting Championships
7739,uspa/0326,USPA,5/31/2014,USA,TX,El Paso,Sun City Classic
7740,uspa/0327,USPA,6/7/2014,USA,CA,Vacaville,Old Skool Iron Classic
7741,uspa/0328,USPA,6/7/2014,USA,NC,Hickory,Carolina Championships
7742,uspa/0329,USPA,6/7/2014,USA,TX,Brownsville,HardKnox Powerlifting Meet
7743,uspa/0330,USPA,6/7/2014,USA,PA,Allentown,Tri-State Powerlifting Championships
7744,uspa/0331,USPA,6/14/2014,USA,CA,Long Beach,Metroflex Classic
7745,uspa/0332,USPA,6/14/2014,USA,MO,Lee's Summit,Central States Powerlifting Championship
7746,uspa/0333,USPA,6/14/2014,USA,OR,Newport,Oregon State Open
7747,uspa/0334,USPA,6/21/2014,USA,TX,San Antonio,Jill Mills Alamo Classic
7748,uspa/0335,USPA,6/21/2014,USA,MS,Hattiesburg,Mississippi State Powerlifting Championships
7749,uspa/0336,USPA,6/21/2014,USA,CA,Santa Barbara,Santa Barbara Open
7750,uspa/0337,USPA,6/21/2014,USA,UT,Orem,Utah State Bench Press Deadlift
7751,uspa/0338,USPA,7/12/2014,USA,CA,San Jose,Iron Rebel Master Classic
7752,uspa/0339,USPA,7/12/2014,USA,MD,Baltimore,Baltimore Open Powerlifting Championships
7753,uspa/0340,USPA,7/18/2014,USA,CA,Las Vegas,National Powerlifting Championships
7754,uspa/0341,USPA,7/19/2014,USA,WV,Ghent,Coalfield War Games
7755,uspa/0342,USPA,7/19/2014,USA,MO,Springfield,Multiply Nationals
7756,uspa/0343,USPA,7/26/2014,USA,TX,Austin,Naturally Fit Expo Games
7757,uspa/0344,USPA,7/26/2014,USA,AZ,Showlow,IronWorks Powerlifting in the Pines
7758,uspa/0345,USPA,7/26/2014,USA,NY,Angola,New York State Benchpress Deadlift and IronMan Championships
7759,uspa/0346,USPA,10/2/2014,USA,CA,Mountain View,Boss of Bosses
7760,uspa/0347,USPA,8/10/2014,USA,OH,Cleveland,Gay Games Powerlifting Championships
7761,uspa/0348,USPA,8/16/2014,USA,IL,Bloomington,Illinois State Powerlifting Championship
7762,uspa/0349,USPA,8/16/2014,USA,CA,Norwalk,Mid Cities Benchpress and Deadlift
7763,uspa/0350,USPA,8/16/2014,USA,WA,Kennewick,Washington State Summer Strength Wars
7764,uspa/0351,USPA,8/23/2014,USA,WV,Fairmont,Intense Barbell Powerlifting Classic
7765,uspa/0352,USPA,8/23/2014,USA,WY,Cheyenne,Mountain West Regional and Wyoming State Open
7766,uspa/0353,USPA,8/24/2014,USA,HI,Honolulu,Hawaii State Benchpress and Deadlift
7767,uspa/0354,USPA,8/24/2014,USA,FL,Port St Lucie,Treasure Coast Classic
7768,uspa/0355,USPA,8/30/2014,USA,KS,El Dorado,Great Plains Regional Powerlifting
7769,uspa/0356,USPA,9/6/2014,USA,NM,Albuquerque,New Mexico State Open Powerlifting Championships
7770,uspa/0357,USPA,9/6/2014,USA,UT,West Jordan,Rocky Mountain World Qualifier
7771,uspa/0358,USPA,9/13/2014,USA,AZ,Peoria,Arizona State Open Powerlifting
7772,uspa/0359,USPA,9/13/2014,USA,CA,Huntington Beach,RAF Open Powerlifting Meet
7773,uspa/0360,USPA,9/19/2014,USA,NV,Las Vegas,Mr Olympia Powerlifting Benchpress and Deadlift Invitational
7774,uspa/0361,USPA,9/20/2014,USA,OH,Dayton,Cold Feet Classic Powerlifting
7775,uspa/0362,USPA,9/20/2014,USA,OR,Corvallis,Downing's Gym Classic
7776,uspa/0363,USPA,9/20/2014,USA,CA,Grass Valley,Sierra Nevada Cup
7777,uspa/0364,USPA,9/21/2014,USA,TX,Austin,Capital of Texas Open
7778,uspa/0365,USPA,9/21/2014,USA,NV,Las Vegas,Nevada Desert Rampage Powerlifting Meet
7779,uspa/0366,USPA,9/27/2014,USA,MD,Rosedale,Larry Garro Powerlifting Open
7780,uspa/0367,USPA,9/27/2014,USA,MA,Scituate,Massachusetts State Open Powerlifting Championships
7781,uspa/0368,USPA,9/27/2014,USA,TX,McAllen,South Texas Regional
7782,uspa/0369,USPA,9/27/2014,USA,MO,Columbia,Strength Conditioning Factory Novice Powerlifting Meet
7783,uspa/0370,USPA,10/4/2014,USA,CA,Long Beach,Southern California Open Powerlifting Championships
7784,uspa/0371,USPA,10/11/2014,USA,HI,Honolulu,Hawaii Raw Power ELUA
7785,uspa/0372,USPA,10/11/2014,USA,MO,Springfield,Midwest Mini Monster Powerlifting
7786,uspa/0373,USPA,10/11/2014,USA,MN,Maplewood,Minnesota Nordic Cup
7787,uspa/0374,USPA,10/11/2014,USA,TX,Carrollton,Ross Shreves Classic
7788,uspa/0375,USPA,10/18/2014,USA,CA,Fresno,USPA Central California Open Powerlifting Championships
7789,uspa/0376,USPA,10/25/2014,USA,AZ,Phoenix,Phoenix Europa Powerlifting
7790,uspa/0377,USPA,10/25/2014,USA,WV,Fairmont,2nd Annual IBC Bar Fight Powerlifting Championships
7791,uspa/0378,USPA,10/25/2014,USA,TX,Spring,Houston Fall Classic
7792,uspa/0379,USPA,10/25/2014,USA,AL,Northport,Strong Inc's Battle of the Beasts
7793,uspa/0380,USPA,10/26/2014,USA,CA,San Jose,Spartan Open
7794,uspa/0381,USPA,11/1/2014,USA,MS,Waynesville,Wounded Warriors Lifting for Heroes Powerlifting
7795,uspa/0382,IPL,11/5/2014,USA,NV,Las Vegas,IPL World Powerlifting Benchpress and Deadlift Championships
7796,uspa/0383,USPA,11/8/2014,USA,IN,Richmond,Indiana-Ohio Border Wars
7797,uspa/0384,USPA,11/8/2014,USA,PA,Allentown,The Wounded Hero's Powerlifting Classic
7798,uspa/0385,USPA,11/15/2014,USA,FL,Port St Lucie,Veterans Day Classic
7799,uspa/0386,USPA,11/15/2014,USA,NY,Niagara Falls,New York State Powerlifting Championships
7800,uspa/0387,USPA,11/15/2014,USA,WA,Kennewick,USPA RAB Fitness Fall Brawl
7801,uspa/0388,USPA,11/22/2014,USA,NC,Hickory,Iron Fest Powerlifting Meet
7802,uspa/0390,USPA,12/6/2014,USA,GA,Lithia Springs,Dirty South Open Powerlifting and Biggest Deadlift in the South
7803,uspa/0391,USPA,12/6/2014,USA,MO,Kansas City,Strong Like a Bull Kansas City Powerlifting Championships
7804,uspa/0392,USPA,12/6/2014,USA,WV,Huntington,Thunder Throwdown
7805,uspa/0393,USPA,12/7/2014,USA,TX,Austin,Bend the Bar Power Meet
7806,uspa/0394,USPA,12/13/2014,USA,CA,Merced,NorCal Championships
7807,uspa/0395,USPA,12/13/2014,USA,WV,Morgantown,Power for a Purpose
7808,uspa/0396,USPA,12/13/2014,USA,OR,Newport,West Coast Regional Powerlifting Championships
7809,uspa/0397,USPA,12/20/2014,USA,MA,Scituate,Boston Benchpress
7810,uspa/0398,USPA,1/10/2015,USA,CA,Oceanside,Camp Pendleton Open
7811,uspa/0399,USPA,1/24/2015,USA,CA,San Jose,Raw Collegiate National Powerlifting Championships
7812,uspa/0400,USPA,1/24/2015,USA,MS,Hattiesburg,Revolution Fitness Open Powerlifting Championships
7813,uspa/0401,USPA,1/31/2015,USA,TX,San Antonio,Explosive Sports Powerlifting Meet
7814,uspa/0402,USPA,2/7/2015,USA,CA,Los Angeles,American Cup Los Angeles Fit Expo
7815,uspa/0403,USPA,2/7/2015,USA,WV,South Charleston,The Strong Box PRO/AM
7816,uspa/0404,USPA,2/14/2015,USA,WA,Kennewick,RAB Fitness Spring Fling
7817,uspa/0405,USPA,2/14/2015,USA,CA,Bakersfield,Valentine's Push-Pull
7818,uspa/0406,USPA,2/21/2015,USA,CA,Vacaville,Pacific Coast Open
7819,uspa/0407,USPA,2/21/2015,USA,KS,El Dorado,All American Benchpress Championship
7820,uspa/0408,USPA,2/21/2015,USA,OH,Dayton,Dirty Gym Love to Lift Open Powerlifting Meet
7821,uspa/0409,USPA,2/21/2015,USA,NY,Niagara Falls,Red Brick Benchpress XII Championship
7822,uspa/0410,USPA,2/21/2015,USA,AZ,Glendale,Western Warrior Powerlifting Challenge
7823,uspa/0411,USPA,2/28/2015,USA,AL,Northport,4th Annual Lifting for a Miracle
7824,uspa/0412,USPA,2/28/2015,USA,NM,Albuquerque,Southwest Open Powerlifting Championships
7825,uspa/0413,USPA,2/28/2015,USA,PA,Washington,Western Pennsylvania Novice & National Qualifier
7826,uspa/0414,USPA,3/7/2015,USA,NY,Niagara Falls,Niagara Falls Winter Class IronMan
7827,uspa/0415,USPA,3/21/2015,USA,VA,Salem,Virginia Open Powerllifting Meet
7828,uspa/0416,USPA,3/21/2015,USA,NV,Las Vegas,Nevada State & Southwest Regional Powerlifting
7829,uspa/0417,USPA,3/21/2015,USA,CO,Denver,Colorado State Open
7830,uspa/0418,USPA,3/21/2015,USA,FL,Clearwater,Battle of the Bay Powerlifting
7831,uspa/0419,USPA,3/27/2015,USA,CA,Anaheim,California State Powerlifting Championships
7832,uspa/0420,USPA,3/28/2015,USA,MA,Rockland,Massachussetts-Rhode Island Open
7833,uspa/0421,USPA,3/28/2015,USA,MO,O'Fallon,Power Body USA Open
7834,uspa/0422,USPA,3/28/2015,USA,WY,Laramie,Wyoming High School Open
7835,uspa/0423,USPA,4/4/2015,USA,KS,Manhattan,Kansas Collegiate & Open Powerlifting Meet
7836,uspa/0424,USPA,4/11/2015,USA,CA,Merced,No Limit Best of the West Classic
7837,uspa/0425,USPA,4/18/2015,USA,CA,San Diego,San Diego Open
7838,uspa/0426,USPA,4/18/2015,USA,NY,Oneonta,Central New York Open
7839,uspa/0427,USPA,4/18/2015,USA,TX,San Antonio,Texas State Powerlifting Championships
7840,uspa/0428,USPA,4/25/2015,USA,HI,Honolulu,Hawaii State Powerlifting Championships
7841,uspa/0429,USPA,4/25/2015,USA,MO,Kansas City,Central States Powerlifting
7842,uspa/0430,USPA,4/25/2015,USA,MD,Frederick,Mid Atlantic Classic
7843,uspa/0431,USPA,4/25/2015,USA,TX,McAllen,Southern Open Championships
7844,uspa/0432,USPA,4/25/2015,USA,UT,Sandy,Utah State Open Powerlifting Championships
7845,uspa/0433,USPA,4/26/2015,USA,CA,Westlake Village,LA Open
7846,uspa/0434,USPA,5/1/2015,USA,FL,Orlando,Orlando Europa Expo
7847,uspa/0435,USPA,5/2/2015,USA,IL,Chicago,Chicago Fit Expo
7848,uspa/0436,USPA,5/2/2015,USA,AZ,Glendale,Femme Fatale Powerlifting Meet
7849,uspa/0437,USPA,5/2/2015,USA,WV,Charleston,West Virginia State Powerlifting Meet
7850,uspa/0438,USPA,5/9/2015,USA,NY,Niagara Falls,Western New York Powerlifting Championships
7851,uspa/0439,USPA,5/16/2015,USA,CA,San Diego,El Cajon Open
7852,uspa/0440,USPA,5/16/2015,USA,OH,Dayton,Midwest Regional Powerlifting Championships
7853,uspa/0441,USPA,5/23/2015,USA,CA,Irvine,California Collegiate & Orange County Open
7854,uspa/0442,USPA,5/23/2015,USA,TX,Spring,Gulf Coast Open
7855,uspa/0443,USPA,5/23/2015,USA,HI,Honolulu,Hawaii Qualifier Meet
7856,uspa/0444,USPA,5/30/2015,USA,CA,Vacaville,Old Skool Iron Classic
7857,uspa/0445,USPA,5/30/2015,USA,TN,Elizabethton,Eastern Tennessee Classic
7858,uspa/0446,USPA,5/30/2015,USA,TX,El Paso,Goliath Strength Classic
7859,uspa/0447,USPA,5/30/2015,USA,MS,Hattiesburg,Mississippi State Meet
7860,uspa/0448,USPA,5/31/2015,USA,WV,Bluefield,West Virgina-Virginia Benchpress Championship
7861,uspa/0449,USPA,6/6/2015,USA,FL,Port St Lucie,National Benchpress & Deadlift Championships
7862,uspa/0450,USPA,6/6/2015,USA,TX,Austin,Austin Simply Fit Open Naturally Fit Games Powerlifting Open
7863,uspa/0452,USPA,6/6/2015,USA,CA,Bakersfield,Here comes the Boom Push-Pull
7864,uspa/0453,USPA,6/6/2015,USA,WY,Laramie,Wyoming State and Mountain West Regional
7865,uspa/0454,USPA,6/13/2015,USA,CA,San Jose,Iron Rebel Open Classic San Jose Fit Expo
7866,uspa/0455,USPA,6/13/2015,USA,GA,Lithia Springs,Georgia State Powerlifting Championships
7867,uspa/0456,USPA,6/13/2015,USA,HI,Honolulu,Hawaii Fit Expo Raw Powerlifting
7868,uspa/0457,USPA,6/13/2015,USA,MO,Waynesville,Irontown Classic
7869,uspa/0458,USPA,6/13/2015,USA,MN,Maplewood,Minnesota State Powerlifting Championships
7870,uspa/0459,USPA,6/13/2015,USA,OR,Newport,Oregon State Open
7871,uspa/0460,USPA,6/20/2015,USA,CA,Santa Barbara,Santa Barbara Open
7872,uspa/0461,USPA,6/27/2015,USA,WV,Fairmont,2nd Annual IBC Classic
7873,uspa/0462,USPA,6/27/2015,USA,KS,El Dorado,Thunderhead Open
7874,uspa/0463,USPA,7/10/2015,USA,NV,Las Vegas,National Powerlifting Championships
7875,uspa/0464,USPA,7/18/2015,USA,WV,Ghent,2nd Annual Coalfield War Games
7876,uspa/0465,USPA,7/18/2015,USA,TX,Brownsville,2nd Annual Hardknox Powerlifting Meet
7877,uspa/0467,USPA,7/25/2015,USA,TX,San Antonio,Jill Mills Alamo Classic
7878,uspa/0468,USPA,7/25/2015,USA,NC,Hickory,Tar Heel Open
7879,uspa/0469,USPA,8/1/2015,USA,MD,Columbia,Maryland State Powerlifting Championships
7880,uspa/0470,USPA,8/1/2015,USA,CA,Granada Hills,San Fernando Valley Open Benchpress & Deadlift
7881,uspa/0471,USPA,8/1/2015,USA,CA,San Jose,San Jose Open Benchpress & Deadlift
7882,uspa/0472,USPA,8/8/2015,USA,AZ,Glendale,Arizona State Powerlifting Championships
7883,uspa/0473,USPA,8/8/2015,USA,CA,Murrieta,Inland Empire Open
7884,uspa/0474,USPA,8/8/2015,USA,NY,Angola,New York State Benchpress/Deadlift/IronMan Championships
7885,uspa/0475,USPA,8/8/2015,USA,MS,D'lberville,Southern Elite Classic
7886,uspa/0476,USPA,8/15/2015,USA,WA,Kennewick,Washington State Summer Strength Wars
7887,uspa/0477,USPA,8/15/2015,USA,IL,Bloomington,Ilinois State Powerlifting Meet
7888,uspa/0478,USPA,8/15/2015,USA,NV,Las Vegas,Nevada Desert Rampage
7889,uspa/0479,USPA,8/15/2015,USA,CO,Colorado Springs,Pikes Peak Open
7890,uspa/0480,USPA,8/15/2015,USA,UT,West Jordan,Utah Benchpress Deadlift & PushPull
7891,uspa/0481,USPA,8/22/2015,USA,CA,Anaheim,Anaheim Fit Expo
7892,uspa/0482,USPA,8/22/2015,USA,OK,Oklahoma City,Oklahoma City Fit Expo
7893,uspa/0483,USPA,8/22/2015,USA,TX,Austin,Symbolic Muscle Classic
7894,uspa/0484,USPA,8/22/2015,USA,KY,Lexington,Bourbon Barbell Bash
7895,uspa/0485,USPA,8/29/2015,USA,CA,Mountain View,Boss of Bosses 2
7896,uspa/0487,USPA,8/29/2015,USA,MO,O'Fallon,Powerbody USA Summer Bash
7897,uspa/0488,USPA,8/29/2015,USA,VA,Lynchburg,Virginia State Powerlifting Championships
7898,uspa/0490,USPA,9/5/2015,USA,NC,Mocksville,Mash Strength Spectacular Powerlifting
7899,uspa/0491,USPA,9/5/2015,USA,CA,Ventura,Ventura Open
7900,uspa/0492,USPA,9/12/2015,USA,OR,Corvallis,Downing's Gym Classic
7901,uspa/0493,USPA,9/12/2015,USA,NM,Albuquerque,New Mexico State Powerlifting Championships
7902,uspa/0494,USPA,9/12/2015,USA,UT,West Jordan,Rocky Mountain Regional
7903,uspa/0495,USPA,9/12/2015,USA,CA,Grass Valley,Sierra Nevada Cup
7904,uspa/0496,USPA,9/12/2015,USA,CA,Vista,Smash Weight Open
7905,uspa/0497,USPA,9/13/2015,USA,HI,Honolulu,Hawaii State Benchpress & Deadlift
7906,uspa/0498,USPA,9/18/2015,USA,NV,Las Vegas,Mr Olympia Pro Powerlifting Invitational
7907,uspa/0499,USPA,9/26/2015,USA,CA,Clovis,Central Valley Open
7908,uspa/0500,USPA,10/3/2015,USA,CA,Long Beach,Southern California Open Metroflex Gym
7909,uspa/0501,USPA,10/3/2015,USA,NY,Norwich,Evolve Fitness Fall Classic
7910,uspa/0502,USPA,10/3/2015,USA,TX,Spring,Houston Fall Classic
7911,uspa/0503,USPA,10/3/2015,USA,FL,Milton,The Bar Open Powerlifting Championships
7912,uspa/0504,USPA,10/10/2015,USA,AZ,Phoenix,Phoenix Europa Powerlifting
7913,uspa/0505,USPA,10/10/2015,USA,PA,Allentown,Competitive Edge Valor for Veterans Push-Pull Challenge
7914,uspa/0506,USPA,10/10/2015,USA,TX,Carrollton,Ross Shreves Classic
7915,uspa/0507,USPA,10/17/2015,USA,MO,Waynesville,2nd Annual Pulaski County Lifting for Heroes Powerlifting Meet
7916,uspa/0508,USPA,10/17/2015,USA,CA,Santa Maria,Central California Open
7917,uspa/0509,USPA,10/17/2015,USA,KS,Wichita,Great Plains Regional Powerlifting Championships II
7918,uspa/0510,USPA,10/17/2015,USA,AL,Northport,Strong Inc's Battle of the Beasts
7919,uspa/0511,USPA,10/18/2015,USA,CA,San Jose,Spartan Open
7920,uspa/0512,USPA,10/24/2015,USA,WV,Fairmont,3rd Annual IBC Bar Fight
7921,uspa/0513,USPA,10/24/2015,USA,HI,Honolulu,Hawaii All Raw Full Powerlifting Challenge 3
7922,uspa/0514,USPA,10/24/2015,USA,CA,Bakersfield,Night of the Living Deadlift
7923,uspa/0515,USPA,10/31/2015,USA,UT,Ogden,Dawn of the Dead Halloween Classic Push-Pull
7924,uspa/0516,USPA,10/31/2015,USA,VA,Vinton,Monster Bash
7925,uspa/0517,USPA,10/31/2015,USA,GA,Atlanta,American Open
7926,uspa/0518,IPL,11/1/2015,USA,GA,Atlanta,World Benchpress & Deadlift Championships
7927,uspa/0519,USPA,11/7/2015,USA,CA,Elk Grove,Sacramento Open
7928,uspa/0520,USPA,11/7/2015,USA,CA,El Centro,Sonoran Desert Open
7929,uspa/0521,USPA,11/7/2015,USA,OH,Dayton,The Ohio Cup
7930,uspa/0522,USPA,11/7/2015,USA,TX,Texas City,World City Classic
7931,uspa/0523,IPL,11/12/2015,USA,NV,Las Vegas,World Powerlifting Championships
7932,uspa/0524,USPA,11/14/2015,USA,NY,Niagara Falls,New York State Powerlifting Championships
7933,uspa/0525,USPA,11/21/2015,USA,MS,South Haven,Load the Bar Powerlifting Championships
7934,uspa/0526,USPA,11/22/2015,USA,FL,Port St Lucie,Thanksgiving Throwdown Powerlifting Meet
7935,uspa/0527,USPA,12/5/2015,USA,CA,El Cajon,El Cajon Open
7936,uspa/0528,USPA,12/5/2015,USA,KY,Lexington,Kentucky State Championships
7937,uspa/0529,USPA,12/5/2015,USA,TX,Mission,RGV Powerhouse Classic
7938,uspa/0530,USPA,12/5/2015,USA,MO,Kansas City,Strong Like Bull Powerlifting Championships
7939,uspa/0531,USPA,12/5/2015,USA,WA,Aberdeen,Washington State Mammoth Open
7940,uspa/0532,USPA,12/5/2015,USA,OR,Newport,Western Regional Powerlifting Championships
7941,uspa/0533,USPA,12/12/2015,USA,TX,Austin,Bend The Bar Power Meet
7942,uspa/0534,USPA,12/12/2015,USA,TX,Austin,Baddest Bench & Deadliest Deadlift in Texas
7943,uspa/0535,USPA,12/12/2015,USA,CA,Merced,NORCAL Championships
7944,uspa/0536,USPA,12/12/2015,USA,WV,Morgantown,Power for a Purpose Powerlifting Meet
7945,uspa/0537,USPA,12/19/2015,USA,CO,Broomfield,Snowball Open Powerlifting Meet
7946,uspa/0538,USPA,1/2/2016,USA,WA,Everett,Strength of Will Push Pull Meet
7947,uspa/0539,USPA,1/9/2016,USA,CA,Oceanside,Camp Pendleton Open
7948,uspa/0540,USPA,1/9/2016,USA,MS,Hattiesburg,Revolution Fitness Open Powerlifting Championships
7949,uspa/0541,USPA,1/9/2016,USA,NY,Niagara Falls,Niagara Falls Winter Class IronMan
7950,uspa/0542,USPA,1/9/2016,USA,CA,Woodland,The Woodland Open
7951,uspa/0543,USPA,1/16/2016,USA,NC,Raleigh,Raleigh Ruckus
7952,uspa/0544,USPA,1/23/2016,USA,CA,Los Angeles,American Cup Los Angeles Fit Expo
7953,uspa/0545,USPA,1/30/2016,USA,CA,San Jose,Raw Collegiate National Powerlifting Championships
7954,uspa/0546,USPA,1/30/2016,USA,TX,San Antonio,San Antonio Open
7955,uspa/0547,USPA,1/30/2016,USA,UT,Sandy,Utah Benchpress and Deadlift Championships
7956,uspa/0548,USPA,2/6/2016,USA,CA,Bakersfield,California State Benchpress & Deadlift Championships
7957,uspa/0549,USPA,2/6/2016,USA,HI,Waipahu,Arkaios Open Powerlifting Meet
7958,uspa/0550,USPA,2/13/2016,USA,NV,Las Vegas,Desert Valentine Powerlifting Meet
7959,uspa/0551,USPA,2/13/2016,USA,WA,Kennewick,RAB Fitness Pre Spring Fling
7960,uspa/0552,USPA,2/13/2016,USA,CA,Laguna Hills,South Orange County Open
7961,uspa/0553,USPA,2/20/2016,USA,CA,Vacaville,Pacific Coast Open
7962,uspa/0554,USPA,2/20/2016,USA,AL,Northport,Alabama Raw State Powerlifting Championships
7963,uspa/0555,USPA,2/20/2016,USA,TX,Austin,Big Tex Classic
7964,uspa/0556,USPA,2/20/2016,USA,OH,Dayton,Love to Lift Powerlifting Meet
7965,uspa/0557,USPA,2/20/2016,USA,WV,Charleston,Strong Box PRO/AM
7966,uspa/0558,USPA,2/20/2016,USA,AZ,Glendale,Western Warrior Powerlifting Challenge
7967,uspa/0559,USPA,2/26/2016,USA,FL,Clearwater,Battle of the Bay II Powerlifting
7968,uspa/0560,USPA,2/27/2016,USA,NM,Albuquerque,High Desert Regional Powerlifting Championships
7969,uspa/0561,USPA,2/27/2016,USA,HI,Honolulu,Mana Barbell Raw Challenge
7970,uspa/0562,USPA,2/27/2016,USA,KY,Winchester,Strode Station Open Powerlifting
7971,uspa/0563,USPA,2/27/2016,USA,WY,Casper,Wyoming Nationals Qualifier
7972,uspa/0564,USPA,2/29/2016,USA,WV,Fairmont,Layne Performance World Qualifier
7973,uspa/0565,USPA,3/5/2016,USA,OK,Oklahoma City,All American Powerlifting Championships
7974,uspa/0566,USPA,3/5/2016,USA,TX,Texas City,Mainland Mayhem Powerlifting Meet
7975,uspa/0567,USPA,3/5/2016,USA,CA,Chula Vista,South Bay Open
7976,uspa/0568,USPA,3/12/2016,USA,OR,Grants Pass,Southern Oregon Powerlifting Meet
7977,uspa/0569,USPA,3/12/2016,USA,PA,Allentown,Pennsylvania Powerlifting Championships
7978,uspa/0570,USPA,3/12/2016,USA,TX,Arlington,The Arlington Strength Raw Classic
7979,uspa/0571,USPA,3/18/2016,USA,CA,Whittier,California State Powerlifting Championships
7980,uspa/0572,USPA,3/19/2016,USA,MO,O'Fallon,2nd Annual PowerBody Powerlifting Meet
7981,uspa/0573,USPA,3/19/2016,USA,VA,Vinton,2nd Annual Virginia Open
7982,uspa/0574,USPA,3/19/2016,USA,FL,Pensacola,Iron Coast Classic Powerlifting Championships
7983,uspa/0575,USPA,3/26/2016,USA,MA,Scituate,Massachussetts-Rhode Island Open
7984,uspa/0576,USPA,3/26/2016,USA,AZ,Tucson,Southwest Shootout Powerlifting
7985,uspa/0577,USPA,4/2/2016,USA,CO,Denver,Colorado State Powerlifting Championships
7986,uspa/0578,USPA,4/2/2016,USA,CA,Elk Grove,Delta Valley Regional Valley Powerlifting
7987,uspa/0579,USPA,4/2/2016,USA,GA,Atlanta,Drug Tested-Georgia Open Powerlifting Championships
7988,uspa/0580,USPA,4/2/2016,USA,HI,Kapaa,Kauai Classic
7989,uspa/0581,USPA,4/9/2016,USA,KY,Florence,April Armageddon Powerlifting
7990,uspa/0582,USPA,4/9/2016,USA,CA,Long Beach,Liz Freel Deadlift Classic
7991,uspa/0583,USPA,4/9/2016,USA,NY,Niagara Falls,Western New York Powerlifting Championships
7992,uspa/0584,USPA,4/16/2016,USA,CA,Merced,No Limit Best of the West Classic
7993,uspa/0585,USPA,4/16/2016,USA,OH,Tallmadge,Battle of the Great Lakes Powerlifting Championships
7994,uspa/0586,USPA,4/16/2016,USA,NY,Oneonta,Central New York Pro/Am
7995,uspa/0587,USPA,4/16/2016,USA,OH,Dayton,Dirty Gym Record Breakers
7996,uspa/0588,USPA,4/23/2016,USA,NV,Las Vegas,Nevada State Powerlifting Championships
7997,uspa/0589,USPA,4/23/2016,USA,MD,Frederick,2nd Annual Mid Atlantic Classic
7998,uspa/0590,USPA,4/24/2016,USA,CA,Westlake Village,LA Open
7999,uspa/0591,IPL,4/29/2016,USA,UT,Sandy,Fit Con World Cup
8000,uspa/0592,USPA,4/29/2016,USA,FL,Orlando,Orlando Europa Expo
8001,uspa/0593,USPA,4/30/2016,USA,KS,Manhattan,Kansas State Collegiate Raw Championships
8002,uspa/0594,USPA,4/30/2016,USA,TX,San Antonio,Texas State Powerlifting Championships
8003,uspa/0595,USPA,4/30/2016,USA,CA,San Diego,DCS Pack Open
8004,uspa/0596,USPA,4/30/2016,USA,MT,Billings,Montana State Open
8005,uspa/0597,USPA,5/7/2016,USA,CA,Vacaville,Old Skool Iron Classic
8006,uspa/0598,USPA,5/7/2016,USA,NE,Omaha,Nebraska State Raw Championships
8007,uspa/0599,USPA,5/7/2016,USA,MS,D'lberville,Southern Elite Push-Pull
8008,uspa/0600,USPA,5/7/2016,USA,WV,Hurricane,West Virginia State Powerlifting Meet
8009,uspa/0601,USPA,5/14/2016,USA,CA,Anaheim,Drug Tested California State/West Coast Collegiate Open
8010,uspa/0602,USPA,5/14/2016,USA,WA,Lynden,Conquer The Bar
8011,uspa/0603,USPA,5/14/2016,USA,TX,Houston,Gulf Coast Open
8012,uspa/0604,USPA,5/14/2016,USA,NC,Raleigh,North Carolina State Powerlifting Championships
8013,uspa/0605,USPA,5/21/2016,USA,CA,San Jose,San Jose Fit Expo
8014,uspa/0606,USPA,5/21/2016,USA,MO,Kansas City,Central States Powerlifting Championships
8015,uspa/0607,USPA,5/21/2016,USA,TX,Fort Worth,Clash of the Barbarians
8016,uspa/0608,USPA,5/21/2016,USA,GA,Atlanta,Georgia State Powerlifting Championships
8017,uspa/0609,USPA,5/21/2016,USA,CA,Imperial,Imperial Valley Open
8018,uspa/0610,USPA,5/21/2016,USA,FL,Ocala,Ocala Power Bash
8019,uspa/0611,USPA,5/28/2016,USA,TX,El Paso,Goliath Powerllifting Classic
8020,uspa/0612,USPA,5/28/2016,USA,AL,Decatur,Protocol's Power Challenge
8021,uspa/0613,USPA,5/28/2016,USA,CA,Ventura,Ventura Summer Powerlifting Bash
8022,uspa/0614,USPA,6/4/2016,USA,CA,Vista,Smash Weight Open
8023,uspa/0615,USPA,6/4/2016,USA,TN,Elizabethton,2nd Annual Eastern Tennessee Classic
8024,uspa/0616,USPA,6/4/2016,USA,CA,Bakersfield,Here comes the Boom Powerlifting
8025,uspa/0617,USPA,6/4/2016,USA,OH,Franklin,Midwest Regional Powerlifting Championships
8026,uspa/0618,USPA,6/4/2016,USA,TX,San Antonio,National Benchpress & Deadlift Championships
8027,uspa/0619,USPA,6/4/2016,USA,AZ,Glendale,Southwest Regional Powerlifting Championships
8028,uspa/0620,USPA,6/4/2016,USA,WA,Aberdeen,Washington State Open
8029,uspa/0621,USPA,6/5/2016,USA,WV,Bluefield,West Virginia/Virginia Benchpress and Deadlift
8030,uspa/0622,USPA,6/11/2016,USA,HI,Honolulu,Hawaii Fit Expo
8031,uspa/0623,USPA,6/11/2016,USA,WV,Charleston,Chasing Gold Powerlifting Benefit for Rick Young
8032,uspa/0624,USPA,6/11/2016,USA,CA,Long Beach,Metroflex Classic
8033,uspa/0625,USPA,6/18/2016,USA,CA,Los Angeles,Barbell Brigade Open
8034,uspa/0626,USPA,6/18/2016,USA,OR,Newport,Oregon State Powerlifting Championships
8035,uspa/0627,USPA,6/18/2016,USA,MO,Waynesville,Irontown Classic
8036,uspa/0628,USPA,6/18/2016,USA,NY,Angola,Mickey Rats New York State Benchpress and Deadlift Championships
8037,uspa/0629,USPA,6/18/2016,USA,CA,Santa Cruz,Surf City Open
8038,uspa/0630,USPA,6/18/2016,USA,IN,Indianapolis,The Battle of Brigade Styner
8039,uspa/0631,USPA,6/18/2016,USA,MT,Kalispell,Western Montana Classic
8040,uspa/0632,USPA,6/18/2016,USA,WY,Laramie,Wyoming State and Mountain West Regional
8041,uspa/0633,USPA,6/25/2016,USA,IL,Rosemont,Chicago Fit Expo
8042,uspa/0634,USPA,6/25/2016,USA,TX,Austin,Naturally Fit Games Austin Open
8043,uspa/0635,USPA,6/25/2016,USA,WV,Fairmont,3rd Annual IBC Classic
8044,uspa/0636,USPA,6/25/2016,USA,AK,Anchorage,Meet of the Midnight Sun
8045,uspa/0637,USPA,6/25/2016,USA,NV,Reno,Silver State Open
8046,uspa/0638,USPA,6/25/2016,USA,FL,Tampa,Jenn Rotsinger Women's Empowerment Weekend
8047,uspa/0639,USPA,6/26/2016,USA,FL,Tampa,Jenn Rotsinger Women's Empowerment Weekend Drug Tested
8048,uspa/0640,USPA,7/2/2016,USA,CA,Santa Clara,Silicon Valley Benchpress for Cash
8049,uspa/0641,USPA,7/2/2016,USA,TX,Arlington,Southern Barbelle Classic
8050,uspa/0642,USPA,7/8/2016,USA,NV,Las Vegas,National Powerlifting Championships
8051,uspa/0643,USPA,7/9/2016,Canada,BC,Vancouver,Canadian Cup Vancouver Pro-Am and Expo
8052,uspa/0644,USPA,7/9/2016,USA,OK,Oklahoma City,Oklahoma City Fitness Expo
8053,uspa/0645,USPA,7/16/2016,USA,GA,Atlanta,Drug Tested National Powerlifting Championships
8054,uspa/0646,USPA,7/16/2016,USA,OH,Dayton,Summer Bash
8055,uspa/0647,USPA,7/16/2016,USA,UT,Murray,Utah State Powerlifting Championships
8056,uspa/0649,USPA,7/23/2016,USA,CA,Yuba City,Ironborn Summer Smash
8057,uspa/0650,USPA,7/23/2016,USA,IA,Davenport,QC Strength Expo
8058,uspa/0651,USPA,7/23/2016,USA,CA,Huntington Beach,RAF Open
8059,uspa/0652,USPA,7/23/2016,USA,KS,Topeka,Sunflower State Powerlifting Games
8060,uspa/0653,USPA,7/23/2016,USA,TX,San Antonio,Texas Cup
8061,uspa/0654,USPA,7/23/2016,USA,TX,El Paso,Wild West Push-Pull
8062,uspa/0655,USPA,7/30/2016,USA,CA,Northridge,San Fernando Valley Open
8063,uspa/0656,USPA,8/6/2016,USA,CA,Bakersfield,NASPOWER Record Breaker Powerlifting Championship
8064,uspa/0657,USPA,8/6/2016,USA,PA,Allentown,Northeast Regional Powerlifting Championships
8065,uspa/0658,USPA,8/6/2016,USA,OK,Oklahoma City,One Healthy Bod Fitness Expo
8066,uspa/0659,USPA,8/6/2016,USA,CA,San Jose,San Jose Open
8067,uspa/0660,USPA,8/6/2016,USA,MS,D'lberville,The Southern Elite Classic
8068,uspa/0661,USPA,8/13/2016,USA,CA,South Lake Tahoe,Lake Tahoe Classic
8069,uspa/0662,USPA,8/13/2016,USA,VA,Haymarket,NOVA Open
8070,uspa/0663,USPA,8/13/2016,USA,WA,Kennewick,Summer Strength Wars
8071,uspa/0664,USPA,8/13/2016,USA,IN,Indianapolis,The West Indy Showdown
8072,uspa/0665,USPA,8/14/2016,USA,VA,Haymarket,Drug Tested NOVA Open
8073,uspa/0666,USPA,8/20/2016,USA,AZ,Glendale,Arizona State Powerlifting Championships
8074,uspa/0667,USPA,8/20/2016,USA,TX,San Antonio,Barbee Classic
8075,uspa/0669,USPA,8/20/2016,USA,CO,Colorado Springs,Pikes Peak Open II
8076,uspa/0670,USPA,8/27/2016,USA,CA,Anaheim,Anaheim Fit Expo
8077,uspa/0671,USPA,8/27/2016,USA,IL,Springfield,Illinois State Powerlifting Championships
8078,uspa/0672,USPA,8/28/2016,USA,FL,Port St Lucie,Treasure Coast Classic
8079,uspa/0673,USPA,9/3/2016,USA,CA,San Deigo,DCS Fall Open
8080,uspa/0674,USPA,9/10/2016,USA,KY,Florence,2nd Annual Bourbon Barbell Bash
8081,uspa/0675,USPA,9/10/2016,USA,NY,Buffalo,Buffalo Fitness Expo
8082,uspa/0676,USPA,9/10/2016,USA,NV,Las Vegas,Desert Rampage
8083,uspa/0677,USPA,9/10/2016,USA,TX,Brownsville,Hardknox 2nd Annual Powerlifting Meet
8084,uspa/0678,USPA,9/10/2016,USA,UT,Murray,Rocky Mountain Regional Powerlifting Championships
8085,uspa/0679,USPA,9/10/2016,USA,GA,Atlanta,Southeast Regional Powerlifting Championships
8086,uspa/0680,USPA,9/16/2016,USA,NV,Las Vegas,Olympia Pro Powerlifting Invitational
8087,uspa/0681,USPA,9/17/2016,USA,OR,Springfield,Downing's Gym and Forever Strong Fall Classic
8088,uspa/0682,USPA,9/17/2016,USA,OH,Dayton,Cold Feet Classic Powerlifting
8089,uspa/0683,USPA,9/17/2016,USA,TX,Georgetown,House of Gainz Open
8090,uspa/0684,USPA,9/17/2016,USA,CA,San Jose,San Jose Novice Meet
8091,uspa/0685,USPA,9/17/2016,USA,CA,Grass Valley,Sierra Nevada Cup
8092,uspa/0686,USPA,9/24/2016,USA,CA,Rancho Cucamonga,Inland Empire Open
8093,uspa/0687,IPL,9/24/2016,USA,TX,San Antonio,IPL Benchpress & Deadlift Championships
8094,uspa/0688,USPA,9/24/2016,USA,CA,Vacaville,Lift for Hope Push/Pull
8095,uspa/0689,USPA,10/1/2016,USA,CA,Long Beach,Southern California Open
8096,uspa/0690,USPA,10/1/2016,USA,FL,Milton,The Bar Open Powerlifting Championships
8097,uspa/0691,USPA,10/8/2016,USA,NC,Hickory,USPA Hickory Classic
8098,uspa/0692,USPA,10/8/2016,USA,FL,Tampa,Hurricanes Are A Beach Bash
8099,uspa/0693,USPA,10/8/2016,USA,WY,Casper,Randy Lane Memorial Powerlifting Meet
8100,uspa/0694,USPA,10/8/2016,USA,AL,Northport,Strong Inc's Battle of the Beasts 2016
8101,uspa/0695,USPA,10/8/2016,USA,TX,Fort Worth,Unleash the Beast
8102,uspa/0696,USPA,10/8/2016,USA,HI,Honolulu,Hawaii Last Chance World Qualifier
8103,uspa/0697,USPA,10/15/2016,USA,CA,Bakersfield,Central California Open Powerlifting Championships
8104,uspa/0698,USPA,10/15/2016,USA,KS,Wichita,Great Plains Regional Powerlifting Championships III
8105,uspa/0699,USPA,10/15/2016,USA,AZ,Phoenix,Phoenix Europa Expo Powerlifting
8106,uspa/0700,USPA,10/15/2016,USA,MO,Waynesville,3rd Annual Red White and Blue Championships
8107,uspa/0701,USPA,10/15/2016,USA,AK,Anchorage,Alaska State Championships
8108,uspa/0702,USPA,10/15/2016,USA,CA,San Diego,Grinder Open
8109,uspa/0703,USPA,10/15/2016,USA,TX,Spring,Houston Fall Classic
8110,uspa/0704,USPA,10/15/2016,USA,ND,Williston,North Dakota State Open
8111,uspa/0705,USPA,10/22/2016,USA,CA,Grove,Sacramento Open
8112,uspa/0706,USPA,10/22/2016,USA,WV,Fairmont,4th Annual USPA Bar Fight
8113,uspa/0707,USPA,10/22/2016,USA,TX,El Paso,El Chuco Steel Classic
8114,uspa/0708,USPA,10/22/2016,USA,IA,Des Moines,Iowa State Powerlifting Championships
8115,uspa/0709,USPA,10/22/2016,USA,IA,Des Moines,Iowa State Powerlifting Championships
8116,uspa/0710,USPA,10/22/2016,USA,OH,Franklin,Ohio Powerlifting Championship
8117,uspa/0711,USPA,10/22/2016,USA,OH,Franklin,Ohio Powerlifting Championship
8118,uspa/0712,USPA,10/28/2016,USA,GA,Atlanta,Goggins Force Amateur Invitational
8119,uspa/0713,USPA,10/29/2016,USA,GA,Atlanta,Goggins Force Pro Invitational
8120,uspa/0714,USPA,10/29/2016,USA,UT,Ogden,Halloween Classic
8121,uspa/0715,USPA,10/29/2016,USA,UT,Ogden,Halloween Classic
8122,uspa/0716,USPA,10/29/2016,USA,PA,Allentown,Jacked-O-Lantern Classic
8123,uspa/0717,USPA,10/29/2016,USA,KY,Florence,Monster Ball Massacre
8124,uspa/0718,USPA,10/29/2016,USA,CA,San Jose,Spartan Push/Pull
8125,uspa/0719,USPA,10/29/2016,USA,CO,Parker,The Walking Deadlift
8126,uspa/0720,USPA,10/29/2016,USA,VA,Vinton,Monster Bash
8127,uspa/0721,USPA,10/29/2016,USA,VA,Vinton,Virginia State Championships
8128,uspa/0722,USPA,10/29/2016,USA,TX,Texas City,World City Classic
8129,uspa/0723,USPA,11/5/2016,USA,HI,Kapolei,Alakai CF Real Steel Lift Off
8130,uspa/0724,USPA,11/5/2016,USA,OH,Macedonia,13th Annual Big K Ohio Powerlifting Championships
8131,uspa/0725,USPA,11/5/2016,USA,OK,Oklahoma City,Brewhouse Barbell Classic
8132,uspa/0726,USPA,11/5/2016,USA,MD,Frederick,Maryland State Championship
8133,uspa/0727,USPA,11/5/2016,USA,FL,Tampa,Strength Camp Powerlifting Challenge
8134,uspa/0728,USPA,11/6/2016,USA,CA,Westlake Village,Conejo Valley Open
8135,uspa/0729,USPA,11/12/2016,USA,MS,Southaven,Reload the Bar Powerlifting Championships
8136,uspa/0730,IPL,11/10/2016,USA,NV,Las Vegas,IPL World Powerlifting Championships
8137,uspa/0731,USPA,11/19/2016,USA,NM,Albuquerque,New Mexico State Powerlifting Championships
8138,uspa/0732,USPA,11/19/2016,USA,LA,Marrero,Southern Strength Showcase
8139,uspa/0733,USPA,11/19/2016,USA,WA,Kennewick,Washington State Fall Brawl Powerlifting
8140,uspa/0734,USPA,11/20/2016,USA,FL,Port St Lucie,Thanksgiving Throwdown
8141,uspa/0736,USPA,12/3/2016,USA,OR,Newport,Western Regional Powerlifting Championships
8142,uspa/0737,USPA,12/3/2016,USA,CA,San Diego,Deadweight Open
8143,uspa/0738,USPA,12/3/2016,USA,CA,Santa Cruz,Jingle Jacked Powerlifting Meet
8144,uspa/0739,USPA,12/3/2016,USA,NY,Yorktown Heights,SMG's Westchester Rebellion
8145,uspa/0740,USPA,12/3/2016,USA,CO,Colorado Springs,Snowball Open II
8146,uspa/0741,USPA,12/3/2016,USA,WV,Fairmont,Holiday Havoc Powerlifting
8147,uspa/0742,USPA,12/4/2016,USA,WV,Fairmont,Drug Tested Holiday Havoc Powerlifting
8148,uspa/0743,USPA,12/10/2016,USA,TX,San Antonio,Bend The Bar
8149,uspa/0744,USPA,12/10/2016,USA,GA,Atlanta,Dirty South Powerlifting Championships
8150,uspa/0745,USPA,12/10/2016,USA,VA,Haymarket,Durable Holiday Classic
8151,uspa/0746,USPA,12/10/2016,USA,CA,Ventura,Holiday Festival of Strength
8152,uspa/0747,USPA,12/10/2016,USA,CA,Calimesa,Inland Empire Winter Open
8153,uspa/0748,USPA,12/10/2016,USA,KY,Louisville,Kentucky State Championships
8154,uspa/0749,USPA,12/10/2016,USA,WA,Aberdeen,Mammoth Open
8155,uspa/0750,USPA,12/10/2016,USA,MA,Scituate,Massachusetts-Rhode Island Open
8156,uspa/0751,USPA,12/10/2016,USA,CA,Merced,NORCAL Powerlifting Championships
8157,uspa/0752,USPA,12/10/2016,USA,MO,Kansas City,Strong Like Bull Powerlifting Championships
8158,uspa/0753,USPA,12/17/2016,USA,IN,Indianapolis,Best of the West
8159,uspa/0754,USPA,12/17/2016,USA,AL,Gardendale,North Jefferson Powerlifting Championship
8160,uspa/0755,USPA,12/17/2016,USA,PA,Allentown,Yuletide Slay Bench Press/Deadlift Classic
8161,uspa/0756,USPA,12/18/2016,USA,NV,Las Vegas,SkillCon Powerlifting Competition
8162,uspa/0757,USPA,1/7/2017,USA,CA,Los Angeles,American Cup Los Angeles Fit Expo
8163,uspa/0758,USPA,1/7/2017,USA,NC,Raleigh,2nd Annual Raleigh Ruckus
8164,uspa/0759,USPA,1/7/2017,USA,CA,Yuba City,Sutter County Championship
8165,uspa/0760,USPA,1/14/2017,USA,MS,Hattiesburg,Revolution Fitness Powerlifting Championships
8166,uspa/0761,USPA,1/14/2017,USA,TX,Georgtown,Central Texas Open
8167,uspa/0762,USPA,1/14/2017,USA,WA,Everett,EGO Push/Pull
8168,uspa/0763,USPA,1/14/2017,USA,MO,O'Fallon,PowerBody Winter Classic Raw Meet
8169,uspa/0764,USPA,1/14/2017,USA,OH,Dayton,Proving Grounds
8170,uspa/0765,USPA,1/14/2017,USA,TN,Oak Ridge,Tennessee Open
8171,uspa/0766,USPA,1/14/2017,USA,WY,Pinedale,Wyoming Athlete Development Open
8172,uspa/0767,USPA,1/15/2017,USA,OH,Worthington,614 Throw Down
8173,uspa/0768,USPA,1/21/2017,USA,CA,Oceanside,Camp Pendleton Open
8174,uspa/0769,USPA,1/22/2017,USA,NV,Las Vegas,Drug Tested Nevada State Championships
8175,uspa/0770,USPA,2/5/2017,USA,CA,Bakersfield,NASPOWER Heart Breaker Powerlifting Championship
8176,uspa/0771,USPA,2/4/2017,USA,UT,Murray,Utah State Championships
8177,uspa/0772,USPA,2/4/2017,USA,NY,Williamsville,WNY Winter Classic
8178,uspa/0773,USPA,2/11/2017,USA,OR,Springfield,1st Annual Battle in the Valley
8179,uspa/0774,USPA,2/11/2017,USA,WV,Milton,3rd Annual Strong Box Pro-Am
8180,uspa/0775,USPA,2/11/2017,USA,TX,Corpus Christi,Corpus Christi Open
8181,uspa/0776,USPA,2/11/2017,USA,CA,San Diego,DCS Winter Open
8182,uspa/0777,USPA,2/11/2017,USA,OH,Dayton,Love to Lift Championships
8183,uspa/0778,USPA,2/18/2017,USA,AK,Palmer,Barbell Heartbreaker
8184,uspa/0779,USPA,2/18/2017,USA,CA,Whittier,Drug Tested Raw Collegiate Nationals
8185,uspa/0780,USPA,2/18/2017,USA,AZ,Surprise,Western Warrior Powerlifting Challenge
8186,uspa/0781,USPA,2/18/2017,USA,WA,Kennewick,Washington State Pre-Spring Fling
8187,uspa/0782,USPA,2/25/2017,USA,AL,Northport,Alabama State Championships
8188,uspa/0783,USPA,2/25/2017,USA,TX,Humble,All-In Powerlifting Meet
8189,uspa/0784,USPA,2/25/2017,USA,NY,Niagara Falls,Red Brick Bench Press Championships
8190,uspa/0785,USPA,2/25/2017,USA,SC,Columbia,South Carolina State Open
8191,uspa/0786,USPA,2/25/2017,USA,CA,Vacaville,Pacific Coast Open
8192,uspa/0787,USPA,3/3/2017,USA,FL,Tampa,Battle of the Bay 3
8193,uspa/0788,USPA,3/4/2017,USA,VA,Vinton,3rd Annual Virginia Open
8194,uspa/0789,USPA,3/4/2017,USA,HI,Wailuku,Maui Powerlifting Championships
8195,uspa/0790,USPA,3/4/2017,USA,OK,Broken Arrow,Oklahoma State Powerlifting Championships
8196,uspa/0791,USPA,3/4/2017,USA,UT,Salt Lake City,Utah Bench Press and Deadlift Open
8197,uspa/0793,USPA,3/5/2017,USA,MO,Columbia,Missouri Raw Collegiate Championships
8198,uspa/0794,USPA,3/11/2017,USA,CT,Derby,Connecticut Spring Classic
8199,uspa/0795,USPA,3/11/2017,USA,NV,Las Vegas,Nevada State Open Championships
8200,uspa/0796,USPA,3/11/2017,USA,KY,Winchester,2nd Annual Strode Station Open
8201,uspa/0797,USPA,3/11/2017,USA,TX,Austin,Queens of the Iron
8202,uspa/0798,USPA,3/11/2017,USA,OR,Grants Pass,Southern Oregon Iron Classic
8203,uspa/0799,USPA,3/18/2017,USA,MO,O'Fallon,3rd Powerbody USA Open
8204,uspa/0800,USPA,3/18/2017,USA,CA,Marysville,Marysville Mayhem Powerlifting Meet
8205,uspa/0801,USPA,3/18/2017,USA,CA,Chula Vista,South Bay Open
8206,uspa/0802,USPA,3/24/2017,USA,CA,Whittier,California State Powerlifting Championships
8207,uspa/0803,USPA,3/25/2017,USA,VA,Norfolk,SixKiller Open
8208,uspa/0804,USPA,3/25/2017,USA,FL,Milton,Bending the Bar Volume 1
8209,uspa/0805,USPA,3/25/2017,USA,TX,Fort Worth,Clash of the Barbarians
8210,uspa/0806,USPA,3/25/2017,USA,MA,Scituate,Massachusetts-Rhode Island Open Powerlifting Championships
8211,uspa/0807,USPA,3/25/2017,USA,PA,Allentown,Pennsylvania State Powerlifting Championships
8212,uspa/0808,USPA,3/25/2017,USA,NY,Yorktown Heights,SMG's March Mayhem
8213,uspa/0809,USPA,3/25/2017,USA,IN,Huntington,The Midwest Border Wars
8214,uspa/0810,USPA,4/1/2017,USA,CO,Colorado Springs,Colorado State Championships
8215,uspa/0811,USPA,4/1/2017,USA,CA,Santa Clarita,Drug Tested California State Powerlifting Championships
8216,uspa/0812,USPA,4/1/2017,USA,IA,Ankeny,22nd Street Barbell Open
8217,uspa/0813,USPA,4/1/2017,USA,ND,Williston,North Dakota Spring Power Fest
8218,uspa/0814,USPA,4/1/2017,USA,VA,Fairfax,Drug Tested Virginia is for Lifters
8219,uspa/0815,USPA,4/8/2017,USA,CA,San Jose,Golden State Open
8220,uspa/0816,USPA,4/8/2017,USA,OR,Sisters,The Oregon Outlaw Open
8221,uspa/0817,USPA,4/8/2017,USA,CA,Long Beach,Liz Freel Deadlift Classic
8222,uspa/0818,USPA,4/8/2017,USA,TX,Austin,Texas State Championships
8223,uspa/0819,USPA,4/8/2017,USA,OH,Tallmadge,The 20th Annual Battle of the Great Lakes
8224,uspa/0820,USPA,4/15/2017,USA,CA,Del Mar,CETC US Open Powerlifting Championships
8225,uspa/0821,USPA,4/15/2017,USA,CO,Greeley,Northern Colorado Bench Open Championships
8226,uspa/0822,USPA,4/15/2017,USA,NM,Rio Rancho,Southwest Iron Classic Powerlifting Championships
8227,uspa/0823,IPL,4/21/2017,USA,UT,Salt Lake City,FitCon World Cup
8228,uspa/0824,USPA,4/22/2017,USA,MD,Frederick,3rd Annual Mid Atlantic Classic
8229,uspa/0825,USPA,4/22/2017,USA,NY,Oneonta,Central New York Pro/Am
8230,uspa/0826,USPA,4/22/2017,USA,OH,Dayton,Record Breakers
8231,uspa/0827,USPA,4/23/2017,USA,CA,Westlake Village,LA Open
8232,uspa/0828,USPA,4/29/2017,USA,CA,Merced,No Limit Best of the West Classic
8233,uspa/0829,USPA,4/29/2017,USA,MO,Kansas City,Central States Powerlifting Championship
8234,uspa/0830,USPA,4/29/2017,USA,KY,Florence,Drug Tested April Armageddon
8235,uspa/0831,USPA,4/30/2017,USA,KS,Manhattan,Kansas State Collegiate Raw Championships
8236,uspa/0832,USPA,5/6/2017,USA,IL,Rosemont,Chicago Fit Expo
8237,uspa/0833,USPA,5/6/2017,USA,CA,San Diego,DCS Spring Open
8238,uspa/0834,USPA,5/6/2017,USA,NV,Las Vegas,Filthy Little Secret
8239,uspa/0835,USPA,5/6/2017,USA,MS,D'Iberville,Southern Elite Classic
8240,uspa/0836,USPA,5/6/2017,USA,WV,Princeton,West Virginia State Championship
8241,uspa/0837,USPA,5/13/2017,USA,GA,Atlanta,Drug-Tested National Powerlifting Championships
8242,uspa/0838,USPA,5/13/2017,USA,OH,Dayton,Buckeye Bash
8243,uspa/0839,USPA,5/13/2017,USA,CA,Atascadero,Central Coast Open
8244,uspa/0840,IPL,5/13/2017,USA,TX,Houston,Masters Cup
8245,uspa/0841,USPA,5/13/2017,USA,WA,Aberdeen,Washington State Open
8246,uspa/0842,USPA,5/13/2017,USA,NY,Niagara Falls,Western New York Powerlifting Championships
8247,uspa/0843,USPA,5/14/2017,USA,TX,Houston,Gulf Coast Open
8248,uspa/0844,IPL,5/20/2017,USA,FL,Orlando,Orlando INZER Europa
8249,uspa/0845,USPA,5/20/2017,USA,NY,Bohemia,Long Island Spring Showdown
8250,uspa/0846,USPA,5/20/2017,USA,CA,Vacaville,Old Skool Iron Classic
8251,uspa/0847,USPA,5/20/2017,USA,AZ,Surprise,Southwest Regional championships
8252,uspa/0848,USPA,5/20/2017,USA,TN,Johnson City,3rd Annual Eastern TN Powerlifting Classic
8253,uspa/0849,USPA,5/20/2017,USA,WA,Lynden,Conquer the Bar
8254,uspa/0850,USPA,5/20/2017,USA,CA,Imperial,Imperial Valley Open
8255,uspa/0851,USPA,5/20/2017,USA,MT,Billings,Magic City Fit Expo
8256,uspa/0852,USPA,5/27/2017,USA,CA,Long Beach,Bench Press Drive
8257,uspa/0853,USPA,5/27/2017,USA,NV,Las Vegas,Drug Tested Las Vegas Open
8258,uspa/0854,USPA,5/28/2017,USA,KS,Salina,Midwest Fitness Expo
8259,uspa/0855,USPA,6/3/2017,USA,CA,Bakersfield,NASPOWER Here Comes the Boom Powerlifting
8260,uspa/0856,USPA,6/3/2017,USA,CA,Vista,Smash Weight Open
8261,uspa/0857,USPA,6/3/2017,USA,NC,Fayetteville,Drug Tested Rhino Bash
8262,uspa/0858,USPA,6/3/2017,USA,AL,Huntsville,Empire of Renegades
8263,uspa/0859,USPA,6/3/2017,USA,AK,Palmer,Second Annual Meet of the Midnight Sun
8264,uspa/0860,USPA,6/3/2017,USA,TX,Austin,Texas Open Naturally Fit Games
8265,uspa/0862,USPA,6/10/2017,USA,HI,Honolulu,Hawaii Fit Expo
8266,uspa/0863,USPA,6/10/2017,USA,CT,South Windsor,Connecticut State Championships
8267,uspa/0864,USPA,6/10/2017,USA,CA,Lathrop,Savage Fit Open
8268,uspa/0865,USPA,6/10/2017,USA,WV,Fairmont,Drug Tested National Bench Press and Deadlift Championship
8269,uspa/0866,USPA,6/10/2017,USA,CA,Long Beach,Drug-Tested Metroflex Classic
8270,uspa/0867,USPA,6/11/2017,USA,WV,Fairmont,National Bench Press and Deadlift Championship
8271,uspa/0868,USPA,6/11/2017,USA,CA,Long Beach,Metroflex Classic
8272,uspa/0869,USPA,6/17/2017,USA,OR,Newport,Oregon State Powerlifting Championships
8273,uspa/0870,USPA,6/17/2017,USA,WA,Bremerton,Dungeon Fitness Summer Strength Classic
8274,uspa/0871,USPA,6/17/2017,USA,TX,Brownsville,Hardknox 3rd Annual Powerlifting Meet
8275,uspa/0872,USPA,6/17/2017,USA,CA,Ventura,The Dawg Days of Summer Showdown
8276,uspa/0873,USPA,6/17/2017,USA,MT,Kalispell,Western Montana Classic
8277,uspa/0874,USPA,6/17/2017,USA,WY,Laramie,Wyoming State and Mountain West Regional
8278,uspa/0875,USPA,6/18/2017,USA,CA,Niguel,JTS Open
8279,uspa/0876,USPA,6/18/2017,USA,FL,West Palm Beach,Sunshine State Games
8280,uspa/0877,USPA,6/24/2017,USA,FL,Tampa,The Jenn
8281,uspa/0878,USPA,6/24/2017,USA,CA,Santa Cruz,Surf City Open
8282,uspa/0879,USPA,6/24/2017,USA,WV,Fairmont,4th Annual IBC Classic
8283,uspa/0880,USPA,6/24/2017,USA,AR,Texarkana,Battle on the Border
8284,uspa/0881,USPA,6/24/2017,USA,GA,Martinez,Iron Cup
8285,uspa/0882,USPA,6/24/2017,USA,CA,Placentia,Orange County Deadlift Classic
8286,uspa/0883,USPA,6/24/2017,USA,IN,Plainfield,The Unbreakable Warrior
8287,uspa/0884,USPA,7/7/2017,USA,NV,Las Vegas,National Powerlifting Championships
8288,uspa/0885,USPA,7/15/2017,USA,TX,El Paso,3rd Annual Goliath Powerlifting Classic
8289,uspa/0886,USPA,7/15/2017,USA,KY,Bowling Green,Drug Tested Iron Warrior
8290,uspa/0887,USPA,7/15/2017,USA,UT,Murray,Multi-Ply National Championships
8291,uspa/0888,USPA,7/15/2017,USA,KS,Topeka,Sunflower State Games
8292,uspa/0889,USPA,7/22/2017,USA,OH,Dayton,Dirty Gym Summer Bash
8293,uspa/0890,USPA,7/22/2017,USA,VA,Lynchburg,Drug Tested Liberty Powerlifting Open
8294,uspa/0891,USPA,7/22/2017,USA,MO,West Plains,Drug Tested Midwest Powerlifting Championships
8295,uspa/0892,USPA,7/22/2017,USA,CA,Yuba City,Ironborn Summer Smash
8296,uspa/0893,USPA,7/22/2017,USA,OH,North Canton,Live Large Mid Summer Classic
8297,uspa/0894,USPA,7/22/2017,USA,IA,Davenport,Quad City Fit Expo
8298,uspa/0895,USPA,7/22/2017,USA,CA,Huntington Beach,RAF Open
8299,uspa/0896,USPA,7/29/2017,USA,CA,Los Angeles,Barbell Brigade Open Powerlifting Championship
8300,uspa/0897,IPL,7/29/2017,USA,CA,San Jose,San Jose Fit Expo
8301,uspa/0898,USPA,7/29/2017,USA,PA,Allentown,Northeast Regional Powerlifting Championships
8302,uspa/0899,USPA,7/29/2017,USA,VA,Fairfax,2nd Annual NOVA Open
8303,uspa/0900,USPA,7/29/2017,USA,OK,Broken Arrow,True Strength Open
8304,uspa/0901,USPA,8/5/2017,USA,MN,Burnsville,Bar Benders Minnesota Raw Championship
8305,uspa/0902,USPA,8/5/2017,USA,MD,Baltimore,Drug Tested Free State Open
8306,uspa/0903,USPA,8/5/2017,USA,NY,Angola,Mickey Rats Bench and Deadlift Championships
8307,uspa/0904,USPA,8/5/2017,USA,CA,Tulare,Mid-Cal Powerlifting Championship
8308,uspa/0905,USPA,8/5/2017,USA,AK,Soldotna,Riddle of Steel
8309,uspa/0906,USPA,8/12/2017,USA,GA,Atlanta,Georgia State Powerlifting Championships
8310,uspa/0907,USPA,8/12/2017,USA,CA,South Lake Tahoe,Lake Tahoe Classic
8311,uspa/0908,USPA,8/12/2017,USA,CA,Long Beach,Long Beach Open
8312,uspa/0909,USPA,8/12/2017,USA,TX,Lubbock,Reap What You Sow Barbell Classic
8313,uspa/0910,USPA,8/12/2017,USA,OR,Grants Pass,Summer Slam Powerlifting Meet
8314,uspa/0911,USPA,8/13/2017,USA,NY,Rochester,New York State Deadlift Championships
8315,uspa/0912,USPA,8/19/2017,USA,AZ,Surprise,Arizona State Championships
8316,uspa/0913,USPA,8/19/2017,USA,CA,Lancaster,Rumble in the Jungle
8317,uspa/0914,USPA,8/19/2017,USA,TN,Oak Ridge,Tennessee State Championship
8318,uspa/0915,USPA,8/19/2017,USA,TX,Houston,Time to Eat
8319,uspa/0916,USPA,8/19/2017,USA,WA,Kennewick,Washington State Summer Strength Wars
8320,uspa/0917,USPA,8/20/2017,USA,WA,Kennewick,Drug Tested Washington State Open
8321,uspa/0918,USPA,8/26/2017,USA,CA,Anaheim,Anaheim Fit Expo
8322,uspa/0919,USPA,8/26/2017,USA,IL,Bloomington,Illinois State Championship
8323,uspa/0920,USPA,8/26/2017,USA,NC,Raleigh,North Carolina State Championship
8324,uspa/0921,USPA,8/26/2017,USA,CO,Colorado Springs,Pikes Peak Open
8325,uspa/0922,USPA,8/26/2017,USA,NY,Yorktown Heights,SMG's Summer Throwdown
8326,uspa/0923,USPA,8/26/2017,USA,NM,Rio Rancho,Too Hot To Squat Bench/Deadlift Meet
8327,uspa/0924,USPA,8/26/2017,USA,AL,Birmingham,Ultimate Warrior Classic
8328,uspa/0925,USPA,8/27/2017,USA,FL,Port Saint Lucie,Treasure Coast Classic
8329,uspa/0926,USPA,9/2/2017,USA,MS,Hattiesburg,Mississippi Open Powerlifting Championships
8330,uspa/0927,USPA,9/2/2017,USA,CA,Grass Valley,Sierra Nevada Cup
8331,uspa/0928,USPA,9/2/2017,USA,IN,Indianapolis,The West Indy Showdown Vol. 2
8332,uspa/0929,USPA,9/3/2017,USA,CA,San Diego,San Diego Open
8333,uspa/0930,USPA,9/9/2017,USA,CA,Elk Grove,APS Open
8334,uspa/0931,USPA,9/9/2017,USA,KY,Florence,3rd Annual Bourbon Barbell Bash
8335,uspa/0932,USPA,9/9/2017,USA,UT,Sandy,Drug Tested Rocky Mountain Regional & World Qualifier
8336,uspa/0933,USPA,9/9/2017,USA,TX,Austin,Gods of Iron
8337,uspa/0934,USPA,9/9/2017,USA,AL,Gulf Shores,Gulf Coast Beach Classic
8338,uspa/0935,USPA,9/10/2017,USA,CT,Derby,Fall Classic
8339,uspa/0936,USPA,9/10/2017,USA,HI,Waipahu,MANApup Mentality Open
8340,uspa/0937,IPL,9/15/2017,USA,NV,Las Vegas,Olympia Pro Powerlifting
8341,uspa/0938,USPA,9/16/2017,USA,OR,Springfield,Downings Gym and Forever Strong Fall Classic
8342,uspa/0939,USPA,9/16/2017,USA,OK,Stillwater,B&V Body Works Open
8343,uspa/0940,USPA,9/16/2017,USA,OH,Dayton,Cold Feet Classic
8344,uspa/0941,IPL,9/16/2017,USA,WV,Charleston,Junior Cup
8345,uspa/0942,USPA,9/23/2017,USA,TX,San Antonio,Drug Tested Texas State Meet
8346,uspa/0943,USPA,9/23/2017,USA,CA,Vacaville,Lift for Hope
8347,uspa/0944,USPA,9/30/2017,USA,WV,Fairmont,5th Annual USPA Bar Fight
8348,uspa/0945,USPA,9/30/2017,USA,NV,Las Vegas,Desert Rampage
8349,uspa/0946,USPA,9/30/2017,USA,FL,Clearwater Beach,International Beach Games
8350,uspa/0947,USPA,9/30/2017,USA,NY,Clifton Park,Northeast Fall Throwdown
8351,uspa/0948,USPA,9/30/2017,USA,IL,Carol Stream,Power Surge
8352,uspa/0949,IPL,9/30/2017,USA,CA,San Diego,World Bench and Deadlift Championships
8353,uspa/0950,IPL,10/1/2017,USA,CA,San Diego,Drug Tested World Bench and Deadlift Championships
8354,uspa/0951,USPA,10/7/2017,USA,CA,Bakersfield,Central California Open Powerlifting Championship
8355,uspa/0952,USPA,10/7/2017,USA,CA,Long Beach,Drug Tested Southern California Open
8356,uspa/0953,USPA,10/7/2017,USA,NY,Bohemia,Long Island Columbus Day Classic
8357,uspa/0954,USPA,10/7/2017,USA,NC,Hickory,2nd Annual Hickory Classic
8358,uspa/0955,USPA,10/7/2017,USA,OH,Columbus,614 Show Down
8359,uspa/0956,USPA,10/7/2017,USA,AK,Anchorage,Alaska State Championships
8360,uspa/0957,USPA,10/7/2017,USA,CA,San Mateo,Barron of the Peninsula
8361,uspa/0958,USPA,10/7/2017,USA,WA,Redmond,Pacific Northwest Fall Classic
8362,uspa/0959,USPA,10/14/2017,USA,AZ,Phoenix,USPA-IPL Phoenix Europa
8363,uspa/0960,USPA,10/14/2017,USA,MO,Waynesville,4th Annual Red White and Blue Championships
8364,uspa/0961,USPA,10/14/2017,USA,CA,San Diego,DCS Fall Open
8365,uspa/0962,USPA,10/14/2017,USA,OR,Corvallis,Drug Tested Oregon State Championships
8366,uspa/0963,USPA,10/14/2017,USA,SC,Columbia,Drug Tested South Carolina State Championship
8367,uspa/0964,USPA,10/14/2017,USA,TX,Houston,Houston Fall Classic
8368,uspa/0965,USPA,10/14/2017,USA,PA,Allentown,Jacked-O-Lantern Classic
8369,uspa/0966,USPA,10/21/2017,USA,FL,Fort Lauderdale,USPA-IPL Fort Lauderdale Fit Expo
8370,uspa/0967,USPA,10/21/2017,USA,IA,Des Moines,Iowa State Championship
8371,uspa/0968,USPA,10/21/2017,USA,ND,Williston,North Dakota State Open
8372,uspa/0969,USPA,10/21/2017,USA,CA,Santa Cruz,The Jacked O'Ween Open
8373,uspa/0970,USPA,10/22/2017,USA,CA,Westlake Village,Conejo Valley Open
8374,uspa/0971,USPA,10/22/2017,USA,KS,Wichita,Great Plains Regional Powerlifting Championships
8375,uspa/0972,USPA,10/28/2017,USA,AL,Northport,Battle of the Beasts
8376,uspa/0973,USPA,10/28/2017,USA,CO,Parker,The Walking DEADlift 2
8377,uspa/0974,USPA,10/28/2017,USA,UT,Ogden,Dawn of the Dead Halloween Classic
8378,uspa/0975,USPA,10/28/2017,USA,GA,Atlanta,Goggins Force Pro/Open Invitational
8379,uspa/0976,USPA,10/28/2017,USA,AR,Searcy,Rhino Iron Massacre
8380,uspa/0977,USPA,10/28/2017,USA,AZ,Tucson,Tucson Strength Barbender
8381,uspa/0978,USPA,10/28/2017,USA,TX,Fort Worth,Unleash The Beast
8382,uspa/0979,USPA,10/28/2017,USA,VA,Vinton,Virginia State Championship
8383,uspa/0980,IPL,11/2/2017,USA,NV,Las Vegas,IPL Worlds
8384,uspa/0981,USPA,11/4/2017,USA,MS,Olive Branch,Reload the Bar Powerlifting Championships
8385,uspa/0982,USPA,11/5/2017,USA,NV,Reno,American Iron Championships
8386,uspa/0983,USPA,11/11/2017,USA,MD,Frederick,Maryland State Championship
8387,uspa/0984,IPL,11/11/2017,USA,OH,Dayton,Midwest Open
8388,uspa/0985,USPA,11/12/2017,USA,CA,Vista,Monger Mayhem
8389,uspa/0986,IPL,11/18/2017,USA,GA,Atlanta,Drug-Tested World Powerlifting Championships
8390,uspa/0987,USPA,11/18/2017,USA,CA,Cotati,Sonoma County Open
8391,uspa/0988,USPA,11/18/2017,USA,LA,Mandeville,Southern Strength Showcase II Amateur Day
8392,uspa/0989,USPA,11/19/2017,USA,LA,Mandeville,Southern Strength Showcase II Pro Day
8393,uspa/0991,USPA,11/18/2017,USA,VA,Tysons Corner,Drug Tested Mid-Atlantic Collegiate Invitational & NOVA Fall Classic
8394,uspa/0992,USPA,11/18/2017,USA,HI,Wailuku,Maui Bench Press and Deadlift Championships
8395,uspa/0993,USPA,11/18/2017,USA,NY,Niagara Falls,New York State Powerlifting Championships
8396,uspa/0994,USPA,11/18/2017,USA,AZ,Yuma,Sonoran Desert Open
8397,uspa/0995,USPA,11/19/2017,USA,FL,Port St Lucie,Thanksgiving Throwdown
8398,uspa/0996,USPA,12/2/2017,USA,CA,San Diego,Deadweight Open
8399,uspa/0997,USPA,12/2/2017,USA,OR,Newport,Western Regionals
8400,uspa/0998,USPA,12/2/2017,USA,CA,Signal Hill,Drug Tested Dominate The Hill Powerlifting Championship
8401,uspa/0999,USPA,12/2/2017,USA,OK,Lawton,Freedom Fitness Classic
8402,uspa/1000,USPA,12/2/2017,USA,KY,Louisville,Kentucky State Championship
8403,uspa/1001,USPA,12/2/2017,USA,WA,Aberdeen,Mammoth Open
8404,uspa/1002,USPA,12/2/2017,USA,SC,Summerville,Titus Strength Holiday Classic
8405,uspa/1003,USPA,12/2/2017,USA,WY,Pinedale,Wyoming Fall Classic
8406,uspa/1004,USPA,12/3/2017,USA,KS,Salina,Driven Fitness Center Powerlifting Championships
8407,uspa/1005,USPA,12/3/2017,USA,CA,Los Angeles,OC Strength Club Ugly Sock Holiday Deadlift
8408,uspa/1006,USPA,12/9/2017,USA,PA,Allentown,Yuletide Slay Bench Press/Deadlift Classic
8409,uspa/1007,USPA,12/9/2017,USA,FL,Gulf Breeze,The Battle of Midway
8410,uspa/1008,USPA,12/9/2017,USA,MO,Kansas City,Strong Like Bull Powerlifting Championships
8411,uspa/1009,USPA,12/9/2017,USA,CO,Englewood,Snowball Open
8412,uspa/1010,USPA,12/9/2017,USA,WA,Bremerton,Sleighin' Weights
8413,uspa/1011,USPA,12/9/2017,USA,NM,Albuquerque,New Mexico State Championships
8414,uspa/1012,USPA,12/9/2017,USA,CA,Bakersfield,NASPOWER Holiday Deadlift Championship
8415,uspa/1013,USPA,12/9/2017,USA,CA,Calimesa,Inland Empire Open
8416,uspa/1014,USPA,12/9/2017,USA,IN,Huntington,Indiana State Championships
8417,uspa/1015,USPA,12/9/2017,USA,FL,Safety Harbor,Florida Senior Games
8418,uspa/1016,USPA,12/9/2017,USA,CT,Windsor,Connecticut Lightning in Winter
8419,uspa/1017,USPA,12/9/2017,USA,CA,Lathrop,Central Valley Open
8420,uspa/1018,USPA,12/9/2017,USA,TX,San Antonio,Bend the Bar
8421,uspa/1019,USPA,12/9/2017,USA,WV,Fairmont,2nd Annual Holiday Havoc
8422,uspa/1020,USPA,12/9/2017,USA,CA,Ventura,Holiday Festival of Strength
8423,uspa/1021,USPA,12/9/2017,USA,HI,Kapolei,Alaka'i Real Steel Classic II
8424,uspa/1022,USPA,12/16/2017,USA,CA,Merced,Drug-Tested NorCal Powerlifting Championships
8425,uspa/1023,USPA,1/6/2018,USA,CA,Los Angeles,American Cup
8426,uspa/1024,USPA,1/6/2018,USA,NC,Raleigh,3rd Annual Raleigh Ruckus
8427,uspa/1025,USPA,1/13/2018,USA,MS,Hattiesburg,Revolution Fitness Powerlifting Championships
8428,uspa/1026,USPA,1/13/2018,USA,TN,Oak Ridge,2nd Annual Tennessee Open
8429,uspa/1027,USPA,1/13/2018,USA,CA,Salinas,Monterey County Open
8430,uspa/1028,USPA,1/13/2018,USA,TX,Austin,True Grind Open
8431,uspa/1029,USPA,1/14/2018,USA,KS,Manhattan,The Foundation's Best of the Midwest Pro/Am
8432,uspa/1030,USPA,1/20/2018,USA,CA,Oceanside,Camp Pendleton Open
8433,uspa/1031,USPA,1/20/2018,USA,VA,Lexington,Collegiate Raw Nationals
8434,uspa/1032,USPA,1/20/2018,USA,NV,Las Vegas,Drug Tested Nevada State Open Championship
8435,uspf/1701,USPF,4/1/2017,USA,WV,Parkersburg,WV State and Mountaineer Open
8436,uspf/1986-07-05,USPF,7/5/1986,USA,IL,Chicago,1986 USPF Men's US Championships
8437,uspf/1987-07-11,USPF,7/11/1987,USA,IL,Chicago,1987 USPF Men's US Championships
8438,uspf/1988-07-09,USPF,7/9/1988,USA,NV,Las Vegas,1988 USPF Men's US Championships
8439,uspf/1989-07-14,USPF,7/14/1989,USA,NV,Las Vegas,1989 USPF Men's US Championships
8440,uspf/1991-07-26,USPF,7/26/1991,USA,TX,Dallas,1991 USPF Men's US Championships
8441,welshpa/1701,WelshPA,2/18/2017,Wales,,,Welsh Championships
8442,wnpf/1601,WNPF,11/11/2016,USA,NJ,Bordentown,World Powerlifting Championships
8443,wpc-rus/1501,WPC,11/21/2015,Russia,,,SN PRO Open Cup
8444,wrpf/1501,WRPF,12/3/2015,Russia,,Moscow,WRPF World Championships 2015
8445,wrpf/1601,WRPF,11/19/2016,Russia,,Moscow,2016 WRPF Pro World Championships
8446,wrpf/1602,WRPF,11/15/2016,Russia,,Moscow,2016 WRPF Drug-Tested Amateur World Championships
8447,wrpf/1603,WRPF,11/17/2016,Russia,,Moscow,2016 WRPF Amateur World Championships
8448,wrpf/1604,WRPF,6/3/2016,Russia,,Moscow,Night Strength
8449,wrpf/1605,WRPF,8/19/2016,USA,CA,Mountain View,Boss of Bosses 3 Open
8450,wrpf/1606,WRPF,8/20/2016,USA,CA,Mountain View,Boss of Bosses 3 Invitational
8451,wrpf/1701,WRPF,2/18/2017,Russia,,Ekaterinburg,Drive Fitness Inter-Club Closed Tournament
8452,wrpf/1702,WRPF,4/29/2017,Kazakhstan,,Almaty,Asian Championship
8453,wrpf/1703,WRPF,5/1/2017,Kazakhstan,,Almaty,Asian Cup
8454,wrpf/1705,WRPF,2/17/2017,Russia,,Tyumen,Eurasian Championship
8455,wrpf/1706,WRPF,3/25/2017,Russia,,Moscow,Russian Championship
8456,wrpf/1707,WRPF,6/2/2017,Russia,,Moscow,European Championships
8457,wrpf/1708,WRPF,8/25/2017,USA,CA,Mountain View,Boss of Bosses 4 Open
8458,wrpf/1709,WRPF,8/26/2017,USA,CA,Mountain View,Boss of Bosses 4 Invitational
8459,wrpf/1710,WRPF,10/25/2017,Russia,,Moscow,2017 Amateur World Championships
8460,wrpf/1711,WRPF,10/28/2017,Russia,,Moscow,2017 Pro World Championships
8461,wrpf/1712,WRPF,10/21/2017,Russia,,Moscow,World Class Cup
8462,wrpf/1713,WRPF,7/1/2017,Colombia,,,Saulpower III
8463,wrpf/1714,WRPF,12/24/2017,Russia,,Ishim,Ishim Open Championship
8464,wrpf-aus/1701,WRPF-AUS,9/2/2017,Australia,TAS,Launceston,Down Under Classic
8465,wrpf-can/1701,WRPF-CAN,5/13/2017,Canada,,,Compétition du 13 Mai 2017
8466,wuap/1601,WUAP,11/20/2016,USA,IL,Peoria,IronFest Powerlifting and Benchpress Championships
8467,wuap/1701,WUAP,5/21/2017,USA,IL,Peoria,WUAP-USA National Championships
8468,xpc/2012-intl-open,XPC,3/4/2012,USA,OH,Columbus,XPC 2012 International Open
8469,xpc/2012-pro-bench,XPC,3/2/2012,USA,OH,Columbus,XPC 2012 Pro Bench Meet
8470,xpc/2012-pro-elite,XPC,3/3/2012,USA,OH,Columbus,XPC 2012 Pro Powerlifting
8471,xpc/2012-semifinals,XPC,10/27/2012,USA,OH,Columbus,2012 XPC Semi-Finals
8472,xpc/2013-arnold-bench,XPC,3/3/2013,USA,OH,Columbus,Arnold Bench Bash
8473,xpc/2013-multiply-open,XPC,3/3/2013,USA,OH,Canal Fulton,2013 XPC Multi-ply Open
8474,xpc/2014-classic-finals,XPC,3/3/2014,USA,OH,Columbus,2014 XPC Classic Powerlifting Finals
8475,xpc/2014-classic-semifinals,XPC,10/6/2014,USA,OH,Columbus,2014 XPC Classic Powerlifting Semi-Finals
8476,xpc/2014-multiply-finals,XPC,3/1/2014,USA,OH,Columbus,2014 XPC Arnold Multiply Finals
8477,xpc/2015-finals,XPC,3/6/2015,USA,OH,Columbus,2015 XPC
8478,xpc/2016-bench-freak-show,XPC,3/4/2016,USA,OH,Columbus,2016 XPC Bench Freak Show
8479,xpc/2016-elite-finals,XPC,3/4/2016,USA,OH,Columbus,2016 XPC Elite Finals
8480,xpc/2016-pro-finals,XPC,3/5/2016,USA,OH,Columbus,2016 XPC PRO Finals
8481,xpc/2017-finals,XPC,3/3/2017,USA,OH,Columbus,2017 XPC Finals
